[Licensing::Module] Trying to connect to existing licensing client channel...
[Licensing::IpcConnector] Successfully connected to the License Client on channel: "LicenseClient-ijuan" at "2026-06-03T10:00:45.7060897Z"
[Licensing::Client] Error: Code 10 while verifying Licensing Client signature (process Id: 5968, path: "C:/Program Files/Unity Hub/UnityLicensingClient_V1/Unity.Licensing.Client.exe")
[Licensing::Module] Error: LicensingClient has failed validation; ignoring
[Licensing::Client] Handshaking with LicensingClient:
  Version:                 1.17.4+4293ba1
  Session Id:              48e168c861d64ac4843fcb0cd291d712
  Correlation Id:          dae175f2da8df4211998ad686d7d9fe7
  External correlation Id: 2770402554594009202
  Machine Id:              gVJ6FeRbdgyjoE5vwQkvsLBPWB4=
[Licensing::Module] Successfully connected to LicensingClient on channel: "LicenseClient-ijuan" (connect: 0.00s, validation: 0.02s, handshake: 0.04s)
[Licensing::IpcConnector] Successfully connected to the License Notification on channel: "LicenseClient-ijuan-notifications" at "2026-06-03T10:00:45.7610479Z"
[Licensing::Module] Error: Access token is unavailable; failed to update
[Licensing::Client] Successfully updated license
Built from '6000.0/staging' branch; Version is '6000.0.37f1 (090b7797214c) revision 592759'; Using compiler version '193933523'; Build Type 'Release'
OS: 'Windows 11  (10.0.26200) 64bit Core' Language: 'es' Physical Memory: 16163 MB
[Licensing::Client] Successfully resolved entitlement details
[Licensing::Module] Serial number assigned to: "4674061739545-UnityPersXXXX"
BatchMode: 1, IsHumanControllingUs: 0, StartBugReporterOnCrash: 0, Is64bit: 1, IsPro: 0
[Licensing::Client] Successfully resolved entitlement details

COMMAND LINE ARGUMENTS:
C:\Program Files\Unity\Hub\Editor\6000.0.37f1\Editor\Unity.exe
-batchmode
-projectPath
C:\Users\ijuan\Animo
-executeMethod
FLOBUK.StoreSimulator.Editor.ShopMasterFullRequirementsPhase3Runner.Run
-logFile
C:\Users\ijuan\Animo\Documentos\Unity_PlayMode_FaseEmpleados_Phase3.log
Successfully changed project path to: C:\Users\ijuan\Animo
C:/Users/ijuan/Animo
[UnityMemory] Configuration Parameters - Can be set up in boot.config
    "memorysetup-bucket-allocator-granularity=16"
    "memorysetup-bucket-allocator-bucket-count=8"
    "memorysetup-bucket-allocator-block-size=33554432"
    "memorysetup-bucket-allocator-block-count=8"
    "memorysetup-main-allocator-block-size=16777216"
    "memorysetup-thread-allocator-block-size=16777216"
    "memorysetup-gfx-main-allocator-block-size=16777216"
    "memorysetup-gfx-thread-allocator-block-size=16777216"
    "memorysetup-cache-allocator-block-size=4194304"
    "memorysetup-typetree-allocator-block-size=2097152"
    "memorysetup-profiler-bucket-allocator-granularity=16"
    "memorysetup-profiler-bucket-allocator-bucket-count=8"
    "memorysetup-profiler-bucket-allocator-block-size=33554432"
    "memorysetup-profiler-bucket-allocator-block-count=8"
    "memorysetup-profiler-allocator-block-size=16777216"
    "memorysetup-profiler-editor-allocator-block-size=1048576"
    "memorysetup-temp-allocator-size-main=16777216"
    "memorysetup-job-temp-allocator-block-size=2097152"
    "memorysetup-job-temp-allocator-block-size-background=1048576"
    "memorysetup-job-temp-allocator-reduction-small-platforms=262144"
    "memorysetup-allocator-temp-initial-block-size-main=262144"
    "memorysetup-allocator-temp-initial-block-size-worker=262144"
    "memorysetup-temp-allocator-size-background-worker=32768"
    "memorysetup-temp-allocator-size-job-worker=262144"
    "memorysetup-temp-allocator-size-preload-manager=33554432"
    "memorysetup-temp-allocator-size-nav-mesh-worker=65536"
    "memorysetup-temp-allocator-size-audio-worker=65536"
    "memorysetup-temp-allocator-size-cloud-worker=32768"
    "memorysetup-temp-allocator-size-gi-baking-worker=262144"
    "memorysetup-temp-allocator-size-gi-baking-worker=262144"
    "memorysetup-temp-allocator-size-gi-baking-worker=262144"
    "memorysetup-temp-allocator-size-gi-baking-worker=262144"
    "memorysetup-temp-allocator-size-gi-baking-worker=262144"
    "memorysetup-temp-allocator-size-gfx=262144"
Player connection [23088]  Target information:

Player connection [23088]  * "[IP] 192.168.100.38 [Port] 55504 [Flags] 2 [Guid] 3482444162 [EditorId] 3482444162 [Version] 1048832 [Id] WindowsEditor(7,LAP-JUANDEJUAN) [Debug] 1 [PackageName] WindowsEditor [ProjectName] Editor" 

Player connection [23088]  * "[IP] 192.168.56.1 [Port] 55504 [Flags] 2 [Guid] 3482444162 [EditorId] 3482444162 [Version] 1048832 [Id] WindowsEditor(7,LAP-JUANDEJUAN) [Debug] 1 [PackageName] WindowsEditor [ProjectName] Editor" 

Player connection [23088] Host joined multi-casting on [225.0.0.222:54997]...
Player connection [23088] Host joined alternative multi-casting on [225.0.0.222:34997]...
Input System module state changed to: Initialized.
[Physics::Module] Initialized fallback backend.
[Physics::Module] Id: 0xdecafbad
[Package Manager] Connected to IPC stream "Upm-28916" after 0.4 seconds.
Library Redirect Path: Library/
[Package Manager] Restoring resolved packages state from cache
[Licensing::Client] Successfully resolved entitlement details
[Package Manager] Registered 57 packages:
  Packages from [https://packages.unity.com]:
    com.unity.ai.navigation@2.0.5 (location: C:\Users\ijuan\Animo\Library\PackageCache\com.unity.ai.navigation@9f76b145f0a8)
    com.unity.collab-proxy@2.12.4 (location: C:\Users\ijuan\Animo\Library\PackageCache\com.unity.collab-proxy@0b1559bcd34e)
    com.unity.ide.rider@3.0.31 (location: C:\Users\ijuan\Animo\Library\PackageCache\com.unity.ide.rider@7921be93db40)
    com.unity.ide.visualstudio@2.0.22 (location: C:\Users\ijuan\Animo\Library\PackageCache\com.unity.ide.visualstudio@8140e851d83e)
    com.unity.inputsystem@1.16.0 (location: C:\Users\ijuan\Animo\Library\PackageCache\com.unity.inputsystem@552acc76aabe)
    com.unity.test-framework@1.4.5 (location: C:\Users\ijuan\Animo\Library\PackageCache\com.unity.test-framework@0a21eb82d95c)
    com.unity.timeline@1.8.7 (location: C:\Users\ijuan\Animo\Library\PackageCache\com.unity.timeline@c58b4ee65782)
    com.unity.visualscripting@1.9.5 (location: C:\Users\ijuan\Animo\Library\PackageCache\com.unity.visualscripting@1b53f46e931b)
    com.unity.ext.nunit@2.0.5 (location: C:\Users\ijuan\Animo\Library\PackageCache\com.unity.ext.nunit@60ef35ffd3cd)
    com.unity.searcher@4.9.2 (location: C:\Users\ijuan\Animo\Library\PackageCache\com.unity.searcher@90d011a70418)
    com.unity.burst@1.8.19 (location: C:\Users\ijuan\Animo\Library\PackageCache\com.unity.burst@7a907cf5a459)
    com.unity.mathematics@1.3.2 (location: C:\Users\ijuan\Animo\Library\PackageCache\com.unity.mathematics@8017b507cc74)
    com.unity.collections@2.5.1 (location: C:\Users\ijuan\Animo\Library\PackageCache\com.unity.collections@56bff8827a7e)
    com.unity.nuget.mono-cecil@1.11.4 (location: C:\Users\ijuan\Animo\Library\PackageCache\com.unity.nuget.mono-cecil@d6f9955a5d5f)
    com.unity.test-framework.performance@3.0.3 (location: C:\Users\ijuan\Animo\Library\PackageCache\com.unity.test-framework.performance@fb0dc592af8b)
  Built-in packages:
    com.unity.2d.sprite@1.0.0 (location: C:\Users\ijuan\Animo\Library\PackageCache\com.unity.2d.sprite@072d7bd355e5)
    com.unity.multiplayer.center@1.0.0 (location: C:\Users\ijuan\Animo\Library\PackageCache\com.unity.multiplayer.center@f502d8ac613f)
    com.unity.render-pipelines.core@17.0.3 (location: C:\Users\ijuan\Animo\Library\PackageCache\com.unity.render-pipelines.core@89eb3bdcd743)
    com.unity.render-pipelines.universal@17.0.3 (location: C:\Users\ijuan\Animo\Library\PackageCache\com.unity.render-pipelines.universal@15fef0f41df6)
    com.unity.render-pipelines.universal-config@17.0.3 (location: C:\Users\ijuan\Animo\Library\PackageCache\com.unity.render-pipelines.universal-config@fa63c96d3e1a)
    com.unity.shadergraph@17.0.3 (location: C:\Users\ijuan\Animo\Library\PackageCache\com.unity.shadergraph@911117698220)
    com.unity.ugui@2.0.0 (location: C:\Users\ijuan\Animo\Library\PackageCache\com.unity.ugui@603b5c2e4e5a)
    com.unity.modules.accessibility@1.0.0 (location: C:\Program Files\Unity\Hub\Editor\6000.0.37f1\Editor\Data\Resources\PackageManager\BuiltInPackages\com.unity.modules.accessibility)
    com.unity.modules.ai@1.0.0 (location: C:\Program Files\Unity\Hub\Editor\6000.0.37f1\Editor\Data\Resources\PackageManager\BuiltInPackages\com.unity.modules.ai)
    com.unity.modules.androidjni@1.0.0 (location: C:\Program Files\Unity\Hub\Editor\6000.0.37f1\Editor\Data\Resources\PackageManager\BuiltInPackages\com.unity.modules.androidjni)
    com.unity.modules.animation@1.0.0 (location: C:\Program Files\Unity\Hub\Editor\6000.0.37f1\Editor\Data\Resources\PackageManager\BuiltInPackages\com.unity.modules.animation)
    com.unity.modules.assetbundle@1.0.0 (location: C:\Program Files\Unity\Hub\Editor\6000.0.37f1\Editor\Data\Resources\PackageManager\BuiltInPackages\com.unity.modules.assetbundle)
    com.unity.modules.audio@1.0.0 (location: C:\Program Files\Unity\Hub\Editor\6000.0.37f1\Editor\Data\Resources\PackageManager\BuiltInPackages\com.unity.modules.audio)
    com.unity.modules.cloth@1.0.0 (location: C:\Program Files\Unity\Hub\Editor\6000.0.37f1\Editor\Data\Resources\PackageManager\BuiltInPackages\com.unity.modules.cloth)
    com.unity.modules.director@1.0.0 (location: C:\Program Files\Unity\Hub\Editor\6000.0.37f1\Editor\Data\Resources\PackageManager\BuiltInPackages\com.unity.modules.director)
    com.unity.modules.imageconversion@1.0.0 (location: C:\Program Files\Unity\Hub\Editor\6000.0.37f1\Editor\Data\Resources\PackageManager\BuiltInPackages\com.unity.modules.imageconversion)
    com.unity.modules.imgui@1.0.0 (location: C:\Program Files\Unity\Hub\Editor\6000.0.37f1\Editor\Data\Resources\PackageManager\BuiltInPackages\com.unity.modules.imgui)
    com.unity.modules.jsonserialize@1.0.0 (location: C:\Program Files\Unity\Hub\Editor\6000.0.37f1\Editor\Data\Resources\PackageManager\BuiltInPackages\com.unity.modules.jsonserialize)
    com.unity.modules.particlesystem@1.0.0 (location: C:\Program Files\Unity\Hub\Editor\6000.0.37f1\Editor\Data\Resources\PackageManager\BuiltInPackages\com.unity.modules.particlesystem)
    com.unity.modules.physics@1.0.0 (location: C:\Program Files\Unity\Hub\Editor\6000.0.37f1\Editor\Data\Resources\PackageManager\BuiltInPackages\com.unity.modules.physics)
    com.unity.modules.physics2d@1.0.0 (location: C:\Program Files\Unity\Hub\Editor\6000.0.37f1\Editor\Data\Resources\PackageManager\BuiltInPackages\com.unity.modules.physics2d)
    com.unity.modules.screencapture@1.0.0 (location: C:\Program Files\Unity\Hub\Editor\6000.0.37f1\Editor\Data\Resources\PackageManager\BuiltInPackages\com.unity.modules.screencapture)
    com.unity.modules.terrain@1.0.0 (location: C:\Program Files\Unity\Hub\Editor\6000.0.37f1\Editor\Data\Resources\PackageManager\BuiltInPackages\com.unity.modules.terrain)
    com.unity.modules.terrainphysics@1.0.0 (location: C:\Program Files\Unity\Hub\Editor\6000.0.37f1\Editor\Data\Resources\PackageManager\BuiltInPackages\com.unity.modules.terrainphysics)
    com.unity.modules.tilemap@1.0.0 (location: C:\Program Files\Unity\Hub\Editor\6000.0.37f1\Editor\Data\Resources\PackageManager\BuiltInPackages\com.unity.modules.tilemap)
    com.unity.modules.ui@1.0.0 (location: C:\Program Files\Unity\Hub\Editor\6000.0.37f1\Editor\Data\Resources\PackageManager\BuiltInPackages\com.unity.modules.ui)
    com.unity.modules.uielements@1.0.0 (location: C:\Program Files\Unity\Hub\Editor\6000.0.37f1\Editor\Data\Resources\PackageManager\BuiltInPackages\com.unity.modules.uielements)
    com.unity.modules.umbra@1.0.0 (location: C:\Program Files\Unity\Hub\Editor\6000.0.37f1\Editor\Data\Resources\PackageManager\BuiltInPackages\com.unity.modules.umbra)
    com.unity.modules.unityanalytics@1.0.0 (location: C:\Program Files\Unity\Hub\Editor\6000.0.37f1\Editor\Data\Resources\PackageManager\BuiltInPackages\com.unity.modules.unityanalytics)
    com.unity.modules.unitywebrequest@1.0.0 (location: C:\Program Files\Unity\Hub\Editor\6000.0.37f1\Editor\Data\Resources\PackageManager\BuiltInPackages\com.unity.modules.unitywebrequest)
    com.unity.modules.unitywebrequestassetbundle@1.0.0 (location: C:\Program Files\Unity\Hub\Editor\6000.0.37f1\Editor\Data\Resources\PackageManager\BuiltInPackages\com.unity.modules.unitywebrequestassetbundle)
    com.unity.modules.unitywebrequestaudio@1.0.0 (location: C:\Program Files\Unity\Hub\Editor\6000.0.37f1\Editor\Data\Resources\PackageManager\BuiltInPackages\com.unity.modules.unitywebrequestaudio)
    com.unity.modules.unitywebrequesttexture@1.0.0 (location: C:\Program Files\Unity\Hub\Editor\6000.0.37f1\Editor\Data\Resources\PackageManager\BuiltInPackages\com.unity.modules.unitywebrequesttexture)
    com.unity.modules.unitywebrequestwww@1.0.0 (location: C:\Program Files\Unity\Hub\Editor\6000.0.37f1\Editor\Data\Resources\PackageManager\BuiltInPackages\com.unity.modules.unitywebrequestwww)
    com.unity.modules.vehicles@1.0.0 (location: C:\Program Files\Unity\Hub\Editor\6000.0.37f1\Editor\Data\Resources\PackageManager\BuiltInPackages\com.unity.modules.vehicles)
    com.unity.modules.video@1.0.0 (location: C:\Program Files\Unity\Hub\Editor\6000.0.37f1\Editor\Data\Resources\PackageManager\BuiltInPackages\com.unity.modules.video)
    com.unity.modules.vr@1.0.0 (location: C:\Program Files\Unity\Hub\Editor\6000.0.37f1\Editor\Data\Resources\PackageManager\BuiltInPackages\com.unity.modules.vr)
    com.unity.modules.wind@1.0.0 (location: C:\Program Files\Unity\Hub\Editor\6000.0.37f1\Editor\Data\Resources\PackageManager\BuiltInPackages\com.unity.modules.wind)
    com.unity.modules.xr@1.0.0 (location: C:\Program Files\Unity\Hub\Editor\6000.0.37f1\Editor\Data\Resources\PackageManager\BuiltInPackages\com.unity.modules.xr)
    com.unity.modules.subsystems@1.0.0 (location: C:\Program Files\Unity\Hub\Editor\6000.0.37f1\Editor\Data\Resources\PackageManager\BuiltInPackages\com.unity.modules.subsystems)
    com.unity.modules.hierarchycore@1.0.0 (location: C:\Program Files\Unity\Hub\Editor\6000.0.37f1\Editor\Data\Resources\PackageManager\BuiltInPackages\com.unity.modules.hierarchycore)
    com.unity.rendering.light-transport@1.0.1 (location: C:\Users\ijuan\Animo\Library\PackageCache\com.unity.rendering.light-transport@307bc27a498f)
[Physics::Module] Selected backend.
[Physics::Module] Name: PhysX
[Physics::Module] Id: 0xf2b8ea05
[Physics::Module] SDK Version: 4.1.2
[Physics::Module] Integration Version: 1.0.0
[Physics::Module] Threading Mode: Multi-Threaded
[Subsystems] No new subsystems found in resolved package list.
Package Manager log level set to [2]
[Package Manager] Done registering packages in 0.14 seconds
Refreshing native plugins compatible for Editor in 4.66 ms, found 4 plugins.
Preloading 0 native plugins for Editor in 0.00 ms.
Initialize engine version: 6000.0.37f1 (090b7797214c)
[Subsystems] Discovering subsystems at path C:/Program Files/Unity/Hub/Editor/6000.0.37f1/Editor/Data/Resources/UnitySubsystems
[Subsystems] Discovering subsystems at path C:/Users/ijuan/Animo/Assets
GfxDevice: creating device client; kGfxThreadingModeNonThreaded
Direct3D:
    Version:  Direct3D 11.0 [level 11.1]
    Renderer: NVIDIA GeForce RTX 3050 Ti Laptop GPU (ID=0x25a0)
    Vendor:   NVIDIA
    VRAM:     3962 MB
    Driver:   32.0.15.9186
[Licensing::Client] Successfully resolved entitlement details
Initialize mono
Mono path[0] = 'C:/Program Files/Unity/Hub/Editor/6000.0.37f1/Editor/Data/Managed'
Mono path[1] = 'C:/Program Files/Unity/Hub/Editor/6000.0.37f1/Editor/Data/MonoBleedingEdge/lib/mono/unityjit-win32'
Mono config path = 'C:/Program Files/Unity/Hub/Editor/6000.0.37f1/Editor/Data/MonoBleedingEdge/etc'
Using monoOptions --debugger-agent=transport=dt_socket,embedding=1,server=y,suspend=n,address=127.0.0.1:56916
Using cacheserver namespaces - metadata:defaultmetadata, artifacts:defaultartifacts
Using cacheserver namespaces - metadata:defaultmetadata, artifacts:defaultartifacts
ImportWorker Server TCP listen port: 0
AcceleratorClientConnectionCallback - disconnected - :0
Begin MonoManager ReloadAssembly
Registering precompiled unity dll's ...
Register platform support module: C:/Program Files/Unity/Hub/Editor/6000.0.37f1/Editor/Data/PlaybackEngines/WebGLSupport/UnityEditor.WebGL.Extensions.dll
Register platform support module: C:/Program Files/Unity/Hub/Editor/6000.0.37f1/Editor/Data/PlaybackEngines/WindowsStandaloneSupport/UnityEditor.WindowsStandalone.Extensions.dll
Registered in 0.004618 seconds.
- Loaded All Assemblies, in  0.537 seconds
Native extension for WindowsStandalone target not found
Native extension for WebGL target not found
Mono: successfully reloaded assembly
- Finished resetting the current domain, in  0.464 seconds
Domain Reload Profiling: 998ms
	BeginReloadAssembly (182ms)
		ExecutionOrderSort (0ms)
		DisableScriptedObjects (0ms)
		BackupInstance (0ms)
		ReleaseScriptingObjects (0ms)
		CreateAndSetChildDomain (1ms)
	RebuildCommonClasses (44ms)
	RebuildNativeTypeToScriptingClass (15ms)
	initialDomainReloadingComplete (64ms)
	LoadAllAssembliesAndSetupDomain (229ms)
		LoadAssemblies (178ms)
		RebuildTransferFunctionScriptingTraits (0ms)
		AnalyzeDomain (225ms)
			TypeCache.Refresh (222ms)
				TypeCache.ScanAssembly (201ms)
			BuildScriptInfoCaches (0ms)
			ResolveRequiredComponents (1ms)
	FinalizeReload (465ms)
		ReleaseScriptCaches (0ms)
		RebuildScriptCaches (0ms)
		SetupLoadedEditorAssemblies (417ms)
			LogAssemblyErrors (0ms)
			InitializePlatformSupportModulesInManaged (39ms)
			SetLoadedEditorAssemblies (5ms)
			BeforeProcessingInitializeOnLoad (66ms)
			ProcessInitializeOnLoadAttributes (225ms)
			ProcessInitializeOnLoadMethodAttributes (82ms)
			AfterProcessingInitializeOnLoad (0ms)
			EditorAssembliesLoaded (0ms)
		ExecutionOrderSort2 (0ms)
		AwakeInstancesAfterBackupRestoration (0ms)
[Licensing::Client] Successfully resolved entitlement details
Application.AssetDatabase Initial Refresh Start
Starting: C:\Program Files\Unity\Hub\Editor\6000.0.37f1\Editor\Data\bee_backend.exe --dont-print-to-structured-log --ipc --defer-dag-verification --dagfile="Library/Bee/1900b0aE.dag" --continue-on-failure --profile="Library/Bee/backend1.traceevents" ScriptAssemblies
WorkingDir: C:/Users/ijuan/Animo
DisplayProgressbar: Compiling Scripts
ExitCode: 0 Duration: 0s585ms
[636/808    0s] ILPP-Configuration Library/ilpp-configuration.nevergeneratedoutput
*** Tundra build success (0.54 seconds), 1 items updated, 808 evaluated
AssetDatabase: script compilation time: 1.261968s
Begin MonoManager ReloadAssembly
- Loaded All Assemblies, in  1.266 seconds
Refreshing native plugins compatible for Editor in 3.57 ms, found 4 plugins.
Native extension for WindowsStandalone target not found
Native extension for WebGL target not found
Refreshing native plugins compatible for Editor in 3.54 ms, found 4 plugins.
The project currently uses the compatibility mode where the Render Graph API is disabled. Support for this mode will be removed in future Unity versions. Migrate existing ScriptableRenderPasses to the new RenderGraph API. After the migration, disable the compatibility mode in Edit > Projects Settings > Graphics > Render Graph.
UnityEngine.Debug:ExtractStackTraceNoAlloc (byte*,int,string)
UnityEngine.StackTraceUtility:ExtractStackTrace ()
UnityEngine.DebugLogHandler:Internal_Log (UnityEngine.LogType,UnityEngine.LogOption,string,UnityEngine.Object)
UnityEngine.DebugLogHandler:LogFormat (UnityEngine.LogType,UnityEngine.Object,string,object[])
UnityEngine.Logger:Log (UnityEngine.LogType,object)
UnityEngine.Debug:LogWarning (object)
UnityEngine.Rendering.Universal.WarnUsingNonRenderGraph:EmitConsoleWarning () (at ./Library/PackageCache/com.unity.render-pipelines.universal@15fef0f41df6/Runtime/Data/UniversalRenderPipelineAsset.cs:427)
System.Reflection.RuntimeMethodInfo:Invoke (object,System.Reflection.BindingFlags,System.Reflection.Binder,object[],System.Globalization.CultureInfo)
System.Reflection.MethodBase:Invoke (object,object[])
UnityEditor.EditorAssemblies:ProcessInitializeOnLoadMethodAttributes ()

(Filename: ./Library/PackageCache/com.unity.render-pipelines.universal@15fef0f41df6/Runtime/Data/UniversalRenderPipelineAsset.cs Line: 427)

Mono: successfully reloaded assembly
- Finished resetting the current domain, in  5.060 seconds
Domain Reload Profiling: 6320ms
	BeginReloadAssembly (373ms)
		ExecutionOrderSort (0ms)
		DisableScriptedObjects (17ms)
		BackupInstance (0ms)
		ReleaseScriptingObjects (0ms)
		CreateAndSetChildDomain (159ms)
	RebuildCommonClasses (50ms)
	RebuildNativeTypeToScriptingClass (16ms)
	initialDomainReloadingComplete (45ms)
	LoadAllAssembliesAndSetupDomain (775ms)
		LoadAssemblies (530ms)
		RebuildTransferFunctionScriptingTraits (0ms)
		AnalyzeDomain (400ms)
			TypeCache.Refresh (287ms)
				TypeCache.ScanAssembly (268ms)
			BuildScriptInfoCaches (91ms)
			ResolveRequiredComponents (18ms)
	FinalizeReload (5061ms)
		ReleaseScriptCaches (0ms)
		RebuildScriptCaches (0ms)
		SetupLoadedEditorAssemblies (4794ms)
			LogAssemblyErrors (0ms)
			InitializePlatformSupportModulesInManaged (21ms)
			SetLoadedEditorAssemblies (4ms)
			BeforeProcessingInitializeOnLoad (191ms)
			ProcessInitializeOnLoadAttributes (4324ms)
			ProcessInitializeOnLoadMethodAttributes (246ms)
			AfterProcessingInitializeOnLoad (9ms)
			EditorAssembliesLoaded (0ms)
		ExecutionOrderSort2 (0ms)
		AwakeInstancesAfterBackupRestoration (10ms)
Asset Pipeline Refresh (id=f3e7c8a69e643144a862c55bae4d8e42): Total: 8.465 seconds - Initiated by InitialRefreshV2(ForceSynchronousImport)
	Summary:
		Imports: total=0 (actual=0, local cache=0, cache server=0)
		Asset DB Process Time: managed=0 ms, native=5735 ms
		Asset DB Callback time: managed=43 ms, native=0 ms
		Scripting: domain reloads=1, domain reload time=1345 ms, compile time=1264 ms, other=76 ms
		Project Asset Count: scripts=1344, non-scripts=2687
		Asset File Changes: new=0, changed=0, moved=0, deleted=0
		Scan Filter Count: 0
	InvokeCustomDependenciesCallbacks: 0.001ms
	InvokePackagesCallback: 3.159ms
	ApplyChangesToAssetFolders: 0.710ms
	Scan: 207.923ms
	OnSourceAssetsModified: 0.002ms
	CategorizeAssetsWithTransientArtifact: 73.531ms
	ProcessAssetsWithTransientArtifactChanges: 108.477ms
	CategorizeAssets: 71.971ms
	ImportOutOfDateAssets: 5081.660ms (3811.445ms without children)
		CompileScripts: 1264.190ms
		ReloadNativeAssets: 0.082ms
		UnloadImportedAssets: 3.640ms
		EnsureUptoDateAssetsAreRegisteredWithGuidPM: 1.316ms
		InitializingProgressBar: 0.000ms
		PostProcessAllAssetNotificationsAddChangedAssets: 0.001ms
		OnDemandSchedulerStart: 0.985ms
	PostProcessAllAssets: 43.298ms
	GatherAllCurrentPrimaryArtifactRevisions: 0.001ms
	UnloadStreamsBegin: 0.989ms
	PersistCurrentRevisions: 0.226ms
	UnloadStreamsEnd: 0.002ms
	GenerateScriptTypeHashes: 6.524ms
	Untracked: 2873.445ms

Application.AssetDatabase Initial Refresh End
Scanning for USB devices : 2.180ms
Initializing Unity extensions:
[Licensing::Client] Successfully resolved entitlement details
[MODES] ModeService[none].Initialize
[MODES] ModeService[none].LoadModes
[MODES] Loading mode Default (0) for mode-current-id-Animo
Unloading 40 Unused Serialized files (Serialized files now loaded: 0)
Unloading 6596 unused Assets / (7.6 MB). Loaded Objects now: 7239.
Memory consumption went from 195.7 MB to 188.1 MB.
Total: 21.712500 ms (FindLiveObjects: 0.921200 ms CreateObjectMapping: 4.501400 ms MarkObjects: 11.102800 ms  DeleteObjects: 5.184600 ms)

Opening scene 'Assets/StoreSimulator/Scenes/Game.unity'
Unloading 29 Unused Serialized files (Serialized files now loaded: 0)
LightingSettings: switching bake backend from 1 to 2.
Loaded scene 'Assets/StoreSimulator/Scenes/Game.unity'
	Deserialize:            495.976 ms
	Integration:            3574.448 ms
	Integration of assets:  18.061 ms
	Thread Wait Time:       -0.157 ms
	Total Operation Time:   4088.328 ms
Unloading 7 unused Assets / (5.0 KB). Loaded Objects now: 14061.
Memory consumption went from 217.8 MB to 217.8 MB.
Total: 10.440800 ms (FindLiveObjects: 0.832200 ms CreateObjectMapping: 0.717700 ms MarkObjects: 8.783300 ms  DeleteObjects: 0.106700 ms)

[Project] Loading completed in 16.896 seconds
	Project init time: 				11.567 seconds
		Template init time: 		0.000 seconds
		Package Manager init time: 		0.381 seconds
		Asset Database init time: 		0.352 seconds
		Global illumination init time: 	0.003 seconds
		Assemblies load time: 			1.026 seconds
		Unity extensions init time: 	0.066 seconds
		Asset Database refresh time: 	8.466 seconds
	Scene opening time: 			4.728 seconds
##utp:{"type":"ProjectInfo","version":2,"phase":"Immediate","time":1780480862581,"processId":28916,"projectLoad":16.8955981,"projectInit":11.5670584,"templateInit":0.0,"packageManagerInit":0.3811898,"assetDatabaseInit":0.3522549,"globalIlluminationInit":0.0029566,"assembliesLoad":1.0257677,"unityExtensionsInit":0.066012,"assetDatabaseRefresh":8.4655794,"sceneOpening":4.7283519}
##utp:{"type":"EditorInfo","version":2,"phase":"Immediate","time":1780480862581,"processId":28916,"editorVersion":"6000.0.37f1 (090b7797214c)","branch":"6000.0/staging","buildType":"Release","platform":"Windows"}
Reloading assemblies for play mode.
Reloading assemblies after forced synchronous recompile.
Begin MonoManager ReloadAssembly
- Loaded All Assemblies, in  1.039 seconds
Refreshing native plugins compatible for Editor in 4.19 ms, found 4 plugins.
Native extension for WindowsStandalone target not found
Native extension for WebGL target not found
The project currently uses the compatibility mode where the Render Graph API is disabled. Support for this mode will be removed in future Unity versions. Migrate existing ScriptableRenderPasses to the new RenderGraph API. After the migration, disable the compatibility mode in Edit > Projects Settings > Graphics > Render Graph.
UnityEngine.Debug:ExtractStackTraceNoAlloc (byte*,int,string)
UnityEngine.StackTraceUtility:ExtractStackTrace ()
UnityEngine.DebugLogHandler:Internal_Log (UnityEngine.LogType,UnityEngine.LogOption,string,UnityEngine.Object)
UnityEngine.DebugLogHandler:LogFormat (UnityEngine.LogType,UnityEngine.Object,string,object[])
UnityEngine.Logger:Log (UnityEngine.LogType,object)
UnityEngine.Debug:LogWarning (object)
UnityEngine.Rendering.Universal.WarnUsingNonRenderGraph:EmitConsoleWarning () (at ./Library/PackageCache/com.unity.render-pipelines.universal@15fef0f41df6/Runtime/Data/UniversalRenderPipelineAsset.cs:427)
System.Reflection.RuntimeMethodInfo:Invoke (object,System.Reflection.BindingFlags,System.Reflection.Binder,object[],System.Globalization.CultureInfo)
System.Reflection.MethodBase:Invoke (object,object[])
UnityEditor.EditorAssemblies:ProcessInitializeOnLoadMethodAttributes ()

(Filename: ./Library/PackageCache/com.unity.render-pipelines.universal@15fef0f41df6/Runtime/Data/UniversalRenderPipelineAsset.cs Line: 427)

Mono: successfully reloaded assembly
- Finished resetting the current domain, in  1.629 seconds
Domain Reload Profiling: 2668ms
	BeginReloadAssembly (565ms)
		ExecutionOrderSort (1ms)
		DisableScriptedObjects (44ms)
		BackupInstance (0ms)
		ReleaseScriptingObjects (1ms)
		CreateAndSetChildDomain (328ms)
	RebuildCommonClasses (53ms)
	RebuildNativeTypeToScriptingClass (14ms)
	initialDomainReloadingComplete (37ms)
	LoadAllAssembliesAndSetupDomain (369ms)
		LoadAssemblies (187ms)
		RebuildTransferFunctionScriptingTraits (0ms)
		AnalyzeDomain (305ms)
			TypeCache.Refresh (9ms)
				TypeCache.ScanAssembly (0ms)
			BuildScriptInfoCaches (274ms)
			ResolveRequiredComponents (15ms)
	FinalizeReload (1630ms)
		ReleaseScriptCaches (0ms)
		RebuildScriptCaches (0ms)
		SetupLoadedEditorAssemblies (1054ms)
			LogAssemblyErrors (0ms)
			InitializePlatformSupportModulesInManaged (25ms)
			SetLoadedEditorAssemblies (7ms)
			BeforeProcessingInitializeOnLoad (219ms)
			ProcessInitializeOnLoadAttributes (710ms)
			ProcessInitializeOnLoadMethodAttributes (85ms)
			AfterProcessingInitializeOnLoad (8ms)
			EditorAssembliesLoaded (0ms)
		ExecutionOrderSort2 (1ms)
		AwakeInstancesAfterBackupRestoration (123ms)
Asset Pipeline Refresh (id=9bb19c2e478eae94fba2c5fc3f674913): Total: 2.889 seconds - Initiated by StopAssetImportingV2(ForceSynchronousImport | ForceDomainReload)
	Summary:
		Imports: total=0 (actual=0, local cache=0, cache server=0)
		Asset DB Process Time: managed=0 ms, native=1788 ms
		Asset DB Callback time: managed=35 ms, native=0 ms
		Scripting: domain reloads=1, domain reload time=1062 ms, compile time=2 ms, other=0 ms
		Project Asset Count: scripts=1344, non-scripts=2687
		Asset File Changes: new=0, changed=0, moved=0, deleted=0
		Scan Filter Count: 0
	InvokeCustomDependenciesCallbacks: 0.002ms
	InvokePackagesCallback: 3.190ms
	ApplyChangesToAssetFolders: 0.639ms
	Scan: 0.004ms
	OnSourceAssetsModified: 0.004ms
	CategorizeAssetsWithTransientArtifact: 0.005ms
	ProcessAssetsWithTransientArtifactChanges: 6.109ms
	CategorizeAssets: 72.430ms
	ImportOutOfDateAssets: 1648.499ms (1638.962ms without children)
		CompileScripts: 1.875ms
		CollectScriptTypesHashes: 4.371ms
		ReloadNativeAssets: 1.654ms
		UnloadImportedAssets: 0.165ms
		EnsureUptoDateAssetsAreRegisteredWithGuidPM: 1.025ms
		InitializingProgressBar: 0.001ms
		PostProcessAllAssetNotificationsAddChangedAssets: 0.000ms
		OnDemandSchedulerStart: 0.446ms
	PostProcessAllAssets: 35.179ms
	GatherAllCurrentPrimaryArtifactRevisions: 0.347ms
	UnloadStreamsBegin: 3.602ms
	PersistCurrentRevisions: 0.245ms
	UnloadStreamsEnd: 0.002ms
	GenerateScriptTypeHashes: 7.304ms
	Untracked: 1118.258ms

[EntrepreneurTree] Save integration subscribed to SaveGameSystem events.
UnityEngine.Debug:ExtractStackTraceNoAlloc (byte*,int,string)
UnityEngine.StackTraceUtility:ExtractStackTrace ()
UnityEngine.DebugLogHandler:Internal_Log (UnityEngine.LogType,UnityEngine.LogOption,string,UnityEngine.Object)
UnityEngine.DebugLogHandler:LogFormat (UnityEngine.LogType,UnityEngine.Object,string,object[])
UnityEngine.Logger:Log (UnityEngine.LogType,object)
UnityEngine.Debug:Log (object)
FLOBUK.StoreSimulator.EntrepreneurTreeSaveIntegration:Awake () (at Assets/Systems/EntrepreneurTree/EntrepreneurTreeSaveIntegration.cs:36)
UnityEngine.GameObject:Internal_AddComponentWithType (System.Type)
UnityEngine.GameObject:AddComponent (System.Type)
UnityEngine.GameObject:AddComponent<FLOBUK.StoreSimulator.EntrepreneurTreeSaveIntegration> ()
FLOBUK.StoreSimulator.EntrepreneurTreeUIBootstrap:EnsureTreeSystems () (at Assets/Systems/EntrepreneurTree/EntrepreneurTreeUIBootstrap.cs:118)
FLOBUK.StoreSimulator.EntrepreneurTreeUIBootstrap:IntegrateScene (UnityEngine.SceneManagement.Scene) (at Assets/Systems/EntrepreneurTree/EntrepreneurTreeUIBootstrap.cs:58)
FLOBUK.StoreSimulator.EntrepreneurTreeUIBootstrap:Initialize () (at Assets/Systems/EntrepreneurTree/EntrepreneurTreeUIBootstrap.cs:43)

(Filename: Assets/Systems/EntrepreneurTree/EntrepreneurTreeSaveIntegration.cs Line: 36)

[Expansion] Default zones initialized: 17 zones.
UnityEngine.Debug:ExtractStackTraceNoAlloc (byte*,int,string)
UnityEngine.StackTraceUtility:ExtractStackTrace ()
UnityEngine.DebugLogHandler:Internal_Log (UnityEngine.LogType,UnityEngine.LogOption,string,UnityEngine.Object)
UnityEngine.DebugLogHandler:LogFormat (UnityEngine.LogType,UnityEngine.Object,string,object[])
UnityEngine.Logger:Log (UnityEngine.LogType,object)
UnityEngine.Debug:Log (object)
FLOBUK.StoreSimulator.SupermarketExpansionSystem:EnsureDefaultZones () (at Assets/Systems/Expansion/SupermarketExpansionSystem.cs:384)
FLOBUK.StoreSimulator.SupermarketExpansionSystem:Awake () (at Assets/Systems/Expansion/SupermarketExpansionSystem.cs:70)
UnityEngine.GameObject:Internal_AddComponentWithType (System.Type)
UnityEngine.GameObject:AddComponent (System.Type)
UnityEngine.GameObject:AddComponent<FLOBUK.StoreSimulator.SupermarketExpansionSystem> ()
FLOBUK.StoreSimulator.EntrepreneurTreeUIBootstrap:EnsureTreeSystems () (at Assets/Systems/EntrepreneurTree/EntrepreneurTreeUIBootstrap.cs:128)
FLOBUK.StoreSimulator.EntrepreneurTreeUIBootstrap:IntegrateScene (UnityEngine.SceneManagement.Scene) (at Assets/Systems/EntrepreneurTree/EntrepreneurTreeUIBootstrap.cs:58)
FLOBUK.StoreSimulator.EntrepreneurTreeUIBootstrap:Initialize () (at Assets/Systems/EntrepreneurTree/EntrepreneurTreeUIBootstrap.cs:43)

(Filename: Assets/Systems/Expansion/SupermarketExpansionSystem.cs Line: 384)

[CashierAI] Registered 1 cash desk(s).
UnityEngine.Debug:ExtractStackTraceNoAlloc (byte*,int,string)
UnityEngine.StackTraceUtility:ExtractStackTrace ()
UnityEngine.DebugLogHandler:Internal_Log (UnityEngine.LogType,UnityEngine.LogOption,string,UnityEngine.Object)
UnityEngine.DebugLogHandler:LogFormat (UnityEngine.LogType,UnityEngine.Object,string,object[])
UnityEngine.Logger:Log (UnityEngine.LogType,object)
UnityEngine.Debug:Log (object)
FLOBUK.StoreSimulator.EmployeeCashierCoordinator:RefreshCashDesks () (at Assets/Systems/EntrepreneurTree/EmployeeCashierCoordinator.cs:88)
FLOBUK.StoreSimulator.EmployeeCashierCoordinator:OnEnable () (at Assets/Systems/EntrepreneurTree/EmployeeCashierCoordinator.cs:39)
UnityEngine.GameObject:Internal_AddComponentWithType (System.Type)
UnityEngine.GameObject:AddComponent (System.Type)
UnityEngine.GameObject:AddComponent<FLOBUK.StoreSimulator.EmployeeCashierCoordinator> ()
FLOBUK.StoreSimulator.EntrepreneurTreeUIBootstrap:EnsureTreeSystems () (at Assets/Systems/EntrepreneurTree/EntrepreneurTreeUIBootstrap.cs:137)
FLOBUK.StoreSimulator.EntrepreneurTreeUIBootstrap:IntegrateScene (UnityEngine.SceneManagement.Scene) (at Assets/Systems/EntrepreneurTree/EntrepreneurTreeUIBootstrap.cs:58)
FLOBUK.StoreSimulator.EntrepreneurTreeUIBootstrap:Initialize () (at Assets/Systems/EntrepreneurTree/EntrepreneurTreeUIBootstrap.cs:43)

(Filename: Assets/Systems/EntrepreneurTree/EmployeeCashierCoordinator.cs Line: 88)

[WarehouseZone] Using existing scene WarehouseZone: 'WarehouseZone' at (10.00, 0.00, 7.50).
UnityEngine.Debug:ExtractStackTraceNoAlloc (byte*,int,string)
UnityEngine.StackTraceUtility:ExtractStackTrace ()
UnityEngine.DebugLogHandler:Internal_Log (UnityEngine.LogType,UnityEngine.LogOption,string,UnityEngine.Object)
UnityEngine.DebugLogHandler:LogFormat (UnityEngine.LogType,UnityEngine.Object,string,object[])
UnityEngine.Logger:Log (UnityEngine.LogType,object)
UnityEngine.Debug:Log (object)
FLOBUK.StoreSimulator.WarehouseZoneBootstrap:EnsureWarehouseZone () (at Assets/Systems/EntrepreneurTree/WarehouseZoneBootstrap.cs:75)
FLOBUK.StoreSimulator.WarehouseZoneBootstrap:Awake () (at Assets/Systems/EntrepreneurTree/WarehouseZoneBootstrap.cs:51)
UnityEngine.GameObject:Internal_AddComponentWithType (System.Type)
UnityEngine.GameObject:AddComponent (System.Type)
UnityEngine.GameObject:AddComponent<FLOBUK.StoreSimulator.WarehouseZoneBootstrap> ()
FLOBUK.StoreSimulator.EntrepreneurTreeUIBootstrap:EnsureTreeSystems () (at Assets/Systems/EntrepreneurTree/EntrepreneurTreeUIBootstrap.cs:140)
FLOBUK.StoreSimulator.EntrepreneurTreeUIBootstrap:IntegrateScene (UnityEngine.SceneManagement.Scene) (at Assets/Systems/EntrepreneurTree/EntrepreneurTreeUIBootstrap.cs:58)
FLOBUK.StoreSimulator.EntrepreneurTreeUIBootstrap:Initialize () (at Assets/Systems/EntrepreneurTree/EntrepreneurTreeUIBootstrap.cs:43)

(Filename: Assets/Systems/EntrepreneurTree/WarehouseZoneBootstrap.cs Line: 75)

[EntrepreneurTree] TreeData loaded from editor path fallback: Assets/Data/EntrepreneurTree/EntrepreneurTreeData.asset
UnityEngine.Debug:ExtractStackTraceNoAlloc (byte*,int,string)
UnityEngine.StackTraceUtility:ExtractStackTrace ()
UnityEngine.DebugLogHandler:Internal_Log (UnityEngine.LogType,UnityEngine.LogOption,string,UnityEngine.Object)
UnityEngine.DebugLogHandler:LogFormat (UnityEngine.LogType,UnityEngine.Object,string,object[])
UnityEngine.Logger:Log (UnityEngine.LogType,object)
UnityEngine.Debug:Log (object)
FLOBUK.StoreSimulator.EntrepreneurTreeUIBootstrap:TryLoadProjectTreeData () (at Assets/Systems/EntrepreneurTree/EntrepreneurTreeUIBootstrap.cs:263)
FLOBUK.StoreSimulator.EntrepreneurTreeUIBootstrap:EnsureTreeSystems () (at Assets/Systems/EntrepreneurTree/EntrepreneurTreeUIBootstrap.cs:149)
FLOBUK.StoreSimulator.EntrepreneurTreeUIBootstrap:IntegrateScene (UnityEngine.SceneManagement.Scene) (at Assets/Systems/EntrepreneurTree/EntrepreneurTreeUIBootstrap.cs:58)
FLOBUK.StoreSimulator.EntrepreneurTreeUIBootstrap:Initialize () (at Assets/Systems/EntrepreneurTree/EntrepreneurTreeUIBootstrap.cs:43)

(Filename: Assets/Systems/EntrepreneurTree/EntrepreneurTreeUIBootstrap.cs Line: 263)

[EntrepreneurTree] TreeData loaded successfully.
UnityEngine.Debug:ExtractStackTraceNoAlloc (byte*,int,string)
UnityEngine.StackTraceUtility:ExtractStackTrace ()
UnityEngine.DebugLogHandler:Internal_Log (UnityEngine.LogType,UnityEngine.LogOption,string,UnityEngine.Object)
UnityEngine.DebugLogHandler:LogFormat (UnityEngine.LogType,UnityEngine.Object,string,object[])
UnityEngine.Logger:Log (UnityEngine.LogType,object)
UnityEngine.Debug:Log (object)
FLOBUK.StoreSimulator.EntrepreneurTreeUIBootstrap:EnsureTreeSystems () (at Assets/Systems/EntrepreneurTree/EntrepreneurTreeUIBootstrap.cs:152)
FLOBUK.StoreSimulator.EntrepreneurTreeUIBootstrap:IntegrateScene (UnityEngine.SceneManagement.Scene) (at Assets/Systems/EntrepreneurTree/EntrepreneurTreeUIBootstrap.cs:58)
FLOBUK.StoreSimulator.EntrepreneurTreeUIBootstrap:Initialize () (at Assets/Systems/EntrepreneurTree/EntrepreneurTreeUIBootstrap.cs:43)

(Filename: Assets/Systems/EntrepreneurTree/EntrepreneurTreeUIBootstrap.cs Line: 152)

[EntrepreneurTree] Bootstrap found Expansions panel.
UnityEngine.Debug:ExtractStackTraceNoAlloc (byte*,int,string)
UnityEngine.StackTraceUtility:ExtractStackTrace ()
UnityEngine.DebugLogHandler:Internal_Log (UnityEngine.LogType,UnityEngine.LogOption,string,UnityEngine.Object)
UnityEngine.DebugLogHandler:LogFormat (UnityEngine.LogType,UnityEngine.Object,string,object[])
UnityEngine.Logger:Log (UnityEngine.LogType,object)
UnityEngine.Debug:Log (object)
FLOBUK.StoreSimulator.EntrepreneurTreeUIBootstrap:IntegrateScene (UnityEngine.SceneManagement.Scene) (at Assets/Systems/EntrepreneurTree/EntrepreneurTreeUIBootstrap.cs:78)
FLOBUK.StoreSimulator.EntrepreneurTreeUIBootstrap:Initialize () (at Assets/Systems/EntrepreneurTree/EntrepreneurTreeUIBootstrap.cs:43)

(Filename: Assets/Systems/EntrepreneurTree/EntrepreneurTreeUIBootstrap.cs Line: 78)

[EntrepreneurTree] EntrepreneurTreeRoot created.
UnityEngine.Debug:ExtractStackTraceNoAlloc (byte*,int,string)
UnityEngine.StackTraceUtility:ExtractStackTrace ()
UnityEngine.DebugLogHandler:Internal_Log (UnityEngine.LogType,UnityEngine.LogOption,string,UnityEngine.Object)
UnityEngine.DebugLogHandler:LogFormat (UnityEngine.LogType,UnityEngine.Object,string,object[])
UnityEngine.Logger:Log (UnityEngine.LogType,object)
UnityEngine.Debug:Log (object)
FLOBUK.StoreSimulator.UpgradesUIController:EnsureTreeRootHierarchy () (at Assets/UI/Computer/Upgrades/UpgradesUIController.cs:436)
FLOBUK.StoreSimulator.UpgradesUIController:TryAutoConfigureFromHierarchy () (at Assets/UI/Computer/Upgrades/UpgradesUIController.cs:89)
FLOBUK.StoreSimulator.UpgradesUIController:Awake () (at Assets/UI/Computer/Upgrades/UpgradesUIController.cs:57)
UnityEngine.GameObject:Internal_AddComponentWithType (System.Type)
UnityEngine.GameObject:AddComponent (System.Type)
UnityEngine.GameObject:AddComponent<FLOBUK.StoreSimulator.UpgradesUIController> ()
FLOBUK.StoreSimulator.EntrepreneurTreeUIBootstrap:IntegrateScene (UnityEngine.SceneManagement.Scene) (at Assets/Systems/EntrepreneurTree/EntrepreneurTreeUIBootstrap.cs:83)
FLOBUK.StoreSimulator.EntrepreneurTreeUIBootstrap:Initialize () (at Assets/Systems/EntrepreneurTree/EntrepreneurTreeUIBootstrap.cs:43)

(Filename: Assets/UI/Computer/Upgrades/UpgradesUIController.cs Line: 436)

[EntrepreneurTree] Tree root resolved: EntrepreneurTreeRoot.
UnityEngine.Debug:ExtractStackTraceNoAlloc (byte*,int,string)
UnityEngine.StackTraceUtility:ExtractStackTrace ()
UnityEngine.DebugLogHandler:Internal_Log (UnityEngine.LogType,UnityEngine.LogOption,string,UnityEngine.Object)
UnityEngine.DebugLogHandler:LogFormat (UnityEngine.LogType,UnityEngine.Object,string,object[])
UnityEngine.Logger:Log (UnityEngine.LogType,object)
UnityEngine.Debug:Log (object)
FLOBUK.StoreSimulator.UpgradesUIController:EnsureTreeRootHierarchy () (at Assets/UI/Computer/Upgrades/UpgradesUIController.cs:494)
FLOBUK.StoreSimulator.UpgradesUIController:TryAutoConfigureFromHierarchy () (at Assets/UI/Computer/Upgrades/UpgradesUIController.cs:89)
FLOBUK.StoreSimulator.UpgradesUIController:Awake () (at Assets/UI/Computer/Upgrades/UpgradesUIController.cs:57)
UnityEngine.GameObject:Internal_AddComponentWithType (System.Type)
UnityEngine.GameObject:AddComponent (System.Type)
UnityEngine.GameObject:AddComponent<FLOBUK.StoreSimulator.UpgradesUIController> ()
FLOBUK.StoreSimulator.EntrepreneurTreeUIBootstrap:IntegrateScene (UnityEngine.SceneManagement.Scene) (at Assets/Systems/EntrepreneurTree/EntrepreneurTreeUIBootstrap.cs:83)
FLOBUK.StoreSimulator.EntrepreneurTreeUIBootstrap:Initialize () (at Assets/Systems/EntrepreneurTree/EntrepreneurTreeUIBootstrap.cs:43)

(Filename: Assets/UI/Computer/Upgrades/UpgradesUIController.cs Line: 494)

[EntrepreneurTree] Content parent resolved: Content.
UnityEngine.Debug:ExtractStackTraceNoAlloc (byte*,int,string)
UnityEngine.StackTraceUtility:ExtractStackTrace ()
UnityEngine.DebugLogHandler:Internal_Log (UnityEngine.LogType,UnityEngine.LogOption,string,UnityEngine.Object)
UnityEngine.DebugLogHandler:LogFormat (UnityEngine.LogType,UnityEngine.Object,string,object[])
UnityEngine.Logger:Log (UnityEngine.LogType,object)
UnityEngine.Debug:Log (object)
FLOBUK.StoreSimulator.UpgradesUIController:EnsureTreeRootHierarchy () (at Assets/UI/Computer/Upgrades/UpgradesUIController.cs:495)
FLOBUK.StoreSimulator.UpgradesUIController:TryAutoConfigureFromHierarchy () (at Assets/UI/Computer/Upgrades/UpgradesUIController.cs:89)
FLOBUK.StoreSimulator.UpgradesUIController:Awake () (at Assets/UI/Computer/Upgrades/UpgradesUIController.cs:57)
UnityEngine.GameObject:Internal_AddComponentWithType (System.Type)
UnityEngine.GameObject:AddComponent (System.Type)
UnityEngine.GameObject:AddComponent<FLOBUK.StoreSimulator.UpgradesUIController> ()
FLOBUK.StoreSimulator.EntrepreneurTreeUIBootstrap:IntegrateScene (UnityEngine.SceneManagement.Scene) (at Assets/Systems/EntrepreneurTree/EntrepreneurTreeUIBootstrap.cs:83)
FLOBUK.StoreSimulator.EntrepreneurTreeUIBootstrap:Initialize () (at Assets/Systems/EntrepreneurTree/EntrepreneurTreeUIBootstrap.cs:43)

(Filename: Assets/UI/Computer/Upgrades/UpgradesUIController.cs Line: 495)

[EntrepreneurTree] Tree data loaded: 73 nodes.
UnityEngine.Debug:ExtractStackTraceNoAlloc (byte*,int,string)
UnityEngine.StackTraceUtility:ExtractStackTrace ()
UnityEngine.DebugLogHandler:Internal_Log (UnityEngine.LogType,UnityEngine.LogOption,string,UnityEngine.Object)
UnityEngine.DebugLogHandler:LogFormat (UnityEngine.LogType,UnityEngine.Object,string,object[])
UnityEngine.Logger:Log (UnityEngine.LogType,object)
UnityEngine.Debug:Log (object)
FLOBUK.StoreSimulator.UpgradesUIController:BuildTree () (at Assets/UI/Computer/Upgrades/UpgradesUIController.cs:127)
FLOBUK.StoreSimulator.UpgradesUIController:OnEnable () (at Assets/UI/Computer/Upgrades/UpgradesUIController.cs:70)
UnityEngine.GameObject:Internal_AddComponentWithType (System.Type)
UnityEngine.GameObject:AddComponent (System.Type)
UnityEngine.GameObject:AddComponent<FLOBUK.StoreSimulator.UpgradesUIController> ()
FLOBUK.StoreSimulator.EntrepreneurTreeUIBootstrap:IntegrateScene (UnityEngine.SceneManagement.Scene) (at Assets/Systems/EntrepreneurTree/EntrepreneurTreeUIBootstrap.cs:83)
FLOBUK.StoreSimulator.EntrepreneurTreeUIBootstrap:Initialize () (at Assets/Systems/EntrepreneurTree/EntrepreneurTreeUIBootstrap.cs:43)

(Filename: Assets/UI/Computer/Upgrades/UpgradesUIController.cs Line: 127)

[EntrepreneurTree] Rendering node: product_basic_1 at -1120/420.
UnityEngine.Debug:ExtractStackTraceNoAlloc (byte*,int,string)
UnityEngine.StackTraceUtility:ExtractStackTrace ()
UnityEngine.DebugLogHandler:Internal_Log (UnityEngine.LogType,UnityEngine.LogOption,string,UnityEngine.Object)
UnityEngine.DebugLogHandler:LogFormat (UnityEngine.LogType,UnityEngine.Object,string,object[])
UnityEngine.Logger:Log (UnityEngine.LogType,object)
UnityEngine.Debug:Log (object)
FLOBUK.StoreSimulator.UpgradesUIController:BuildTree () (at Assets/UI/Computer/Upgrades/UpgradesUIController.cs:141)
FLOBUK.StoreSimulator.UpgradesUIController:OnEnable () (at Assets/UI/Computer/Upgrades/UpgradesUIController.cs:70)
UnityEngine.GameObject:Internal_AddComponentWithType (System.Type)
UnityEngine.GameObject:AddComponent (System.Type)
UnityEngine.GameObject:AddComponent<FLOBUK.StoreSimulator.UpgradesUIController> ()
FLOBUK.StoreSimulator.EntrepreneurTreeUIBootstrap:IntegrateScene (UnityEngine.SceneManagement.Scene) (at Assets/Systems/EntrepreneurTree/EntrepreneurTreeUIBootstrap.cs:83)
FLOBUK.StoreSimulator.EntrepreneurTreeUIBootstrap:Initialize () (at Assets/Systems/EntrepreneurTree/EntrepreneurTreeUIBootstrap.cs:43)

(Filename: Assets/UI/Computer/Upgrades/UpgradesUIController.cs Line: 141)

[EntrepreneurTree] Rendering node: product_basic_2 at -860/420.
UnityEngine.Debug:ExtractStackTraceNoAlloc (byte*,int,string)
UnityEngine.StackTraceUtility:ExtractStackTrace ()
UnityEngine.DebugLogHandler:Internal_Log (UnityEngine.LogType,UnityEngine.LogOption,string,UnityEngine.Object)
UnityEngine.DebugLogHandler:LogFormat (UnityEngine.LogType,UnityEngine.Object,string,object[])
UnityEngine.Logger:Log (UnityEngine.LogType,object)
UnityEngine.Debug:Log (object)
FLOBUK.StoreSimulator.UpgradesUIController:BuildTree () (at Assets/UI/Computer/Upgrades/UpgradesUIController.cs:141)
FLOBUK.StoreSimulator.UpgradesUIController:OnEnable () (at Assets/UI/Computer/Upgrades/UpgradesUIController.cs:70)
UnityEngine.GameObject:Internal_AddComponentWithType (System.Type)
UnityEngine.GameObject:AddComponent (System.Type)
UnityEngine.GameObject:AddComponent<FLOBUK.StoreSimulator.UpgradesUIController> ()
FLOBUK.StoreSimulator.EntrepreneurTreeUIBootstrap:IntegrateScene (UnityEngine.SceneManagement.Scene) (at Assets/Systems/EntrepreneurTree/EntrepreneurTreeUIBootstrap.cs:83)
FLOBUK.StoreSimulator.EntrepreneurTreeUIBootstrap:Initialize () (at Assets/Systems/EntrepreneurTree/EntrepreneurTreeUIBootstrap.cs:43)

(Filename: Assets/UI/Computer/Upgrades/UpgradesUIController.cs Line: 141)

[EntrepreneurTree] Rendering node: product_basic_3 at -600/420.
UnityEngine.Debug:ExtractStackTraceNoAlloc (byte*,int,string)
UnityEngine.StackTraceUtility:ExtractStackTrace ()
UnityEngine.DebugLogHandler:Internal_Log (UnityEngine.LogType,UnityEngine.LogOption,string,UnityEngine.Object)
UnityEngine.DebugLogHandler:LogFormat (UnityEngine.LogType,UnityEngine.Object,string,object[])
UnityEngine.Logger:Log (UnityEngine.LogType,object)
UnityEngine.Debug:Log (object)
FLOBUK.StoreSimulator.UpgradesUIController:BuildTree () (at Assets/UI/Computer/Upgrades/UpgradesUIController.cs:141)
FLOBUK.StoreSimulator.UpgradesUIController:OnEnable () (at Assets/UI/Computer/Upgrades/UpgradesUIController.cs:70)
UnityEngine.GameObject:Internal_AddComponentWithType (System.Type)
UnityEngine.GameObject:AddComponent (System.Type)
UnityEngine.GameObject:AddComponent<FLOBUK.StoreSimulator.UpgradesUIController> ()
FLOBUK.StoreSimulator.EntrepreneurTreeUIBootstrap:IntegrateScene (UnityEngine.SceneManagement.Scene) (at Assets/Systems/EntrepreneurTree/EntrepreneurTreeUIBootstrap.cs:83)
FLOBUK.StoreSimulator.EntrepreneurTreeUIBootstrap:Initialize () (at Assets/Systems/EntrepreneurTree/EntrepreneurTreeUIBootstrap.cs:43)

(Filename: Assets/UI/Computer/Upgrades/UpgradesUIController.cs Line: 141)

[EntrepreneurTree] Rendering node: product_dairy_1 at -860/200.
UnityEngine.Debug:ExtractStackTraceNoAlloc (byte*,int,string)
UnityEngine.StackTraceUtility:ExtractStackTrace ()
UnityEngine.DebugLogHandler:Internal_Log (UnityEngine.LogType,UnityEngine.LogOption,string,UnityEngine.Object)
UnityEngine.DebugLogHandler:LogFormat (UnityEngine.LogType,UnityEngine.Object,string,object[])
UnityEngine.Logger:Log (UnityEngine.LogType,object)
UnityEngine.Debug:Log (object)
FLOBUK.StoreSimulator.UpgradesUIController:BuildTree () (at Assets/UI/Computer/Upgrades/UpgradesUIController.cs:141)
FLOBUK.StoreSimulator.UpgradesUIController:OnEnable () (at Assets/UI/Computer/Upgrades/UpgradesUIController.cs:70)
UnityEngine.GameObject:Internal_AddComponentWithType (System.Type)
UnityEngine.GameObject:AddComponent (System.Type)
UnityEngine.GameObject:AddComponent<FLOBUK.StoreSimulator.UpgradesUIController> ()
FLOBUK.StoreSimulator.EntrepreneurTreeUIBootstrap:IntegrateScene (UnityEngine.SceneManagement.Scene) (at Assets/Systems/EntrepreneurTree/EntrepreneurTreeUIBootstrap.cs:83)
FLOBUK.StoreSimulator.EntrepreneurTreeUIBootstrap:Initialize () (at Assets/Systems/EntrepreneurTree/EntrepreneurTreeUIBootstrap.cs:43)

(Filename: Assets/UI/Computer/Upgrades/UpgradesUIController.cs Line: 141)

[EntrepreneurTree] Rendering node: product_dairy_2 at -600/200.
UnityEngine.Debug:ExtractStackTraceNoAlloc (byte*,int,string)
UnityEngine.StackTraceUtility:ExtractStackTrace ()
UnityEngine.DebugLogHandler:Internal_Log (UnityEngine.LogType,UnityEngine.LogOption,string,UnityEngine.Object)
UnityEngine.DebugLogHandler:LogFormat (UnityEngine.LogType,UnityEngine.Object,string,object[])
UnityEngine.Logger:Log (UnityEngine.LogType,object)
UnityEngine.Debug:Log (object)
FLOBUK.StoreSimulator.UpgradesUIController:BuildTree () (at Assets/UI/Computer/Upgrades/UpgradesUIController.cs:141)
FLOBUK.StoreSimulator.UpgradesUIController:OnEnable () (at Assets/UI/Computer/Upgrades/UpgradesUIController.cs:70)
UnityEngine.GameObject:Internal_AddComponentWithType (System.Type)
UnityEngine.GameObject:AddComponent (System.Type)
UnityEngine.GameObject:AddComponent<FLOBUK.StoreSimulator.UpgradesUIController> ()
FLOBUK.StoreSimulator.EntrepreneurTreeUIBootstrap:IntegrateScene (UnityEngine.SceneManagement.Scene) (at Assets/Systems/EntrepreneurTree/EntrepreneurTreeUIBootstrap.cs:83)
FLOBUK.StoreSimulator.EntrepreneurTreeUIBootstrap:Initialize () (at Assets/Systems/EntrepreneurTree/EntrepreneurTreeUIBootstrap.cs:43)

(Filename: Assets/UI/Computer/Upgrades/UpgradesUIController.cs Line: 141)

[EntrepreneurTree] Rendering node: product_dairy_3 at -340/200.
UnityEngine.Debug:ExtractStackTraceNoAlloc (byte*,int,string)
UnityEngine.StackTraceUtility:ExtractStackTrace ()
UnityEngine.DebugLogHandler:Internal_Log (UnityEngine.LogType,UnityEngine.LogOption,string,UnityEngine.Object)
UnityEngine.DebugLogHandler:LogFormat (UnityEngine.LogType,UnityEngine.Object,string,object[])
UnityEngine.Logger:Log (UnityEngine.LogType,object)
UnityEngine.Debug:Log (object)
FLOBUK.StoreSimulator.UpgradesUIController:BuildTree () (at Assets/UI/Computer/Upgrades/UpgradesUIController.cs:141)
FLOBUK.StoreSimulator.UpgradesUIController:OnEnable () (at Assets/UI/Computer/Upgrades/UpgradesUIController.cs:70)
UnityEngine.GameObject:Internal_AddComponentWithType (System.Type)
UnityEngine.GameObject:AddComponent (System.Type)
UnityEngine.GameObject:AddComponent<FLOBUK.StoreSimulator.UpgradesUIController> ()
FLOBUK.StoreSimulator.EntrepreneurTreeUIBootstrap:IntegrateScene (UnityEngine.SceneManagement.Scene) (at Assets/Systems/EntrepreneurTree/EntrepreneurTreeUIBootstrap.cs:83)
FLOBUK.StoreSimulator.EntrepreneurTreeUIBootstrap:Initialize () (at Assets/Systems/EntrepreneurTree/EntrepreneurTreeUIBootstrap.cs:43)

(Filename: Assets/UI/Computer/Upgrades/UpgradesUIController.cs Line: 141)

[EntrepreneurTree] Rendering node: product_spices_1 at -860/-20.
UnityEngine.Debug:ExtractStackTraceNoAlloc (byte*,int,string)
UnityEngine.StackTraceUtility:ExtractStackTrace ()
UnityEngine.DebugLogHandler:Internal_Log (UnityEngine.LogType,UnityEngine.LogOption,string,UnityEngine.Object)
UnityEngine.DebugLogHandler:LogFormat (UnityEngine.LogType,UnityEngine.Object,string,object[])
UnityEngine.Logger:Log (UnityEngine.LogType,object)
UnityEngine.Debug:Log (object)
FLOBUK.StoreSimulator.UpgradesUIController:BuildTree () (at Assets/UI/Computer/Upgrades/UpgradesUIController.cs:141)
FLOBUK.StoreSimulator.UpgradesUIController:OnEnable () (at Assets/UI/Computer/Upgrades/UpgradesUIController.cs:70)
UnityEngine.GameObject:Internal_AddComponentWithType (System.Type)
UnityEngine.GameObject:AddComponent (System.Type)
UnityEngine.GameObject:AddComponent<FLOBUK.StoreSimulator.UpgradesUIController> ()
FLOBUK.StoreSimulator.EntrepreneurTreeUIBootstrap:IntegrateScene (UnityEngine.SceneManagement.Scene) (at Assets/Systems/EntrepreneurTree/EntrepreneurTreeUIBootstrap.cs:83)
FLOBUK.StoreSimulator.EntrepreneurTreeUIBootstrap:Initialize () (at Assets/Systems/EntrepreneurTree/EntrepreneurTreeUIBootstrap.cs:43)

(Filename: Assets/UI/Computer/Upgrades/UpgradesUIController.cs Line: 141)

[EntrepreneurTree] Rendering node: product_fresh_1 at -860/-240.
UnityEngine.Debug:ExtractStackTraceNoAlloc (byte*,int,string)
UnityEngine.StackTraceUtility:ExtractStackTrace ()
UnityEngine.DebugLogHandler:Internal_Log (UnityEngine.LogType,UnityEngine.LogOption,string,UnityEngine.Object)
UnityEngine.DebugLogHandler:LogFormat (UnityEngine.LogType,UnityEngine.Object,string,object[])
UnityEngine.Logger:Log (UnityEngine.LogType,object)
UnityEngine.Debug:Log (object)
FLOBUK.StoreSimulator.UpgradesUIController:BuildTree () (at Assets/UI/Computer/Upgrades/UpgradesUIController.cs:141)
FLOBUK.StoreSimulator.UpgradesUIController:OnEnable () (at Assets/UI/Computer/Upgrades/UpgradesUIController.cs:70)
UnityEngine.GameObject:Internal_AddComponentWithType (System.Type)
UnityEngine.GameObject:AddComponent (System.Type)
UnityEngine.GameObject:AddComponent<FLOBUK.StoreSimulator.UpgradesUIController> ()
FLOBUK.StoreSimulator.EntrepreneurTreeUIBootstrap:IntegrateScene (UnityEngine.SceneManagement.Scene) (at Assets/Systems/EntrepreneurTree/EntrepreneurTreeUIBootstrap.cs:83)
FLOBUK.StoreSimulator.EntrepreneurTreeUIBootstrap:Initialize () (at Assets/Systems/EntrepreneurTree/EntrepreneurTreeUIBootstrap.cs:43)

(Filename: Assets/UI/Computer/Upgrades/UpgradesUIController.cs Line: 141)

[EntrepreneurTree] Rendering node: product_fresh_2 at -600/-240.
UnityEngine.Debug:ExtractStackTraceNoAlloc (byte*,int,string)
UnityEngine.StackTraceUtility:ExtractStackTrace ()
UnityEngine.DebugLogHandler:Internal_Log (UnityEngine.LogType,UnityEngine.LogOption,string,UnityEngine.Object)
UnityEngine.DebugLogHandler:LogFormat (UnityEngine.LogType,UnityEngine.Object,string,object[])
UnityEngine.Logger:Log (UnityEngine.LogType,object)
UnityEngine.Debug:Log (object)
FLOBUK.StoreSimulator.UpgradesUIController:BuildTree () (at Assets/UI/Computer/Upgrades/UpgradesUIController.cs:141)
FLOBUK.StoreSimulator.UpgradesUIController:OnEnable () (at Assets/UI/Computer/Upgrades/UpgradesUIController.cs:70)
UnityEngine.GameObject:Internal_AddComponentWithType (System.Type)
UnityEngine.GameObject:AddComponent (System.Type)
UnityEngine.GameObject:AddComponent<FLOBUK.StoreSimulator.UpgradesUIController> ()
FLOBUK.StoreSimulator.EntrepreneurTreeUIBootstrap:IntegrateScene (UnityEngine.SceneManagement.Scene) (at Assets/Systems/EntrepreneurTree/EntrepreneurTreeUIBootstrap.cs:83)
FLOBUK.StoreSimulator.EntrepreneurTreeUIBootstrap:Initialize () (at Assets/Systems/EntrepreneurTree/EntrepreneurTreeUIBootstrap.cs:43)

(Filename: Assets/UI/Computer/Upgrades/UpgradesUIController.cs Line: 141)

[EntrepreneurTree] Rendering node: product_hygiene at -340/420.
UnityEngine.Debug:ExtractStackTraceNoAlloc (byte*,int,string)
UnityEngine.StackTraceUtility:ExtractStackTrace ()
UnityEngine.DebugLogHandler:Internal_Log (UnityEngine.LogType,UnityEngine.LogOption,string,UnityEngine.Object)
UnityEngine.DebugLogHandler:LogFormat (UnityEngine.LogType,UnityEngine.Object,string,object[])
UnityEngine.Logger:Log (UnityEngine.LogType,object)
UnityEngine.Debug:Log (object)
FLOBUK.StoreSimulator.UpgradesUIController:BuildTree () (at Assets/UI/Computer/Upgrades/UpgradesUIController.cs:141)
FLOBUK.StoreSimulator.UpgradesUIController:OnEnable () (at Assets/UI/Computer/Upgrades/UpgradesUIController.cs:70)
UnityEngine.GameObject:Internal_AddComponentWithType (System.Type)
UnityEngine.GameObject:AddComponent (System.Type)
UnityEngine.GameObject:AddComponent<FLOBUK.StoreSimulator.UpgradesUIController> ()
FLOBUK.StoreSimulator.EntrepreneurTreeUIBootstrap:IntegrateScene (UnityEngine.SceneManagement.Scene) (at Assets/Systems/EntrepreneurTree/EntrepreneurTreeUIBootstrap.cs:83)
FLOBUK.StoreSimulator.EntrepreneurTreeUIBootstrap:Initialize () (at Assets/Systems/EntrepreneurTree/EntrepreneurTreeUIBootstrap.cs:43)

(Filename: Assets/UI/Computer/Upgrades/UpgradesUIController.cs Line: 141)

[EntrepreneurTree] Rendering node: product_protein_1 at -340/-240.
UnityEngine.Debug:ExtractStackTraceNoAlloc (byte*,int,string)
UnityEngine.StackTraceUtility:ExtractStackTrace ()
UnityEngine.DebugLogHandler:Internal_Log (UnityEngine.LogType,UnityEngine.LogOption,string,UnityEngine.Object)
UnityEngine.DebugLogHandler:LogFormat (UnityEngine.LogType,UnityEngine.Object,string,object[])
UnityEngine.Logger:Log (UnityEngine.LogType,object)
UnityEngine.Debug:Log (object)
FLOBUK.StoreSimulator.UpgradesUIController:BuildTree () (at Assets/UI/Computer/Upgrades/UpgradesUIController.cs:141)
FLOBUK.StoreSimulator.UpgradesUIController:OnEnable () (at Assets/UI/Computer/Upgrades/UpgradesUIController.cs:70)
UnityEngine.GameObject:Internal_AddComponentWithType (System.Type)
UnityEngine.GameObject:AddComponent (System.Type)
UnityEngine.GameObject:AddComponent<FLOBUK.StoreSimulator.UpgradesUIController> ()
FLOBUK.StoreSimulator.EntrepreneurTreeUIBootstrap:IntegrateScene (UnityEngine.SceneManagement.Scene) (at Assets/Systems/EntrepreneurTree/EntrepreneurTreeUIBootstrap.cs:83)
FLOBUK.StoreSimulator.EntrepreneurTreeUIBootstrap:Initialize () (at Assets/Systems/EntrepreneurTree/EntrepreneurTreeUIBootstrap.cs:43)

(Filename: Assets/UI/Computer/Upgrades/UpgradesUIController.cs Line: 141)

[EntrepreneurTree] Rendering node: product_sodas at -80/200.
UnityEngine.Debug:ExtractStackTraceNoAlloc (byte*,int,string)
UnityEngine.StackTraceUtility:ExtractStackTrace ()
UnityEngine.DebugLogHandler:Internal_Log (UnityEngine.LogType,UnityEngine.LogOption,string,UnityEngine.Object)
UnityEngine.DebugLogHandler:LogFormat (UnityEngine.LogType,UnityEngine.Object,string,object[])
UnityEngine.Logger:Log (UnityEngine.LogType,object)
UnityEngine.Debug:Log (object)
FLOBUK.StoreSimulator.UpgradesUIController:BuildTree () (at Assets/UI/Computer/Upgrades/UpgradesUIController.cs:141)
FLOBUK.StoreSimulator.UpgradesUIController:OnEnable () (at Assets/UI/Computer/Upgrades/UpgradesUIController.cs:70)
UnityEngine.GameObject:Internal_AddComponentWithType (System.Type)
UnityEngine.GameObject:AddComponent (System.Type)
UnityEngine.GameObject:AddComponent<FLOBUK.StoreSimulator.UpgradesUIController> ()
FLOBUK.StoreSimulator.EntrepreneurTreeUIBootstrap:IntegrateScene (UnityEngine.SceneManagement.Scene) (at Assets/Systems/EntrepreneurTree/EntrepreneurTreeUIBootstrap.cs:83)
FLOBUK.StoreSimulator.EntrepreneurTreeUIBootstrap:Initialize () (at Assets/Systems/EntrepreneurTree/EntrepreneurTreeUIBootstrap.cs:43)

(Filename: Assets/UI/Computer/Upgrades/UpgradesUIController.cs Line: 141)

[EntrepreneurTree] Rendering node: product_luxury_1 at -80/-240.
UnityEngine.Debug:ExtractStackTraceNoAlloc (byte*,int,string)
UnityEngine.StackTraceUtility:ExtractStackTrace ()
UnityEngine.DebugLogHandler:Internal_Log (UnityEngine.LogType,UnityEngine.LogOption,string,UnityEngine.Object)
UnityEngine.DebugLogHandler:LogFormat (UnityEngine.LogType,UnityEngine.Object,string,object[])
UnityEngine.Logger:Log (UnityEngine.LogType,object)
UnityEngine.Debug:Log (object)
FLOBUK.StoreSimulator.UpgradesUIController:BuildTree () (at Assets/UI/Computer/Upgrades/UpgradesUIController.cs:141)
FLOBUK.StoreSimulator.UpgradesUIController:OnEnable () (at Assets/UI/Computer/Upgrades/UpgradesUIController.cs:70)
UnityEngine.GameObject:Internal_AddComponentWithType (System.Type)
UnityEngine.GameObject:AddComponent (System.Type)
UnityEngine.GameObject:AddComponent<FLOBUK.StoreSimulator.UpgradesUIController> ()
FLOBUK.StoreSimulator.EntrepreneurTreeUIBootstrap:IntegrateScene (UnityEngine.SceneManagement.Scene) (at Assets/Systems/EntrepreneurTree/EntrepreneurTreeUIBootstrap.cs:83)
FLOBUK.StoreSimulator.EntrepreneurTreeUIBootstrap:Initialize () (at Assets/Systems/EntrepreneurTree/EntrepreneurTreeUIBootstrap.cs:43)

(Filename: Assets/UI/Computer/Upgrades/UpgradesUIController.cs Line: 141)

[EntrepreneurTree] Rendering node: product_appliances_1 at -80/-20.
UnityEngine.Debug:ExtractStackTraceNoAlloc (byte*,int,string)
UnityEngine.StackTraceUtility:ExtractStackTrace ()
UnityEngine.DebugLogHandler:Internal_Log (UnityEngine.LogType,UnityEngine.LogOption,string,UnityEngine.Object)
UnityEngine.DebugLogHandler:LogFormat (UnityEngine.LogType,UnityEngine.Object,string,object[])
UnityEngine.Logger:Log (UnityEngine.LogType,object)
UnityEngine.Debug:Log (object)
FLOBUK.StoreSimulator.UpgradesUIController:BuildTree () (at Assets/UI/Computer/Upgrades/UpgradesUIController.cs:141)
FLOBUK.StoreSimulator.UpgradesUIController:OnEnable () (at Assets/UI/Computer/Upgrades/UpgradesUIController.cs:70)
UnityEngine.GameObject:Internal_AddComponentWithType (System.Type)
UnityEngine.GameObject:AddComponent (System.Type)
UnityEngine.GameObject:AddComponent<FLOBUK.StoreSimulator.UpgradesUIController> ()
FLOBUK.StoreSimulator.EntrepreneurTreeUIBootstrap:IntegrateScene (UnityEngine.SceneManagement.Scene) (at Assets/Systems/EntrepreneurTree/EntrepreneurTreeUIBootstrap.cs:83)
FLOBUK.StoreSimulator.EntrepreneurTreeUIBootstrap:Initialize () (at Assets/Systems/EntrepreneurTree/EntrepreneurTreeUIBootstrap.cs:43)

(Filename: Assets/UI/Computer/Upgrades/UpgradesUIController.cs Line: 141)

[EntrepreneurTree] Rendering node: employee_1 at -600/-500.
UnityEngine.Debug:ExtractStackTraceNoAlloc (byte*,int,string)
UnityEngine.StackTraceUtility:ExtractStackTrace ()
UnityEngine.DebugLogHandler:Internal_Log (UnityEngine.LogType,UnityEngine.LogOption,string,UnityEngine.Object)
UnityEngine.DebugLogHandler:LogFormat (UnityEngine.LogType,UnityEngine.Object,string,object[])
UnityEngine.Logger:Log (UnityEngine.LogType,object)
UnityEngine.Debug:Log (object)
FLOBUK.StoreSimulator.UpgradesUIController:BuildTree () (at Assets/UI/Computer/Upgrades/UpgradesUIController.cs:141)
FLOBUK.StoreSimulator.UpgradesUIController:OnEnable () (at Assets/UI/Computer/Upgrades/UpgradesUIController.cs:70)
UnityEngine.GameObject:Internal_AddComponentWithType (System.Type)
UnityEngine.GameObject:AddComponent (System.Type)
UnityEngine.GameObject:AddComponent<FLOBUK.StoreSimulator.UpgradesUIController> ()
FLOBUK.StoreSimulator.EntrepreneurTreeUIBootstrap:IntegrateScene (UnityEngine.SceneManagement.Scene) (at Assets/Systems/EntrepreneurTree/EntrepreneurTreeUIBootstrap.cs:83)
FLOBUK.StoreSimulator.EntrepreneurTreeUIBootstrap:Initialize () (at Assets/Systems/EntrepreneurTree/EntrepreneurTreeUIBootstrap.cs:43)

(Filename: Assets/UI/Computer/Upgrades/UpgradesUIController.cs Line: 141)

[EntrepreneurTree] Rendering node: employee_2 at -340/-500.
UnityEngine.Debug:ExtractStackTraceNoAlloc (byte*,int,string)
UnityEngine.StackTraceUtility:ExtractStackTrace ()
UnityEngine.DebugLogHandler:Internal_Log (UnityEngine.LogType,UnityEngine.LogOption,string,UnityEngine.Object)
UnityEngine.DebugLogHandler:LogFormat (UnityEngine.LogType,UnityEngine.Object,string,object[])
UnityEngine.Logger:Log (UnityEngine.LogType,object)
UnityEngine.Debug:Log (object)
FLOBUK.StoreSimulator.UpgradesUIController:BuildTree () (at Assets/UI/Computer/Upgrades/UpgradesUIController.cs:141)
FLOBUK.StoreSimulator.UpgradesUIController:OnEnable () (at Assets/UI/Computer/Upgrades/UpgradesUIController.cs:70)
UnityEngine.GameObject:Internal_AddComponentWithType (System.Type)
UnityEngine.GameObject:AddComponent (System.Type)
UnityEngine.GameObject:AddComponent<FLOBUK.StoreSimulator.UpgradesUIController> ()
FLOBUK.StoreSimulator.EntrepreneurTreeUIBootstrap:IntegrateScene (UnityEngine.SceneManagement.Scene) (at Assets/Systems/EntrepreneurTree/EntrepreneurTreeUIBootstrap.cs:83)
FLOBUK.StoreSimulator.EntrepreneurTreeUIBootstrap:Initialize () (at Assets/Systems/EntrepreneurTree/EntrepreneurTreeUIBootstrap.cs:43)

(Filename: Assets/UI/Computer/Upgrades/UpgradesUIController.cs Line: 141)

[EntrepreneurTree] Rendering node: employee_3 at -80/-500.
UnityEngine.Debug:ExtractStackTraceNoAlloc (byte*,int,string)
UnityEngine.StackTraceUtility:ExtractStackTrace ()
UnityEngine.DebugLogHandler:Internal_Log (UnityEngine.LogType,UnityEngine.LogOption,string,UnityEngine.Object)
UnityEngine.DebugLogHandler:LogFormat (UnityEngine.LogType,UnityEngine.Object,string,object[])
UnityEngine.Logger:Log (UnityEngine.LogType,object)
UnityEngine.Debug:Log (object)
FLOBUK.StoreSimulator.UpgradesUIController:BuildTree () (at Assets/UI/Computer/Upgrades/UpgradesUIController.cs:141)
FLOBUK.StoreSimulator.UpgradesUIController:OnEnable () (at Assets/UI/Computer/Upgrades/UpgradesUIController.cs:70)
UnityEngine.GameObject:Internal_AddComponentWithType (System.Type)
UnityEngine.GameObject:AddComponent (System.Type)
UnityEngine.GameObject:AddComponent<FLOBUK.StoreSimulator.UpgradesUIController> ()
FLOBUK.StoreSimulator.EntrepreneurTreeUIBootstrap:IntegrateScene (UnityEngine.SceneManagement.Scene) (at Assets/Systems/EntrepreneurTree/EntrepreneurTreeUIBootstrap.cs:83)
FLOBUK.StoreSimulator.EntrepreneurTreeUIBootstrap:Initialize () (at Assets/Systems/EntrepreneurTree/EntrepreneurTreeUIBootstrap.cs:43)

(Filename: Assets/UI/Computer/Upgrades/UpgradesUIController.cs Line: 141)

[EntrepreneurTree] Rendering node: employee_4 at -600/-700.
UnityEngine.Debug:ExtractStackTraceNoAlloc (byte*,int,string)
UnityEngine.StackTraceUtility:ExtractStackTrace ()
UnityEngine.DebugLogHandler:Internal_Log (UnityEngine.LogType,UnityEngine.LogOption,string,UnityEngine.Object)
UnityEngine.DebugLogHandler:LogFormat (UnityEngine.LogType,UnityEngine.Object,string,object[])
UnityEngine.Logger:Log (UnityEngine.LogType,object)
UnityEngine.Debug:Log (object)
FLOBUK.StoreSimulator.UpgradesUIController:BuildTree () (at Assets/UI/Computer/Upgrades/UpgradesUIController.cs:141)
FLOBUK.StoreSimulator.UpgradesUIController:OnEnable () (at Assets/UI/Computer/Upgrades/UpgradesUIController.cs:70)
UnityEngine.GameObject:Internal_AddComponentWithType (System.Type)
UnityEngine.GameObject:AddComponent (System.Type)
UnityEngine.GameObject:AddComponent<FLOBUK.StoreSimulator.UpgradesUIController> ()
FLOBUK.StoreSimulator.EntrepreneurTreeUIBootstrap:IntegrateScene (UnityEngine.SceneManagement.Scene) (at Assets/Systems/EntrepreneurTree/EntrepreneurTreeUIBootstrap.cs:83)
FLOBUK.StoreSimulator.EntrepreneurTreeUIBootstrap:Initialize () (at Assets/Systems/EntrepreneurTree/EntrepreneurTreeUIBootstrap.cs:43)

(Filename: Assets/UI/Computer/Upgrades/UpgradesUIController.cs Line: 141)

[EntrepreneurTree] Rendering node: employee_5 at -470/-700.
UnityEngine.Debug:ExtractStackTraceNoAlloc (byte*,int,string)
UnityEngine.StackTraceUtility:ExtractStackTrace ()
UnityEngine.DebugLogHandler:Internal_Log (UnityEngine.LogType,UnityEngine.LogOption,string,UnityEngine.Object)
UnityEngine.DebugLogHandler:LogFormat (UnityEngine.LogType,UnityEngine.Object,string,object[])
UnityEngine.Logger:Log (UnityEngine.LogType,object)
UnityEngine.Debug:Log (object)
FLOBUK.StoreSimulator.UpgradesUIController:BuildTree () (at Assets/UI/Computer/Upgrades/UpgradesUIController.cs:141)
FLOBUK.StoreSimulator.UpgradesUIController:OnEnable () (at Assets/UI/Computer/Upgrades/UpgradesUIController.cs:70)
UnityEngine.GameObject:Internal_AddComponentWithType (System.Type)
UnityEngine.GameObject:AddComponent (System.Type)
UnityEngine.GameObject:AddComponent<FLOBUK.StoreSimulator.UpgradesUIController> ()
FLOBUK.StoreSimulator.EntrepreneurTreeUIBootstrap:IntegrateScene (UnityEngine.SceneManagement.Scene) (at Assets/Systems/EntrepreneurTree/EntrepreneurTreeUIBootstrap.cs:83)
FLOBUK.StoreSimulator.EntrepreneurTreeUIBootstrap:Initialize () (at Assets/Systems/EntrepreneurTree/EntrepreneurTreeUIBootstrap.cs:43)

(Filename: Assets/UI/Computer/Upgrades/UpgradesUIController.cs Line: 141)

[EntrepreneurTree] Rendering node: employee_6 at -340/-700.
UnityEngine.Debug:ExtractStackTraceNoAlloc (byte*,int,string)
UnityEngine.StackTraceUtility:ExtractStackTrace ()
UnityEngine.DebugLogHandler:Internal_Log (UnityEngine.LogType,UnityEngine.LogOption,string,UnityEngine.Object)
UnityEngine.DebugLogHandler:LogFormat (UnityEngine.LogType,UnityEngine.Object,string,object[])
UnityEngine.Logger:Log (UnityEngine.LogType,object)
UnityEngine.Debug:Log (object)
FLOBUK.StoreSimulator.UpgradesUIController:BuildTree () (at Assets/UI/Computer/Upgrades/UpgradesUIController.cs:141)
FLOBUK.StoreSimulator.UpgradesUIController:OnEnable () (at Assets/UI/Computer/Upgrades/UpgradesUIController.cs:70)
UnityEngine.GameObject:Internal_AddComponentWithType (System.Type)
UnityEngine.GameObject:AddComponent (System.Type)
UnityEngine.GameObject:AddComponent<FLOBUK.StoreSimulator.UpgradesUIController> ()
FLOBUK.StoreSimulator.EntrepreneurTreeUIBootstrap:IntegrateScene (UnityEngine.SceneManagement.Scene) (at Assets/Systems/EntrepreneurTree/EntrepreneurTreeUIBootstrap.cs:83)
FLOBUK.StoreSimulator.EntrepreneurTreeUIBootstrap:Initialize () (at Assets/Systems/EntrepreneurTree/EntrepreneurTreeUIBootstrap.cs:43)

(Filename: Assets/UI/Computer/Upgrades/UpgradesUIController.cs Line: 141)

[EntrepreneurTree] Rendering node: employee_7 at -210/-700.
UnityEngine.Debug:ExtractStackTraceNoAlloc (byte*,int,string)
UnityEngine.StackTraceUtility:ExtractStackTrace ()
UnityEngine.DebugLogHandler:Internal_Log (UnityEngine.LogType,UnityEngine.LogOption,string,UnityEngine.Object)
UnityEngine.DebugLogHandler:LogFormat (UnityEngine.LogType,UnityEngine.Object,string,object[])
UnityEngine.Logger:Log (UnityEngine.LogType,object)
UnityEngine.Debug:Log (object)
FLOBUK.StoreSimulator.UpgradesUIController:BuildTree () (at Assets/UI/Computer/Upgrades/UpgradesUIController.cs:141)
FLOBUK.StoreSimulator.UpgradesUIController:OnEnable () (at Assets/UI/Computer/Upgrades/UpgradesUIController.cs:70)
UnityEngine.GameObject:Internal_AddComponentWithType (System.Type)
UnityEngine.GameObject:AddComponent (System.Type)
UnityEngine.GameObject:AddComponent<FLOBUK.StoreSimulator.UpgradesUIController> ()
FLOBUK.StoreSimulator.EntrepreneurTreeUIBootstrap:IntegrateScene (UnityEngine.SceneManagement.Scene) (at Assets/Systems/EntrepreneurTree/EntrepreneurTreeUIBootstrap.cs:83)
FLOBUK.StoreSimulator.EntrepreneurTreeUIBootstrap:Initialize () (at Assets/Systems/EntrepreneurTree/EntrepreneurTreeUIBootstrap.cs:43)

(Filename: Assets/UI/Computer/Upgrades/UpgradesUIController.cs Line: 141)

[EntrepreneurTree] Rendering node: employee_8 at -80/-700.
UnityEngine.Debug:ExtractStackTraceNoAlloc (byte*,int,string)
UnityEngine.StackTraceUtility:ExtractStackTrace ()
UnityEngine.DebugLogHandler:Internal_Log (UnityEngine.LogType,UnityEngine.LogOption,string,UnityEngine.Object)
UnityEngine.DebugLogHandler:LogFormat (UnityEngine.LogType,UnityEngine.Object,string,object[])
UnityEngine.Logger:Log (UnityEngine.LogType,object)
UnityEngine.Debug:Log (object)
FLOBUK.StoreSimulator.UpgradesUIController:BuildTree () (at Assets/UI/Computer/Upgrades/UpgradesUIController.cs:141)
FLOBUK.StoreSimulator.UpgradesUIController:OnEnable () (at Assets/UI/Computer/Upgrades/UpgradesUIController.cs:70)
UnityEngine.GameObject:Internal_AddComponentWithType (System.Type)
UnityEngine.GameObject:AddComponent (System.Type)
UnityEngine.GameObject:AddComponent<FLOBUK.StoreSimulator.UpgradesUIController> ()
FLOBUK.StoreSimulator.EntrepreneurTreeUIBootstrap:IntegrateScene (UnityEngine.SceneManagement.Scene) (at Assets/Systems/EntrepreneurTree/EntrepreneurTreeUIBootstrap.cs:83)
FLOBUK.StoreSimulator.EntrepreneurTreeUIBootstrap:Initialize () (at Assets/Systems/EntrepreneurTree/EntrepreneurTreeUIBootstrap.cs:43)

(Filename: Assets/UI/Computer/Upgrades/UpgradesUIController.cs Line: 141)

[EntrepreneurTree] Rendering node: employee_9 at 50/-700.
UnityEngine.Debug:ExtractStackTraceNoAlloc (byte*,int,string)
UnityEngine.StackTraceUtility:ExtractStackTrace ()
UnityEngine.DebugLogHandler:Internal_Log (UnityEngine.LogType,UnityEngine.LogOption,string,UnityEngine.Object)
UnityEngine.DebugLogHandler:LogFormat (UnityEngine.LogType,UnityEngine.Object,string,object[])
UnityEngine.Logger:Log (UnityEngine.LogType,object)
UnityEngine.Debug:Log (object)
FLOBUK.StoreSimulator.UpgradesUIController:BuildTree () (at Assets/UI/Computer/Upgrades/UpgradesUIController.cs:141)
FLOBUK.StoreSimulator.UpgradesUIController:OnEnable () (at Assets/UI/Computer/Upgrades/UpgradesUIController.cs:70)
UnityEngine.GameObject:Internal_AddComponentWithType (System.Type)
UnityEngine.GameObject:AddComponent (System.Type)
UnityEngine.GameObject:AddComponent<FLOBUK.StoreSimulator.UpgradesUIController> ()
FLOBUK.StoreSimulator.EntrepreneurTreeUIBootstrap:IntegrateScene (UnityEngine.SceneManagement.Scene) (at Assets/Systems/EntrepreneurTree/EntrepreneurTreeUIBootstrap.cs:83)
FLOBUK.StoreSimulator.EntrepreneurTreeUIBootstrap:Initialize () (at Assets/Systems/EntrepreneurTree/EntrepreneurTreeUIBootstrap.cs:43)

(Filename: Assets/UI/Computer/Upgrades/UpgradesUIController.cs Line: 141)

[EntrepreneurTree] Rendering node: employee_10 at 180/-700.
UnityEngine.Debug:ExtractStackTraceNoAlloc (byte*,int,string)
UnityEngine.StackTraceUtility:ExtractStackTrace ()
UnityEngine.DebugLogHandler:Internal_Log (UnityEngine.LogType,UnityEngine.LogOption,string,UnityEngine.Object)
UnityEngine.DebugLogHandler:LogFormat (UnityEngine.LogType,UnityEngine.Object,string,object[])
UnityEngine.Logger:Log (UnityEngine.LogType,object)
UnityEngine.Debug:Log (object)
FLOBUK.StoreSimulator.UpgradesUIController:BuildTree () (at Assets/UI/Computer/Upgrades/UpgradesUIController.cs:141)
FLOBUK.StoreSimulator.UpgradesUIController:OnEnable () (at Assets/UI/Computer/Upgrades/UpgradesUIController.cs:70)
UnityEngine.GameObject:Internal_AddComponentWithType (System.Type)
UnityEngine.GameObject:AddComponent (System.Type)
UnityEngine.GameObject:AddComponent<FLOBUK.StoreSimulator.UpgradesUIController> ()
FLOBUK.StoreSimulator.EntrepreneurTreeUIBootstrap:IntegrateScene (UnityEngine.SceneManagement.Scene) (at Assets/Systems/EntrepreneurTree/EntrepreneurTreeUIBootstrap.cs:83)
FLOBUK.StoreSimulator.EntrepreneurTreeUIBootstrap:Initialize () (at Assets/Systems/EntrepreneurTree/EntrepreneurTreeUIBootstrap.cs:43)

(Filename: Assets/UI/Computer/Upgrades/UpgradesUIController.cs Line: 141)

[EntrepreneurTree] Rendering node: employee_11 at 310/-700.
UnityEngine.Debug:ExtractStackTraceNoAlloc (byte*,int,string)
UnityEngine.StackTraceUtility:ExtractStackTrace ()
UnityEngine.DebugLogHandler:Internal_Log (UnityEngine.LogType,UnityEngine.LogOption,string,UnityEngine.Object)
UnityEngine.DebugLogHandler:LogFormat (UnityEngine.LogType,UnityEngine.Object,string,object[])
UnityEngine.Logger:Log (UnityEngine.LogType,object)
UnityEngine.Debug:Log (object)
FLOBUK.StoreSimulator.UpgradesUIController:BuildTree () (at Assets/UI/Computer/Upgrades/UpgradesUIController.cs:141)
FLOBUK.StoreSimulator.UpgradesUIController:OnEnable () (at Assets/UI/Computer/Upgrades/UpgradesUIController.cs:70)
UnityEngine.GameObject:Internal_AddComponentWithType (System.Type)
UnityEngine.GameObject:AddComponent (System.Type)
UnityEngine.GameObject:AddComponent<FLOBUK.StoreSimulator.UpgradesUIController> ()
FLOBUK.StoreSimulator.EntrepreneurTreeUIBootstrap:IntegrateScene (UnityEngine.SceneManagement.Scene) (at Assets/Systems/EntrepreneurTree/EntrepreneurTreeUIBootstrap.cs:83)
FLOBUK.StoreSimulator.EntrepreneurTreeUIBootstrap:Initialize () (at Assets/Systems/EntrepreneurTree/EntrepreneurTreeUIBootstrap.cs:43)

(Filename: Assets/UI/Computer/Upgrades/UpgradesUIController.cs Line: 141)

[EntrepreneurTree] Rendering node: employee_12 at 440/-700.
UnityEngine.Debug:ExtractStackTraceNoAlloc (byte*,int,string)
UnityEngine.StackTraceUtility:ExtractStackTrace ()
UnityEngine.DebugLogHandler:Internal_Log (UnityEngine.LogType,UnityEngine.LogOption,string,UnityEngine.Object)
UnityEngine.DebugLogHandler:LogFormat (UnityEngine.LogType,UnityEngine.Object,string,object[])
UnityEngine.Logger:Log (UnityEngine.LogType,object)
UnityEngine.Debug:Log (object)
FLOBUK.StoreSimulator.UpgradesUIController:BuildTree () (at Assets/UI/Computer/Upgrades/UpgradesUIController.cs:141)
FLOBUK.StoreSimulator.UpgradesUIController:OnEnable () (at Assets/UI/Computer/Upgrades/UpgradesUIController.cs:70)
UnityEngine.GameObject:Internal_AddComponentWithType (System.Type)
UnityEngine.GameObject:AddComponent (System.Type)
UnityEngine.GameObject:AddComponent<FLOBUK.StoreSimulator.UpgradesUIController> ()
FLOBUK.StoreSimulator.EntrepreneurTreeUIBootstrap:IntegrateScene (UnityEngine.SceneManagement.Scene) (at Assets/Systems/EntrepreneurTree/EntrepreneurTreeUIBootstrap.cs:83)
FLOBUK.StoreSimulator.EntrepreneurTreeUIBootstrap:Initialize () (at Assets/Systems/EntrepreneurTree/EntrepreneurTreeUIBootstrap.cs:43)

(Filename: Assets/UI/Computer/Upgrades/UpgradesUIController.cs Line: 141)

[EntrepreneurTree] Rendering node: employee_13 at 310/-500.
UnityEngine.Debug:ExtractStackTraceNoAlloc (byte*,int,string)
UnityEngine.StackTraceUtility:ExtractStackTrace ()
UnityEngine.DebugLogHandler:Internal_Log (UnityEngine.LogType,UnityEngine.LogOption,string,UnityEngine.Object)
UnityEngine.DebugLogHandler:LogFormat (UnityEngine.LogType,UnityEngine.Object,string,object[])
UnityEngine.Logger:Log (UnityEngine.LogType,object)
UnityEngine.Debug:Log (object)
FLOBUK.StoreSimulator.UpgradesUIController:BuildTree () (at Assets/UI/Computer/Upgrades/UpgradesUIController.cs:141)
FLOBUK.StoreSimulator.UpgradesUIController:OnEnable () (at Assets/UI/Computer/Upgrades/UpgradesUIController.cs:70)
UnityEngine.GameObject:Internal_AddComponentWithType (System.Type)
UnityEngine.GameObject:AddComponent (System.Type)
UnityEngine.GameObject:AddComponent<FLOBUK.StoreSimulator.UpgradesUIController> ()
FLOBUK.StoreSimulator.EntrepreneurTreeUIBootstrap:IntegrateScene (UnityEngine.SceneManagement.Scene) (at Assets/Systems/EntrepreneurTree/EntrepreneurTreeUIBootstrap.cs:83)
FLOBUK.StoreSimulator.EntrepreneurTreeUIBootstrap:Initialize () (at Assets/Systems/EntrepreneurTree/EntrepreneurTreeUIBootstrap.cs:43)

(Filename: Assets/UI/Computer/Upgrades/UpgradesUIController.cs Line: 141)

[EntrepreneurTree] Rendering node: employee_14 at 440/-500.
UnityEngine.Debug:ExtractStackTraceNoAlloc (byte*,int,string)
UnityEngine.StackTraceUtility:ExtractStackTrace ()
UnityEngine.DebugLogHandler:Internal_Log (UnityEngine.LogType,UnityEngine.LogOption,string,UnityEngine.Object)
UnityEngine.DebugLogHandler:LogFormat (UnityEngine.LogType,UnityEngine.Object,string,object[])
UnityEngine.Logger:Log (UnityEngine.LogType,object)
UnityEngine.Debug:Log (object)
FLOBUK.StoreSimulator.UpgradesUIController:BuildTree () (at Assets/UI/Computer/Upgrades/UpgradesUIController.cs:141)
FLOBUK.StoreSimulator.UpgradesUIController:OnEnable () (at Assets/UI/Computer/Upgrades/UpgradesUIController.cs:70)
UnityEngine.GameObject:Internal_AddComponentWithType (System.Type)
UnityEngine.GameObject:AddComponent (System.Type)
UnityEngine.GameObject:AddComponent<FLOBUK.StoreSimulator.UpgradesUIController> ()
FLOBUK.StoreSimulator.EntrepreneurTreeUIBootstrap:IntegrateScene (UnityEngine.SceneManagement.Scene) (at Assets/Systems/EntrepreneurTree/EntrepreneurTreeUIBootstrap.cs:83)
FLOBUK.StoreSimulator.EntrepreneurTreeUIBootstrap:Initialize () (at Assets/Systems/EntrepreneurTree/EntrepreneurTreeUIBootstrap.cs:43)

(Filename: Assets/UI/Computer/Upgrades/UpgradesUIController.cs Line: 141)

[EntrepreneurTree] Rendering node: employee_15 at 570/-700.
UnityEngine.Debug:ExtractStackTraceNoAlloc (byte*,int,string)
UnityEngine.StackTraceUtility:ExtractStackTrace ()
UnityEngine.DebugLogHandler:Internal_Log (UnityEngine.LogType,UnityEngine.LogOption,string,UnityEngine.Object)
UnityEngine.DebugLogHandler:LogFormat (UnityEngine.LogType,UnityEngine.Object,string,object[])
UnityEngine.Logger:Log (UnityEngine.LogType,object)
UnityEngine.Debug:Log (object)
FLOBUK.StoreSimulator.UpgradesUIController:BuildTree () (at Assets/UI/Computer/Upgrades/UpgradesUIController.cs:141)
FLOBUK.StoreSimulator.UpgradesUIController:OnEnable () (at Assets/UI/Computer/Upgrades/UpgradesUIController.cs:70)
UnityEngine.GameObject:Internal_AddComponentWithType (System.Type)
UnityEngine.GameObject:AddComponent (System.Type)
UnityEngine.GameObject:AddComponent<FLOBUK.StoreSimulator.UpgradesUIController> ()
FLOBUK.StoreSimulator.EntrepreneurTreeUIBootstrap:IntegrateScene (UnityEngine.SceneManagement.Scene) (at Assets/Systems/EntrepreneurTree/EntrepreneurTreeUIBootstrap.cs:83)
FLOBUK.StoreSimulator.EntrepreneurTreeUIBootstrap:Initialize () (at Assets/Systems/EntrepreneurTree/EntrepreneurTreeUIBootstrap.cs:43)

(Filename: Assets/UI/Computer/Upgrades/UpgradesUIController.cs Line: 141)

[EntrepreneurTree] Rendering node: employee_16 at 570/-500.
UnityEngine.Debug:ExtractStackTraceNoAlloc (byte*,int,string)
UnityEngine.StackTraceUtility:ExtractStackTrace ()
UnityEngine.DebugLogHandler:Internal_Log (UnityEngine.LogType,UnityEngine.LogOption,string,UnityEngine.Object)
UnityEngine.DebugLogHandler:LogFormat (UnityEngine.LogType,UnityEngine.Object,string,object[])
UnityEngine.Logger:Log (UnityEngine.LogType,object)
UnityEngine.Debug:Log (object)
FLOBUK.StoreSimulator.UpgradesUIController:BuildTree () (at Assets/UI/Computer/Upgrades/UpgradesUIController.cs:141)
FLOBUK.StoreSimulator.UpgradesUIController:OnEnable () (at Assets/UI/Computer/Upgrades/UpgradesUIController.cs:70)
UnityEngine.GameObject:Internal_AddComponentWithType (System.Type)
UnityEngine.GameObject:AddComponent (System.Type)
UnityEngine.GameObject:AddComponent<FLOBUK.StoreSimulator.UpgradesUIController> ()
FLOBUK.StoreSimulator.EntrepreneurTreeUIBootstrap:IntegrateScene (UnityEngine.SceneManagement.Scene) (at Assets/Systems/EntrepreneurTree/EntrepreneurTreeUIBootstrap.cs:83)
FLOBUK.StoreSimulator.EntrepreneurTreeUIBootstrap:Initialize () (at Assets/Systems/EntrepreneurTree/EntrepreneurTreeUIBootstrap.cs:43)

(Filename: Assets/UI/Computer/Upgrades/UpgradesUIController.cs Line: 141)

[EntrepreneurTree] Rendering node: employee_17 at 700/-500.
UnityEngine.Debug:ExtractStackTraceNoAlloc (byte*,int,string)
UnityEngine.StackTraceUtility:ExtractStackTrace ()
UnityEngine.DebugLogHandler:Internal_Log (UnityEngine.LogType,UnityEngine.LogOption,string,UnityEngine.Object)
UnityEngine.DebugLogHandler:LogFormat (UnityEngine.LogType,UnityEngine.Object,string,object[])
UnityEngine.Logger:Log (UnityEngine.LogType,object)
UnityEngine.Debug:Log (object)
FLOBUK.StoreSimulator.UpgradesUIController:BuildTree () (at Assets/UI/Computer/Upgrades/UpgradesUIController.cs:141)
FLOBUK.StoreSimulator.UpgradesUIController:OnEnable () (at Assets/UI/Computer/Upgrades/UpgradesUIController.cs:70)
UnityEngine.GameObject:Internal_AddComponentWithType (System.Type)
UnityEngine.GameObject:AddComponent (System.Type)
UnityEngine.GameObject:AddComponent<FLOBUK.StoreSimulator.UpgradesUIController> ()
FLOBUK.StoreSimulator.EntrepreneurTreeUIBootstrap:IntegrateScene (UnityEngine.SceneManagement.Scene) (at Assets/Systems/EntrepreneurTree/EntrepreneurTreeUIBootstrap.cs:83)
FLOBUK.StoreSimulator.EntrepreneurTreeUIBootstrap:Initialize () (at Assets/Systems/EntrepreneurTree/EntrepreneurTreeUIBootstrap.cs:43)

(Filename: Assets/UI/Computer/Upgrades/UpgradesUIController.cs Line: 141)

[EntrepreneurTree] Rendering node: employee_18 at 830/-700.
UnityEngine.Debug:ExtractStackTraceNoAlloc (byte*,int,string)
UnityEngine.StackTraceUtility:ExtractStackTrace ()
UnityEngine.DebugLogHandler:Internal_Log (UnityEngine.LogType,UnityEngine.LogOption,string,UnityEngine.Object)
UnityEngine.DebugLogHandler:LogFormat (UnityEngine.LogType,UnityEngine.Object,string,object[])
UnityEngine.Logger:Log (UnityEngine.LogType,object)
UnityEngine.Debug:Log (object)
FLOBUK.StoreSimulator.UpgradesUIController:BuildTree () (at Assets/UI/Computer/Upgrades/UpgradesUIController.cs:141)
FLOBUK.StoreSimulator.UpgradesUIController:OnEnable () (at Assets/UI/Computer/Upgrades/UpgradesUIController.cs:70)
UnityEngine.GameObject:Internal_AddComponentWithType (System.Type)
UnityEngine.GameObject:AddComponent (System.Type)
UnityEngine.GameObject:AddComponent<FLOBUK.StoreSimulator.UpgradesUIController> ()
FLOBUK.StoreSimulator.EntrepreneurTreeUIBootstrap:IntegrateScene (UnityEngine.SceneManagement.Scene) (at Assets/Systems/EntrepreneurTree/EntrepreneurTreeUIBootstrap.cs:83)
FLOBUK.StoreSimulator.EntrepreneurTreeUIBootstrap:Initialize () (at Assets/Systems/EntrepreneurTree/EntrepreneurTreeUIBootstrap.cs:43)

(Filename: Assets/UI/Computer/Upgrades/UpgradesUIController.cs Line: 141)

[EntrepreneurTree] Rendering node: security_1 at 60/-920.
UnityEngine.Debug:ExtractStackTraceNoAlloc (byte*,int,string)
UnityEngine.StackTraceUtility:ExtractStackTrace ()
UnityEngine.DebugLogHandler:Internal_Log (UnityEngine.LogType,UnityEngine.LogOption,string,UnityEngine.Object)
UnityEngine.DebugLogHandler:LogFormat (UnityEngine.LogType,UnityEngine.Object,string,object[])
UnityEngine.Logger:Log (UnityEngine.LogType,object)
UnityEngine.Debug:Log (object)
FLOBUK.StoreSimulator.UpgradesUIController:BuildTree () (at Assets/UI/Computer/Upgrades/UpgradesUIController.cs:141)
FLOBUK.StoreSimulator.UpgradesUIController:OnEnable () (at Assets/UI/Computer/Upgrades/UpgradesUIController.cs:70)
UnityEngine.GameObject:Internal_AddComponentWithType (System.Type)
UnityEngine.GameObject:AddComponent (System.Type)
UnityEngine.GameObject:AddComponent<FLOBUK.StoreSimulator.UpgradesUIController> ()
FLOBUK.StoreSimulator.EntrepreneurTreeUIBootstrap:IntegrateScene (UnityEngine.SceneManagement.Scene) (at Assets/Systems/EntrepreneurTree/EntrepreneurTreeUIBootstrap.cs:83)
FLOBUK.StoreSimulator.EntrepreneurTreeUIBootstrap:Initialize () (at Assets/Systems/EntrepreneurTree/EntrepreneurTreeUIBootstrap.cs:43)

(Filename: Assets/UI/Computer/Upgrades/UpgradesUIController.cs Line: 141)

[EntrepreneurTree] Rendering node: security_2 at 320/-920.
UnityEngine.Debug:ExtractStackTraceNoAlloc (byte*,int,string)
UnityEngine.StackTraceUtility:ExtractStackTrace ()
UnityEngine.DebugLogHandler:Internal_Log (UnityEngine.LogType,UnityEngine.LogOption,string,UnityEngine.Object)
UnityEngine.DebugLogHandler:LogFormat (UnityEngine.LogType,UnityEngine.Object,string,object[])
UnityEngine.Logger:Log (UnityEngine.LogType,object)
UnityEngine.Debug:Log (object)
FLOBUK.StoreSimulator.UpgradesUIController:BuildTree () (at Assets/UI/Computer/Upgrades/UpgradesUIController.cs:141)
FLOBUK.StoreSimulator.UpgradesUIController:OnEnable () (at Assets/UI/Computer/Upgrades/UpgradesUIController.cs:70)
UnityEngine.GameObject:Internal_AddComponentWithType (System.Type)
UnityEngine.GameObject:AddComponent (System.Type)
UnityEngine.GameObject:AddComponent<FLOBUK.StoreSimulator.UpgradesUIController> ()
FLOBUK.StoreSimulator.EntrepreneurTreeUIBootstrap:IntegrateScene (UnityEngine.SceneManagement.Scene) (at Assets/Systems/EntrepreneurTree/EntrepreneurTreeUIBootstrap.cs:83)
FLOBUK.StoreSimulator.EntrepreneurTreeUIBootstrap:Initialize () (at Assets/Systems/EntrepreneurTree/EntrepreneurTreeUIBootstrap.cs:43)

(Filename: Assets/UI/Computer/Upgrades/UpgradesUIController.cs Line: 141)

[EntrepreneurTree] Rendering node: security_3 at 580/-920.
UnityEngine.Debug:ExtractStackTraceNoAlloc (byte*,int,string)
UnityEngine.StackTraceUtility:ExtractStackTrace ()
UnityEngine.DebugLogHandler:Internal_Log (UnityEngine.LogType,UnityEngine.LogOption,string,UnityEngine.Object)
UnityEngine.DebugLogHandler:LogFormat (UnityEngine.LogType,UnityEngine.Object,string,object[])
UnityEngine.Logger:Log (UnityEngine.LogType,object)
UnityEngine.Debug:Log (object)
FLOBUK.StoreSimulator.UpgradesUIController:BuildTree () (at Assets/UI/Computer/Upgrades/UpgradesUIController.cs:141)
FLOBUK.StoreSimulator.UpgradesUIController:OnEnable () (at Assets/UI/Computer/Upgrades/UpgradesUIController.cs:70)
UnityEngine.GameObject:Internal_AddComponentWithType (System.Type)
UnityEngine.GameObject:AddComponent (System.Type)
UnityEngine.GameObject:AddComponent<FLOBUK.StoreSimulator.UpgradesUIController> ()
FLOBUK.StoreSimulator.EntrepreneurTreeUIBootstrap:IntegrateScene (UnityEngine.SceneManagement.Scene) (at Assets/Systems/EntrepreneurTree/EntrepreneurTreeUIBootstrap.cs:83)
FLOBUK.StoreSimulator.EntrepreneurTreeUIBootstrap:Initialize () (at Assets/Systems/EntrepreneurTree/EntrepreneurTreeUIBootstrap.cs:43)

(Filename: Assets/UI/Computer/Upgrades/UpgradesUIController.cs Line: 141)

[EntrepreneurTree] Rendering node: upgrade_caffeine at 180/-240.
UnityEngine.Debug:ExtractStackTraceNoAlloc (byte*,int,string)
UnityEngine.StackTraceUtility:ExtractStackTrace ()
UnityEngine.DebugLogHandler:Internal_Log (UnityEngine.LogType,UnityEngine.LogOption,string,UnityEngine.Object)
UnityEngine.DebugLogHandler:LogFormat (UnityEngine.LogType,UnityEngine.Object,string,object[])
UnityEngine.Logger:Log (UnityEngine.LogType,object)
UnityEngine.Debug:Log (object)
FLOBUK.StoreSimulator.UpgradesUIController:BuildTree () (at Assets/UI/Computer/Upgrades/UpgradesUIController.cs:141)
FLOBUK.StoreSimulator.UpgradesUIController:OnEnable () (at Assets/UI/Computer/Upgrades/UpgradesUIController.cs:70)
UnityEngine.GameObject:Internal_AddComponentWithType (System.Type)
UnityEngine.GameObject:AddComponent (System.Type)
UnityEngine.GameObject:AddComponent<FLOBUK.StoreSimulator.UpgradesUIController> ()
FLOBUK.StoreSimulator.EntrepreneurTreeUIBootstrap:IntegrateScene (UnityEngine.SceneManagement.Scene) (at Assets/Systems/EntrepreneurTree/EntrepreneurTreeUIBootstrap.cs:83)
FLOBUK.StoreSimulator.EntrepreneurTreeUIBootstrap:Initialize () (at Assets/Systems/EntrepreneurTree/EntrepreneurTreeUIBootstrap.cs:43)

(Filename: Assets/UI/Computer/Upgrades/UpgradesUIController.cs Line: 141)

[EntrepreneurTree] Rendering node: upgrade_charismatic at 830/-500.
UnityEngine.Debug:ExtractStackTraceNoAlloc (byte*,int,string)
UnityEngine.StackTraceUtility:ExtractStackTrace ()
UnityEngine.DebugLogHandler:Internal_Log (UnityEngine.LogType,UnityEngine.LogOption,string,UnityEngine.Object)
UnityEngine.DebugLogHandler:LogFormat (UnityEngine.LogType,UnityEngine.Object,string,object[])
UnityEngine.Logger:Log (UnityEngine.LogType,object)
UnityEngine.Debug:Log (object)
FLOBUK.StoreSimulator.UpgradesUIController:BuildTree () (at Assets/UI/Computer/Upgrades/UpgradesUIController.cs:141)
FLOBUK.StoreSimulator.UpgradesUIController:OnEnable () (at Assets/UI/Computer/Upgrades/UpgradesUIController.cs:70)
UnityEngine.GameObject:Internal_AddComponentWithType (System.Type)
UnityEngine.GameObject:AddComponent (System.Type)
UnityEngine.GameObject:AddComponent<FLOBUK.StoreSimulator.UpgradesUIController> ()
FLOBUK.StoreSimulator.EntrepreneurTreeUIBootstrap:IntegrateScene (UnityEngine.SceneManagement.Scene) (at Assets/Systems/EntrepreneurTree/EntrepreneurTreeUIBootstrap.cs:83)
FLOBUK.StoreSimulator.EntrepreneurTreeUIBootstrap:Initialize () (at Assets/Systems/EntrepreneurTree/EntrepreneurTreeUIBootstrap.cs:43)

(Filename: Assets/UI/Computer/Upgrades/UpgradesUIController.cs Line: 141)

[EntrepreneurTree] Focused default node: product_basic_1.
UnityEngine.Debug:ExtractStackTraceNoAlloc (byte*,int,string)
UnityEngine.StackTraceUtility:ExtractStackTrace ()
UnityEngine.DebugLogHandler:Internal_Log (UnityEngine.LogType,UnityEngine.LogOption,string,UnityEngine.Object)
UnityEngine.DebugLogHandler:LogFormat (UnityEngine.LogType,UnityEngine.Object,string,object[])
UnityEngine.Logger:Log (UnityEngine.LogType,object)
UnityEngine.Debug:Log (object)
FLOBUK.StoreSimulator.UpgradesUIController:FocusDefaultNode () (at Assets/UI/Computer/Upgrades/UpgradesUIController.cs:680)
FLOBUK.StoreSimulator.UpgradesUIController:BuildTree () (at Assets/UI/Computer/Upgrades/UpgradesUIController.cs:187)
FLOBUK.StoreSimulator.UpgradesUIController:OnEnable () (at Assets/UI/Computer/Upgrades/UpgradesUIController.cs:70)
UnityEngine.GameObject:Internal_AddComponentWithType (System.Type)
UnityEngine.GameObject:AddComponent (System.Type)
UnityEngine.GameObject:AddComponent<FLOBUK.StoreSimulator.UpgradesUIController> ()
FLOBUK.StoreSimulator.EntrepreneurTreeUIBootstrap:IntegrateScene (UnityEngine.SceneManagement.Scene) (at Assets/Systems/EntrepreneurTree/EntrepreneurTreeUIBootstrap.cs:83)
FLOBUK.StoreSimulator.EntrepreneurTreeUIBootstrap:Initialize () (at Assets/Systems/EntrepreneurTree/EntrepreneurTreeUIBootstrap.cs:43)

(Filename: Assets/UI/Computer/Upgrades/UpgradesUIController.cs Line: 680)

[EntrepreneurTree] Tree render complete: 37 nodes, 36 connections.
UnityEngine.Debug:ExtractStackTraceNoAlloc (byte*,int,string)
UnityEngine.StackTraceUtility:ExtractStackTrace ()
UnityEngine.DebugLogHandler:Internal_Log (UnityEngine.LogType,UnityEngine.LogOption,string,UnityEngine.Object)
UnityEngine.DebugLogHandler:LogFormat (UnityEngine.LogType,UnityEngine.Object,string,object[])
UnityEngine.Logger:Log (UnityEngine.LogType,object)
UnityEngine.Debug:Log (object)
FLOBUK.StoreSimulator.UpgradesUIController:BuildTree () (at Assets/UI/Computer/Upgrades/UpgradesUIController.cs:188)
FLOBUK.StoreSimulator.UpgradesUIController:OnEnable () (at Assets/UI/Computer/Upgrades/UpgradesUIController.cs:70)
UnityEngine.GameObject:Internal_AddComponentWithType (System.Type)
UnityEngine.GameObject:AddComponent (System.Type)
UnityEngine.GameObject:AddComponent<FLOBUK.StoreSimulator.UpgradesUIController> ()
FLOBUK.StoreSimulator.EntrepreneurTreeUIBootstrap:IntegrateScene (UnityEngine.SceneManagement.Scene) (at Assets/Systems/EntrepreneurTree/EntrepreneurTreeUIBootstrap.cs:83)
FLOBUK.StoreSimulator.EntrepreneurTreeUIBootstrap:Initialize () (at Assets/Systems/EntrepreneurTree/EntrepreneurTreeUIBootstrap.cs:43)

(Filename: Assets/UI/Computer/Upgrades/UpgradesUIController.cs Line: 188)

[EntrepreneurTree] Attached UpgradesUIController to ContentArea/Expansions.
UnityEngine.Debug:ExtractStackTraceNoAlloc (byte*,int,string)
UnityEngine.StackTraceUtility:ExtractStackTrace ()
UnityEngine.DebugLogHandler:Internal_Log (UnityEngine.LogType,UnityEngine.LogOption,string,UnityEngine.Object)
UnityEngine.DebugLogHandler:LogFormat (UnityEngine.LogType,UnityEngine.Object,string,object[])
UnityEngine.Logger:Log (UnityEngine.LogType,object)
UnityEngine.Debug:Log (object)
FLOBUK.StoreSimulator.EntrepreneurTreeUIBootstrap:IntegrateScene (UnityEngine.SceneManagement.Scene) (at Assets/Systems/EntrepreneurTree/EntrepreneurTreeUIBootstrap.cs:84)
FLOBUK.StoreSimulator.EntrepreneurTreeUIBootstrap:Initialize () (at Assets/Systems/EntrepreneurTree/EntrepreneurTreeUIBootstrap.cs:43)

(Filename: Assets/Systems/EntrepreneurTree/EntrepreneurTreeUIBootstrap.cs Line: 84)

[EntrepreneurTree] Legacy Scroll View hidden.
UnityEngine.Debug:ExtractStackTraceNoAlloc (byte*,int,string)
UnityEngine.StackTraceUtility:ExtractStackTrace ()
UnityEngine.DebugLogHandler:Internal_Log (UnityEngine.LogType,UnityEngine.LogOption,string,UnityEngine.Object)
UnityEngine.DebugLogHandler:LogFormat (UnityEngine.LogType,UnityEngine.Object,string,object[])
UnityEngine.Logger:Log (UnityEngine.LogType,object)
UnityEngine.Debug:Log (object)
FLOBUK.StoreSimulator.UpgradesUIController:ToggleLegacyContent (bool) (at Assets/UI/Computer/Upgrades/UpgradesUIController.cs:802)
FLOBUK.StoreSimulator.UpgradesUIController:ShowTreeView () (at Assets/UI/Computer/Upgrades/UpgradesUIController.cs:814)
FLOBUK.StoreSimulator.UpgradesUIController:BuildTree () (at Assets/UI/Computer/Upgrades/UpgradesUIController.cs:107)
FLOBUK.StoreSimulator.EntrepreneurTreeUIBootstrap:IntegrateScene (UnityEngine.SceneManagement.Scene) (at Assets/Systems/EntrepreneurTree/EntrepreneurTreeUIBootstrap.cs:92)
FLOBUK.StoreSimulator.EntrepreneurTreeUIBootstrap:Initialize () (at Assets/Systems/EntrepreneurTree/EntrepreneurTreeUIBootstrap.cs:43)

(Filename: Assets/UI/Computer/Upgrades/UpgradesUIController.cs Line: 802)

[EntrepreneurTree] BuildTree skipped. Existing tree reused.
UnityEngine.Debug:ExtractStackTraceNoAlloc (byte*,int,string)
UnityEngine.StackTraceUtility:ExtractStackTrace ()
UnityEngine.DebugLogHandler:Internal_Log (UnityEngine.LogType,UnityEngine.LogOption,string,UnityEngine.Object)
UnityEngine.DebugLogHandler:LogFormat (UnityEngine.LogType,UnityEngine.Object,string,object[])
UnityEngine.Logger:Log (UnityEngine.LogType,object)
UnityEngine.Debug:Log (object)
FLOBUK.StoreSimulator.UpgradesUIController:BuildTree () (at Assets/UI/Computer/Upgrades/UpgradesUIController.cs:110)
FLOBUK.StoreSimulator.EntrepreneurTreeUIBootstrap:IntegrateScene (UnityEngine.SceneManagement.Scene) (at Assets/Systems/EntrepreneurTree/EntrepreneurTreeUIBootstrap.cs:92)
FLOBUK.StoreSimulator.EntrepreneurTreeUIBootstrap:Initialize () (at Assets/Systems/EntrepreneurTree/EntrepreneurTreeUIBootstrap.cs:43)

(Filename: Assets/UI/Computer/Upgrades/UpgradesUIController.cs Line: 110)

[ExpansionApp] Expansion panel created.
UnityEngine.Debug:ExtractStackTraceNoAlloc (byte*,int,string)
UnityEngine.StackTraceUtility:ExtractStackTrace ()
UnityEngine.DebugLogHandler:Internal_Log (UnityEngine.LogType,UnityEngine.LogOption,string,UnityEngine.Object)
UnityEngine.DebugLogHandler:LogFormat (UnityEngine.LogType,UnityEngine.Object,string,object[])
UnityEngine.Logger:Log (UnityEngine.LogType,object)
UnityEngine.Debug:Log (object)
FLOBUK.StoreSimulator.EntrepreneurTreeUIBootstrap:EnsureExpansionTab (FLOBUK.StoreSimulator.UIShopCategoryHelper,UnityEngine.Transform) (at Assets/Systems/EntrepreneurTree/EntrepreneurTreeUIBootstrap.cs:291)
FLOBUK.StoreSimulator.EntrepreneurTreeUIBootstrap:IntegrateScene (UnityEngine.SceneManagement.Scene) (at Assets/Systems/EntrepreneurTree/EntrepreneurTreeUIBootstrap.cs:94)
FLOBUK.StoreSimulator.EntrepreneurTreeUIBootstrap:Initialize () (at Assets/Systems/EntrepreneurTree/EntrepreneurTreeUIBootstrap.cs:43)

(Filename: Assets/Systems/EntrepreneurTree/EntrepreneurTreeUIBootstrap.cs Line: 291)

[Expansion] Map rebuilt: 17 zones. Scale=2.99 Panel=1166×754 Content=380×236
UnityEngine.Debug:ExtractStackTraceNoAlloc (byte*,int,string)
UnityEngine.StackTraceUtility:ExtractStackTrace ()
UnityEngine.DebugLogHandler:Internal_Log (UnityEngine.LogType,UnityEngine.LogOption,string,UnityEngine.Object)
UnityEngine.DebugLogHandler:LogFormat (UnityEngine.LogType,UnityEngine.Object,string,object[])
UnityEngine.Logger:Log (UnityEngine.LogType,object)
UnityEngine.Debug:Log (object)
FLOBUK.StoreSimulator.ExpansionMapRenderer:Rebuild (System.Collections.Generic.IReadOnlyList`1<FLOBUK.StoreSimulator.ExpansionZoneData>) (at Assets/UI/Computer/Expansion/ExpansionMapRenderer.cs:126)
FLOBUK.StoreSimulator.ExpansionAppUIController:FullRefresh () (at Assets/UI/Computer/Expansion/ExpansionAppUIController.cs:224)
FLOBUK.StoreSimulator.ExpansionAppUIController:Initialize (FLOBUK.StoreSimulator.UIShopCategoryHelper,UnityEngine.RectTransform) (at Assets/UI/Computer/Expansion/ExpansionAppUIController.cs:62)
FLOBUK.StoreSimulator.EntrepreneurTreeUIBootstrap:EnsureExpansionTab (FLOBUK.StoreSimulator.UIShopCategoryHelper,UnityEngine.Transform) (at Assets/Systems/EntrepreneurTree/EntrepreneurTreeUIBootstrap.cs:298)
FLOBUK.StoreSimulator.EntrepreneurTreeUIBootstrap:IntegrateScene (UnityEngine.SceneManagement.Scene) (at Assets/Systems/EntrepreneurTree/EntrepreneurTreeUIBootstrap.cs:94)
FLOBUK.StoreSimulator.EntrepreneurTreeUIBootstrap:Initialize () (at Assets/Systems/EntrepreneurTree/EntrepreneurTreeUIBootstrap.cs:43)

(Filename: Assets/UI/Computer/Expansion/ExpansionMapRenderer.cs Line: 126)

[Expansion] Expansion app initialized. Zones: 17
UnityEngine.Debug:ExtractStackTraceNoAlloc (byte*,int,string)
UnityEngine.StackTraceUtility:ExtractStackTrace ()
UnityEngine.DebugLogHandler:Internal_Log (UnityEngine.LogType,UnityEngine.LogOption,string,UnityEngine.Object)
UnityEngine.DebugLogHandler:LogFormat (UnityEngine.LogType,UnityEngine.Object,string,object[])
UnityEngine.Logger:Log (UnityEngine.LogType,object)
UnityEngine.Debug:Log (object)
FLOBUK.StoreSimulator.ExpansionAppUIController:Initialize (FLOBUK.StoreSimulator.UIShopCategoryHelper,UnityEngine.RectTransform) (at Assets/UI/Computer/Expansion/ExpansionAppUIController.cs:63)
FLOBUK.StoreSimulator.EntrepreneurTreeUIBootstrap:EnsureExpansionTab (FLOBUK.StoreSimulator.UIShopCategoryHelper,UnityEngine.Transform) (at Assets/Systems/EntrepreneurTree/EntrepreneurTreeUIBootstrap.cs:298)
FLOBUK.StoreSimulator.EntrepreneurTreeUIBootstrap:IntegrateScene (UnityEngine.SceneManagement.Scene) (at Assets/Systems/EntrepreneurTree/EntrepreneurTreeUIBootstrap.cs:94)
FLOBUK.StoreSimulator.EntrepreneurTreeUIBootstrap:Initialize () (at Assets/Systems/EntrepreneurTree/EntrepreneurTreeUIBootstrap.cs:43)

(Filename: Assets/UI/Computer/Expansion/ExpansionAppUIController.cs Line: 63)

[ExpansionApp] Expansion tab created.
UnityEngine.Debug:ExtractStackTraceNoAlloc (byte*,int,string)
UnityEngine.StackTraceUtility:ExtractStackTrace ()
UnityEngine.DebugLogHandler:Internal_Log (UnityEngine.LogType,UnityEngine.LogOption,string,UnityEngine.Object)
UnityEngine.DebugLogHandler:LogFormat (UnityEngine.LogType,UnityEngine.Object,string,object[])
UnityEngine.Logger:Log (UnityEngine.LogType,object)
UnityEngine.Debug:Log (object)
FLOBUK.StoreSimulator.EntrepreneurTreeUIBootstrap:EnsureExpansionButton (FLOBUK.StoreSimulator.UIShopCategoryHelper,UnityEngine.GameObject) (at Assets/Systems/EntrepreneurTree/EntrepreneurTreeUIBootstrap.cs:355)
FLOBUK.StoreSimulator.EntrepreneurTreeUIBootstrap:EnsureExpansionTab (FLOBUK.StoreSimulator.UIShopCategoryHelper,UnityEngine.Transform) (at Assets/Systems/EntrepreneurTree/EntrepreneurTreeUIBootstrap.cs:299)
FLOBUK.StoreSimulator.EntrepreneurTreeUIBootstrap:IntegrateScene (UnityEngine.SceneManagement.Scene) (at Assets/Systems/EntrepreneurTree/EntrepreneurTreeUIBootstrap.cs:94)
FLOBUK.StoreSimulator.EntrepreneurTreeUIBootstrap:Initialize () (at Assets/Systems/EntrepreneurTree/EntrepreneurTreeUIBootstrap.cs:43)

(Filename: Assets/Systems/EntrepreneurTree/EntrepreneurTreeUIBootstrap.cs Line: 355)

[Employees] Employee panel created.
UnityEngine.Debug:ExtractStackTraceNoAlloc (byte*,int,string)
UnityEngine.StackTraceUtility:ExtractStackTrace ()
UnityEngine.DebugLogHandler:Internal_Log (UnityEngine.LogType,UnityEngine.LogOption,string,UnityEngine.Object)
UnityEngine.DebugLogHandler:LogFormat (UnityEngine.LogType,UnityEngine.Object,string,object[])
UnityEngine.Logger:Log (UnityEngine.LogType,object)
UnityEngine.Debug:Log (object)
FLOBUK.StoreSimulator.EntrepreneurTreeUIBootstrap:EnsureEmployeeTab (FLOBUK.StoreSimulator.UIShopCategoryHelper,UnityEngine.Transform) (at Assets/Systems/EntrepreneurTree/EntrepreneurTreeUIBootstrap.cs:395)
FLOBUK.StoreSimulator.EntrepreneurTreeUIBootstrap:IntegrateScene (UnityEngine.SceneManagement.Scene) (at Assets/Systems/EntrepreneurTree/EntrepreneurTreeUIBootstrap.cs:95)
FLOBUK.StoreSimulator.EntrepreneurTreeUIBootstrap:Initialize () (at Assets/Systems/EntrepreneurTree/EntrepreneurTreeUIBootstrap.cs:43)

(Filename: Assets/Systems/EntrepreneurTree/EntrepreneurTreeUIBootstrap.cs Line: 395)

[Employees] EmployeeAppUIController attached to Empleados panel.
UnityEngine.Debug:ExtractStackTraceNoAlloc (byte*,int,string)
UnityEngine.StackTraceUtility:ExtractStackTrace ()
UnityEngine.DebugLogHandler:Internal_Log (UnityEngine.LogType,UnityEngine.LogOption,string,UnityEngine.Object)
UnityEngine.DebugLogHandler:LogFormat (UnityEngine.LogType,UnityEngine.Object,string,object[])
UnityEngine.Logger:Log (UnityEngine.LogType,object)
UnityEngine.Debug:Log (object)
FLOBUK.StoreSimulator.EntrepreneurTreeUIBootstrap:EnsureEmployeeTab (FLOBUK.StoreSimulator.UIShopCategoryHelper,UnityEngine.Transform) (at Assets/Systems/EntrepreneurTree/EntrepreneurTreeUIBootstrap.cs:402)
FLOBUK.StoreSimulator.EntrepreneurTreeUIBootstrap:IntegrateScene (UnityEngine.SceneManagement.Scene) (at Assets/Systems/EntrepreneurTree/EntrepreneurTreeUIBootstrap.cs:95)
FLOBUK.StoreSimulator.EntrepreneurTreeUIBootstrap:Initialize () (at Assets/Systems/EntrepreneurTree/EntrepreneurTreeUIBootstrap.cs:43)

(Filename: Assets/Systems/EntrepreneurTree/EntrepreneurTreeUIBootstrap.cs Line: 402)

[Employees] Employee tab button created.
UnityEngine.Debug:ExtractStackTraceNoAlloc (byte*,int,string)
UnityEngine.StackTraceUtility:ExtractStackTrace ()
UnityEngine.DebugLogHandler:Internal_Log (UnityEngine.LogType,UnityEngine.LogOption,string,UnityEngine.Object)
UnityEngine.DebugLogHandler:LogFormat (UnityEngine.LogType,UnityEngine.Object,string,object[])
UnityEngine.Logger:Log (UnityEngine.LogType,object)
UnityEngine.Debug:Log (object)
FLOBUK.StoreSimulator.EntrepreneurTreeUIBootstrap:EnsureEmployeeButton (FLOBUK.StoreSimulator.UIShopCategoryHelper,UnityEngine.GameObject) (at Assets/Systems/EntrepreneurTree/EntrepreneurTreeUIBootstrap.cs:462)
FLOBUK.StoreSimulator.EntrepreneurTreeUIBootstrap:EnsureEmployeeTab (FLOBUK.StoreSimulator.UIShopCategoryHelper,UnityEngine.Transform) (at Assets/Systems/EntrepreneurTree/EntrepreneurTreeUIBootstrap.cs:406)
FLOBUK.StoreSimulator.EntrepreneurTreeUIBootstrap:IntegrateScene (UnityEngine.SceneManagement.Scene) (at Assets/Systems/EntrepreneurTree/EntrepreneurTreeUIBootstrap.cs:95)
FLOBUK.StoreSimulator.EntrepreneurTreeUIBootstrap:Initialize () (at Assets/Systems/EntrepreneurTree/EntrepreneurTreeUIBootstrap.cs:43)

(Filename: Assets/Systems/EntrepreneurTree/EntrepreneurTreeUIBootstrap.cs Line: 462)

[Achievements] Achievements panel created.
UnityEngine.Debug:ExtractStackTraceNoAlloc (byte*,int,string)
UnityEngine.StackTraceUtility:ExtractStackTrace ()
UnityEngine.DebugLogHandler:Internal_Log (UnityEngine.LogType,UnityEngine.LogOption,string,UnityEngine.Object)
UnityEngine.DebugLogHandler:LogFormat (UnityEngine.LogType,UnityEngine.Object,string,object[])
UnityEngine.Logger:Log (UnityEngine.LogType,object)
UnityEngine.Debug:Log (object)
FLOBUK.StoreSimulator.EntrepreneurTreeUIBootstrap:EnsureAchievementsTab (FLOBUK.StoreSimulator.UIShopCategoryHelper,UnityEngine.Transform) (at Assets/Systems/EntrepreneurTree/EntrepreneurTreeUIBootstrap.cs:503)
FLOBUK.StoreSimulator.EntrepreneurTreeUIBootstrap:IntegrateScene (UnityEngine.SceneManagement.Scene) (at Assets/Systems/EntrepreneurTree/EntrepreneurTreeUIBootstrap.cs:96)
FLOBUK.StoreSimulator.EntrepreneurTreeUIBootstrap:Initialize () (at Assets/Systems/EntrepreneurTree/EntrepreneurTreeUIBootstrap.cs:43)

(Filename: Assets/Systems/EntrepreneurTree/EntrepreneurTreeUIBootstrap.cs Line: 503)

[Achievements] AchievementsAppUIController attached to Logros panel.
UnityEngine.Debug:ExtractStackTraceNoAlloc (byte*,int,string)
UnityEngine.StackTraceUtility:ExtractStackTrace ()
UnityEngine.DebugLogHandler:Internal_Log (UnityEngine.LogType,UnityEngine.LogOption,string,UnityEngine.Object)
UnityEngine.DebugLogHandler:LogFormat (UnityEngine.LogType,UnityEngine.Object,string,object[])
UnityEngine.Logger:Log (UnityEngine.LogType,object)
UnityEngine.Debug:Log (object)
FLOBUK.StoreSimulator.EntrepreneurTreeUIBootstrap:EnsureAchievementsTab (FLOBUK.StoreSimulator.UIShopCategoryHelper,UnityEngine.Transform) (at Assets/Systems/EntrepreneurTree/EntrepreneurTreeUIBootstrap.cs:510)
FLOBUK.StoreSimulator.EntrepreneurTreeUIBootstrap:IntegrateScene (UnityEngine.SceneManagement.Scene) (at Assets/Systems/EntrepreneurTree/EntrepreneurTreeUIBootstrap.cs:96)
FLOBUK.StoreSimulator.EntrepreneurTreeUIBootstrap:Initialize () (at Assets/Systems/EntrepreneurTree/EntrepreneurTreeUIBootstrap.cs:43)

(Filename: Assets/Systems/EntrepreneurTree/EntrepreneurTreeUIBootstrap.cs Line: 510)

[Achievements] Achievements tab button created.
UnityEngine.Debug:ExtractStackTraceNoAlloc (byte*,int,string)
UnityEngine.StackTraceUtility:ExtractStackTrace ()
UnityEngine.DebugLogHandler:Internal_Log (UnityEngine.LogType,UnityEngine.LogOption,string,UnityEngine.Object)
UnityEngine.DebugLogHandler:LogFormat (UnityEngine.LogType,UnityEngine.Object,string,object[])
UnityEngine.Logger:Log (UnityEngine.LogType,object)
UnityEngine.Debug:Log (object)
FLOBUK.StoreSimulator.EntrepreneurTreeUIBootstrap:EnsureAchievementsButton (FLOBUK.StoreSimulator.UIShopCategoryHelper,UnityEngine.GameObject) (at Assets/Systems/EntrepreneurTree/EntrepreneurTreeUIBootstrap.cs:570)
FLOBUK.StoreSimulator.EntrepreneurTreeUIBootstrap:EnsureAchievementsTab (FLOBUK.StoreSimulator.UIShopCategoryHelper,UnityEngine.Transform) (at Assets/Systems/EntrepreneurTree/EntrepreneurTreeUIBootstrap.cs:514)
FLOBUK.StoreSimulator.EntrepreneurTreeUIBootstrap:IntegrateScene (UnityEngine.SceneManagement.Scene) (at Assets/Systems/EntrepreneurTree/EntrepreneurTreeUIBootstrap.cs:96)
FLOBUK.StoreSimulator.EntrepreneurTreeUIBootstrap:Initialize () (at Assets/Systems/EntrepreneurTree/EntrepreneurTreeUIBootstrap.cs:43)

(Filename: Assets/Systems/EntrepreneurTree/EntrepreneurTreeUIBootstrap.cs Line: 570)

[Orders] Orders panel created.
UnityEngine.Debug:ExtractStackTraceNoAlloc (byte*,int,string)
UnityEngine.StackTraceUtility:ExtractStackTrace ()
UnityEngine.DebugLogHandler:Internal_Log (UnityEngine.LogType,UnityEngine.LogOption,string,UnityEngine.Object)
UnityEngine.DebugLogHandler:LogFormat (UnityEngine.LogType,UnityEngine.Object,string,object[])
UnityEngine.Logger:Log (UnityEngine.LogType,object)
UnityEngine.Debug:Log (object)
FLOBUK.StoreSimulator.EntrepreneurTreeUIBootstrap:EnsureOrdersTab (FLOBUK.StoreSimulator.UIShopCategoryHelper,UnityEngine.Transform) (at Assets/Systems/EntrepreneurTree/EntrepreneurTreeUIBootstrap.cs:620)
FLOBUK.StoreSimulator.EntrepreneurTreeUIBootstrap:IntegrateScene (UnityEngine.SceneManagement.Scene) (at Assets/Systems/EntrepreneurTree/EntrepreneurTreeUIBootstrap.cs:97)
FLOBUK.StoreSimulator.EntrepreneurTreeUIBootstrap:Initialize () (at Assets/Systems/EntrepreneurTree/EntrepreneurTreeUIBootstrap.cs:43)

(Filename: Assets/Systems/EntrepreneurTree/EntrepreneurTreeUIBootstrap.cs Line: 620)

[Orders] OrdersAppUIController attached to Compra panel.
UnityEngine.Debug:ExtractStackTraceNoAlloc (byte*,int,string)
UnityEngine.StackTraceUtility:ExtractStackTrace ()
UnityEngine.DebugLogHandler:Internal_Log (UnityEngine.LogType,UnityEngine.LogOption,string,UnityEngine.Object)
UnityEngine.DebugLogHandler:LogFormat (UnityEngine.LogType,UnityEngine.Object,string,object[])
UnityEngine.Logger:Log (UnityEngine.LogType,object)
UnityEngine.Debug:Log (object)
FLOBUK.StoreSimulator.EntrepreneurTreeUIBootstrap:EnsureOrdersTab (FLOBUK.StoreSimulator.UIShopCategoryHelper,UnityEngine.Transform) (at Assets/Systems/EntrepreneurTree/EntrepreneurTreeUIBootstrap.cs:627)
FLOBUK.StoreSimulator.EntrepreneurTreeUIBootstrap:IntegrateScene (UnityEngine.SceneManagement.Scene) (at Assets/Systems/EntrepreneurTree/EntrepreneurTreeUIBootstrap.cs:97)
FLOBUK.StoreSimulator.EntrepreneurTreeUIBootstrap:Initialize () (at Assets/Systems/EntrepreneurTree/EntrepreneurTreeUIBootstrap.cs:43)

(Filename: Assets/Systems/EntrepreneurTree/EntrepreneurTreeUIBootstrap.cs Line: 627)

[Orders] Orders tab button created.
UnityEngine.Debug:ExtractStackTraceNoAlloc (byte*,int,string)
UnityEngine.StackTraceUtility:ExtractStackTrace ()
UnityEngine.DebugLogHandler:Internal_Log (UnityEngine.LogType,UnityEngine.LogOption,string,UnityEngine.Object)
UnityEngine.DebugLogHandler:LogFormat (UnityEngine.LogType,UnityEngine.Object,string,object[])
UnityEngine.Logger:Log (UnityEngine.LogType,object)
UnityEngine.Debug:Log (object)
FLOBUK.StoreSimulator.EntrepreneurTreeUIBootstrap:EnsureOrdersButton (FLOBUK.StoreSimulator.UIShopCategoryHelper,UnityEngine.GameObject) (at Assets/Systems/EntrepreneurTree/EntrepreneurTreeUIBootstrap.cs:687)
FLOBUK.StoreSimulator.EntrepreneurTreeUIBootstrap:EnsureOrdersTab (FLOBUK.StoreSimulator.UIShopCategoryHelper,UnityEngine.Transform) (at Assets/Systems/EntrepreneurTree/EntrepreneurTreeUIBootstrap.cs:631)
FLOBUK.StoreSimulator.EntrepreneurTreeUIBootstrap:IntegrateScene (UnityEngine.SceneManagement.Scene) (at Assets/Systems/EntrepreneurTree/EntrepreneurTreeUIBootstrap.cs:97)
FLOBUK.StoreSimulator.EntrepreneurTreeUIBootstrap:Initialize () (at Assets/Systems/EntrepreneurTree/EntrepreneurTreeUIBootstrap.cs:43)

(Filename: Assets/Systems/EntrepreneurTree/EntrepreneurTreeUIBootstrap.cs Line: 687)

[Pricing] Pricing panel created.
UnityEngine.Debug:ExtractStackTraceNoAlloc (byte*,int,string)
UnityEngine.StackTraceUtility:ExtractStackTrace ()
UnityEngine.DebugLogHandler:Internal_Log (UnityEngine.LogType,UnityEngine.LogOption,string,UnityEngine.Object)
UnityEngine.DebugLogHandler:LogFormat (UnityEngine.LogType,UnityEngine.Object,string,object[])
UnityEngine.Logger:Log (UnityEngine.LogType,object)
UnityEngine.Debug:Log (object)
FLOBUK.StoreSimulator.EntrepreneurTreeUIBootstrap:EnsurePricingTab (FLOBUK.StoreSimulator.UIShopCategoryHelper,UnityEngine.Transform) (at Assets/Systems/EntrepreneurTree/EntrepreneurTreeUIBootstrap.cs:727)
FLOBUK.StoreSimulator.EntrepreneurTreeUIBootstrap:IntegrateScene (UnityEngine.SceneManagement.Scene) (at Assets/Systems/EntrepreneurTree/EntrepreneurTreeUIBootstrap.cs:98)
FLOBUK.StoreSimulator.EntrepreneurTreeUIBootstrap:Initialize () (at Assets/Systems/EntrepreneurTree/EntrepreneurTreeUIBootstrap.cs:43)

(Filename: Assets/Systems/EntrepreneurTree/EntrepreneurTreeUIBootstrap.cs Line: 727)

[Pricing] PricingAppUIController attached to Precios panel.
UnityEngine.Debug:ExtractStackTraceNoAlloc (byte*,int,string)
UnityEngine.StackTraceUtility:ExtractStackTrace ()
UnityEngine.DebugLogHandler:Internal_Log (UnityEngine.LogType,UnityEngine.LogOption,string,UnityEngine.Object)
UnityEngine.DebugLogHandler:LogFormat (UnityEngine.LogType,UnityEngine.Object,string,object[])
UnityEngine.Logger:Log (UnityEngine.LogType,object)
UnityEngine.Debug:Log (object)
FLOBUK.StoreSimulator.EntrepreneurTreeUIBootstrap:EnsurePricingTab (FLOBUK.StoreSimulator.UIShopCategoryHelper,UnityEngine.Transform) (at Assets/Systems/EntrepreneurTree/EntrepreneurTreeUIBootstrap.cs:734)
FLOBUK.StoreSimulator.EntrepreneurTreeUIBootstrap:IntegrateScene (UnityEngine.SceneManagement.Scene) (at Assets/Systems/EntrepreneurTree/EntrepreneurTreeUIBootstrap.cs:98)
FLOBUK.StoreSimulator.EntrepreneurTreeUIBootstrap:Initialize () (at Assets/Systems/EntrepreneurTree/EntrepreneurTreeUIBootstrap.cs:43)

(Filename: Assets/Systems/EntrepreneurTree/EntrepreneurTreeUIBootstrap.cs Line: 734)

[Pricing] Pricing tab button created.
UnityEngine.Debug:ExtractStackTraceNoAlloc (byte*,int,string)
UnityEngine.StackTraceUtility:ExtractStackTrace ()
UnityEngine.DebugLogHandler:Internal_Log (UnityEngine.LogType,UnityEngine.LogOption,string,UnityEngine.Object)
UnityEngine.DebugLogHandler:LogFormat (UnityEngine.LogType,UnityEngine.Object,string,object[])
UnityEngine.Logger:Log (UnityEngine.LogType,object)
UnityEngine.Debug:Log (object)
FLOBUK.StoreSimulator.EntrepreneurTreeUIBootstrap:EnsurePricingButton (FLOBUK.StoreSimulator.UIShopCategoryHelper,UnityEngine.GameObject) (at Assets/Systems/EntrepreneurTree/EntrepreneurTreeUIBootstrap.cs:795)
FLOBUK.StoreSimulator.EntrepreneurTreeUIBootstrap:EnsurePricingTab (FLOBUK.StoreSimulator.UIShopCategoryHelper,UnityEngine.Transform) (at Assets/Systems/EntrepreneurTree/EntrepreneurTreeUIBootstrap.cs:738)
FLOBUK.StoreSimulator.EntrepreneurTreeUIBootstrap:IntegrateScene (UnityEngine.SceneManagement.Scene) (at Assets/Systems/EntrepreneurTree/EntrepreneurTreeUIBootstrap.cs:98)
FLOBUK.StoreSimulator.EntrepreneurTreeUIBootstrap:Initialize () (at Assets/Systems/EntrepreneurTree/EntrepreneurTreeUIBootstrap.cs:43)

(Filename: Assets/Systems/EntrepreneurTree/EntrepreneurTreeUIBootstrap.cs Line: 795)

[Inventory] Inventory panel created.
UnityEngine.Debug:ExtractStackTraceNoAlloc (byte*,int,string)
UnityEngine.StackTraceUtility:ExtractStackTrace ()
UnityEngine.DebugLogHandler:Internal_Log (UnityEngine.LogType,UnityEngine.LogOption,string,UnityEngine.Object)
UnityEngine.DebugLogHandler:LogFormat (UnityEngine.LogType,UnityEngine.Object,string,object[])
UnityEngine.Logger:Log (UnityEngine.LogType,object)
UnityEngine.Debug:Log (object)
FLOBUK.StoreSimulator.EntrepreneurTreeUIBootstrap:EnsureInventoryTab (FLOBUK.StoreSimulator.UIShopCategoryHelper,UnityEngine.Transform) (at Assets/Systems/EntrepreneurTree/EntrepreneurTreeUIBootstrap.cs:834)
FLOBUK.StoreSimulator.EntrepreneurTreeUIBootstrap:IntegrateScene (UnityEngine.SceneManagement.Scene) (at Assets/Systems/EntrepreneurTree/EntrepreneurTreeUIBootstrap.cs:99)
FLOBUK.StoreSimulator.EntrepreneurTreeUIBootstrap:Initialize () (at Assets/Systems/EntrepreneurTree/EntrepreneurTreeUIBootstrap.cs:43)

(Filename: Assets/Systems/EntrepreneurTree/EntrepreneurTreeUIBootstrap.cs Line: 834)

[Inventory] InventoryAppUIController attached to Inventario panel.
UnityEngine.Debug:ExtractStackTraceNoAlloc (byte*,int,string)
UnityEngine.StackTraceUtility:ExtractStackTrace ()
UnityEngine.DebugLogHandler:Internal_Log (UnityEngine.LogType,UnityEngine.LogOption,string,UnityEngine.Object)
UnityEngine.DebugLogHandler:LogFormat (UnityEngine.LogType,UnityEngine.Object,string,object[])
UnityEngine.Logger:Log (UnityEngine.LogType,object)
UnityEngine.Debug:Log (object)
FLOBUK.StoreSimulator.EntrepreneurTreeUIBootstrap:EnsureInventoryTab (FLOBUK.StoreSimulator.UIShopCategoryHelper,UnityEngine.Transform) (at Assets/Systems/EntrepreneurTree/EntrepreneurTreeUIBootstrap.cs:841)
FLOBUK.StoreSimulator.EntrepreneurTreeUIBootstrap:IntegrateScene (UnityEngine.SceneManagement.Scene) (at Assets/Systems/EntrepreneurTree/EntrepreneurTreeUIBootstrap.cs:99)
FLOBUK.StoreSimulator.EntrepreneurTreeUIBootstrap:Initialize () (at Assets/Systems/EntrepreneurTree/EntrepreneurTreeUIBootstrap.cs:43)

(Filename: Assets/Systems/EntrepreneurTree/EntrepreneurTreeUIBootstrap.cs Line: 841)

[Inventory] Inventory tab button created.
UnityEngine.Debug:ExtractStackTraceNoAlloc (byte*,int,string)
UnityEngine.StackTraceUtility:ExtractStackTrace ()
UnityEngine.DebugLogHandler:Internal_Log (UnityEngine.LogType,UnityEngine.LogOption,string,UnityEngine.Object)
UnityEngine.DebugLogHandler:LogFormat (UnityEngine.LogType,UnityEngine.Object,string,object[])
UnityEngine.Logger:Log (UnityEngine.LogType,object)
UnityEngine.Debug:Log (object)
FLOBUK.StoreSimulator.EntrepreneurTreeUIBootstrap:EnsureInventoryButton (FLOBUK.StoreSimulator.UIShopCategoryHelper,UnityEngine.GameObject) (at Assets/Systems/EntrepreneurTree/EntrepreneurTreeUIBootstrap.cs:910)
FLOBUK.StoreSimulator.EntrepreneurTreeUIBootstrap:EnsureInventoryTab (FLOBUK.StoreSimulator.UIShopCategoryHelper,UnityEngine.Transform) (at Assets/Systems/EntrepreneurTree/EntrepreneurTreeUIBootstrap.cs:845)
FLOBUK.StoreSimulator.EntrepreneurTreeUIBootstrap:IntegrateScene (UnityEngine.SceneManagement.Scene) (at Assets/Systems/EntrepreneurTree/EntrepreneurTreeUIBootstrap.cs:99)
FLOBUK.StoreSimulator.EntrepreneurTreeUIBootstrap:Initialize () (at Assets/Systems/EntrepreneurTree/EntrepreneurTreeUIBootstrap.cs:43)

(Filename: Assets/Systems/EntrepreneurTree/EntrepreneurTreeUIBootstrap.cs Line: 910)

[Instructions] Instructions panel created.
UnityEngine.Debug:ExtractStackTraceNoAlloc (byte*,int,string)
UnityEngine.StackTraceUtility:ExtractStackTrace ()
UnityEngine.DebugLogHandler:Internal_Log (UnityEngine.LogType,UnityEngine.LogOption,string,UnityEngine.Object)
UnityEngine.DebugLogHandler:LogFormat (UnityEngine.LogType,UnityEngine.Object,string,object[])
UnityEngine.Logger:Log (UnityEngine.LogType,object)
UnityEngine.Debug:Log (object)
FLOBUK.StoreSimulator.EntrepreneurTreeUIBootstrap:EnsureInstructionsTab (FLOBUK.StoreSimulator.UIShopCategoryHelper,UnityEngine.Transform) (at Assets/Systems/EntrepreneurTree/EntrepreneurTreeUIBootstrap.cs:945)
FLOBUK.StoreSimulator.EntrepreneurTreeUIBootstrap:IntegrateScene (UnityEngine.SceneManagement.Scene) (at Assets/Systems/EntrepreneurTree/EntrepreneurTreeUIBootstrap.cs:100)
FLOBUK.StoreSimulator.EntrepreneurTreeUIBootstrap:Initialize () (at Assets/Systems/EntrepreneurTree/EntrepreneurTreeUIBootstrap.cs:43)

(Filename: Assets/Systems/EntrepreneurTree/EntrepreneurTreeUIBootstrap.cs Line: 945)

[Instructions] Instructions tab button created.
UnityEngine.Debug:ExtractStackTraceNoAlloc (byte*,int,string)
UnityEngine.StackTraceUtility:ExtractStackTrace ()
UnityEngine.DebugLogHandler:Internal_Log (UnityEngine.LogType,UnityEngine.LogOption,string,UnityEngine.Object)
UnityEngine.DebugLogHandler:LogFormat (UnityEngine.LogType,UnityEngine.Object,string,object[])
UnityEngine.Logger:Log (UnityEngine.LogType,object)
UnityEngine.Debug:Log (object)
FLOBUK.StoreSimulator.EntrepreneurTreeUIBootstrap:EnsureInstructionsButton (FLOBUK.StoreSimulator.UIShopCategoryHelper,UnityEngine.GameObject) (at Assets/Systems/EntrepreneurTree/EntrepreneurTreeUIBootstrap.cs:990)
FLOBUK.StoreSimulator.EntrepreneurTreeUIBootstrap:EnsureInstructionsTab (FLOBUK.StoreSimulator.UIShopCategoryHelper,UnityEngine.Transform) (at Assets/Systems/EntrepreneurTree/EntrepreneurTreeUIBootstrap.cs:951)
FLOBUK.StoreSimulator.EntrepreneurTreeUIBootstrap:IntegrateScene (UnityEngine.SceneManagement.Scene) (at Assets/Systems/EntrepreneurTree/EntrepreneurTreeUIBootstrap.cs:100)
FLOBUK.StoreSimulator.EntrepreneurTreeUIBootstrap:Initialize () (at Assets/Systems/EntrepreneurTree/EntrepreneurTreeUIBootstrap.cs:43)

(Filename: Assets/Systems/EntrepreneurTree/EntrepreneurTreeUIBootstrap.cs Line: 990)

[LicensesTab] Licenses tab hidden: 'LICENSES'.
UnityEngine.Debug:ExtractStackTraceNoAlloc (byte*,int,string)
UnityEngine.StackTraceUtility:ExtractStackTrace ()
UnityEngine.DebugLogHandler:Internal_Log (UnityEngine.LogType,UnityEngine.LogOption,string,UnityEngine.Object)
UnityEngine.DebugLogHandler:LogFormat (UnityEngine.LogType,UnityEngine.Object,string,object[])
UnityEngine.Logger:Log (UnityEngine.LogType,object)
UnityEngine.Debug:Log (object)
FLOBUK.StoreSimulator.EntrepreneurTreeUIBootstrap:HideLicensesTab (FLOBUK.StoreSimulator.UIShopCategoryHelper) (at Assets/Systems/EntrepreneurTree/EntrepreneurTreeUIBootstrap.cs:1027)
FLOBUK.StoreSimulator.EntrepreneurTreeUIBootstrap:IntegrateScene (UnityEngine.SceneManagement.Scene) (at Assets/Systems/EntrepreneurTree/EntrepreneurTreeUIBootstrap.cs:101)
FLOBUK.StoreSimulator.EntrepreneurTreeUIBootstrap:Initialize () (at Assets/Systems/EntrepreneurTree/EntrepreneurTreeUIBootstrap.cs:43)

(Filename: Assets/Systems/EntrepreneurTree/EntrepreneurTreeUIBootstrap.cs Line: 1027)

[LicensesTab] Licenses panel hidden: 'Licenses'.
UnityEngine.Debug:ExtractStackTraceNoAlloc (byte*,int,string)
UnityEngine.StackTraceUtility:ExtractStackTrace ()
UnityEngine.DebugLogHandler:Internal_Log (UnityEngine.LogType,UnityEngine.LogOption,string,UnityEngine.Object)
UnityEngine.DebugLogHandler:LogFormat (UnityEngine.LogType,UnityEngine.Object,string,object[])
UnityEngine.Logger:Log (UnityEngine.LogType,object)
UnityEngine.Debug:Log (object)
FLOBUK.StoreSimulator.EntrepreneurTreeUIBootstrap:HideLicensesTab (FLOBUK.StoreSimulator.UIShopCategoryHelper) (at Assets/Systems/EntrepreneurTree/EntrepreneurTreeUIBootstrap.cs:1040)
FLOBUK.StoreSimulator.EntrepreneurTreeUIBootstrap:IntegrateScene (UnityEngine.SceneManagement.Scene) (at Assets/Systems/EntrepreneurTree/EntrepreneurTreeUIBootstrap.cs:101)
FLOBUK.StoreSimulator.EntrepreneurTreeUIBootstrap:Initialize () (at Assets/Systems/EntrepreneurTree/EntrepreneurTreeUIBootstrap.cs:43)

(Filename: Assets/Systems/EntrepreneurTree/EntrepreneurTreeUIBootstrap.cs Line: 1040)

Loaded scene 'Temp/__Backupscenes/0.backup'
	Deserialize:            205.380 ms
	Integration:            791.901 ms
	Integration of assets:  2.408 ms
	Thread Wait Time:       -0.186 ms
	Total Operation Time:   999.502 ms
[EntrepreneurTree] Product mapping: product_basic_1 -> 6 products found.
UnityEngine.Debug:ExtractStackTraceNoAlloc (byte*,int,string)
UnityEngine.StackTraceUtility:ExtractStackTrace ()
UnityEngine.DebugLogHandler:Internal_Log (UnityEngine.LogType,UnityEngine.LogOption,string,UnityEngine.Object)
UnityEngine.DebugLogHandler:LogFormat (UnityEngine.LogType,UnityEngine.Object,string,object[])
UnityEngine.Logger:Log (UnityEngine.LogType,object)
UnityEngine.Debug:Log (object)
FLOBUK.StoreSimulator.EntrepreneurTreeProductUnlockAdapter:BuildMappingIfNeeded () (at Assets/Systems/EntrepreneurTree/EntrepreneurTreeProductUnlockAdapter.cs:191)
FLOBUK.StoreSimulator.EntrepreneurTreeProductUnlockAdapter:IsProductUnlocked (FLOBUK.StoreSimulator.ProductScriptableObject) (at Assets/Systems/EntrepreneurTree/EntrepreneurTreeProductUnlockAdapter.cs:85)
FLOBUK.StoreSimulator.EntrepreneurTreeGameplayBridge:IsProductUnlocked (FLOBUK.StoreSimulator.ProductScriptableObject) (at Assets/Systems/EntrepreneurTree/EntrepreneurTreeGameplayBridge.cs:49)
FLOBUK.StoreSimulator.UIShopItemProduct:Initialize (FLOBUK.StoreSimulator.PurchasableScriptableObject) (at Assets/StoreSimulator/Scripts/UIShopItemProduct.cs:48)
FLOBUK.StoreSimulator.UIShopCategory:InstantiateItem (FLOBUK.StoreSimulator.PurchasableScriptableObject) (at Assets/StoreSimulator/Scripts/UIShopCategory.cs:164)
FLOBUK.StoreSimulator.UIShopCategory:AddItems (int) (at Assets/StoreSimulator/Scripts/UIShopCategory.cs:111)
FLOBUK.StoreSimulator.UIShopCategory:Start () (at Assets/StoreSimulator/Scripts/UIShopCategory.cs:74)

(Filename: Assets/Systems/EntrepreneurTree/EntrepreneurTreeProductUnlockAdapter.cs Line: 191)

[EntrepreneurTree] Product mapping: product_basic_2 -> 5 products found.
UnityEngine.Debug:ExtractStackTraceNoAlloc (byte*,int,string)
UnityEngine.StackTraceUtility:ExtractStackTrace ()
UnityEngine.DebugLogHandler:Internal_Log (UnityEngine.LogType,UnityEngine.LogOption,string,UnityEngine.Object)
UnityEngine.DebugLogHandler:LogFormat (UnityEngine.LogType,UnityEngine.Object,string,object[])
UnityEngine.Logger:Log (UnityEngine.LogType,object)
UnityEngine.Debug:Log (object)
FLOBUK.StoreSimulator.EntrepreneurTreeProductUnlockAdapter:BuildMappingIfNeeded () (at Assets/Systems/EntrepreneurTree/EntrepreneurTreeProductUnlockAdapter.cs:191)
FLOBUK.StoreSimulator.EntrepreneurTreeProductUnlockAdapter:IsProductUnlocked (FLOBUK.StoreSimulator.ProductScriptableObject) (at Assets/Systems/EntrepreneurTree/EntrepreneurTreeProductUnlockAdapter.cs:85)
FLOBUK.StoreSimulator.EntrepreneurTreeGameplayBridge:IsProductUnlocked (FLOBUK.StoreSimulator.ProductScriptableObject) (at Assets/Systems/EntrepreneurTree/EntrepreneurTreeGameplayBridge.cs:49)
FLOBUK.StoreSimulator.UIShopItemProduct:Initialize (FLOBUK.StoreSimulator.PurchasableScriptableObject) (at Assets/StoreSimulator/Scripts/UIShopItemProduct.cs:48)
FLOBUK.StoreSimulator.UIShopCategory:InstantiateItem (FLOBUK.StoreSimulator.PurchasableScriptableObject) (at Assets/StoreSimulator/Scripts/UIShopCategory.cs:164)
FLOBUK.StoreSimulator.UIShopCategory:AddItems (int) (at Assets/StoreSimulator/Scripts/UIShopCategory.cs:111)
FLOBUK.StoreSimulator.UIShopCategory:Start () (at Assets/StoreSimulator/Scripts/UIShopCategory.cs:74)

(Filename: Assets/Systems/EntrepreneurTree/EntrepreneurTreeProductUnlockAdapter.cs Line: 191)

[EntrepreneurTree] Product mapping: product_basic_3 -> 2 products found.
UnityEngine.Debug:ExtractStackTraceNoAlloc (byte*,int,string)
UnityEngine.StackTraceUtility:ExtractStackTrace ()
UnityEngine.DebugLogHandler:Internal_Log (UnityEngine.LogType,UnityEngine.LogOption,string,UnityEngine.Object)
UnityEngine.DebugLogHandler:LogFormat (UnityEngine.LogType,UnityEngine.Object,string,object[])
UnityEngine.Logger:Log (UnityEngine.LogType,object)
UnityEngine.Debug:Log (object)
FLOBUK.StoreSimulator.EntrepreneurTreeProductUnlockAdapter:BuildMappingIfNeeded () (at Assets/Systems/EntrepreneurTree/EntrepreneurTreeProductUnlockAdapter.cs:191)
FLOBUK.StoreSimulator.EntrepreneurTreeProductUnlockAdapter:IsProductUnlocked (FLOBUK.StoreSimulator.ProductScriptableObject) (at Assets/Systems/EntrepreneurTree/EntrepreneurTreeProductUnlockAdapter.cs:85)
FLOBUK.StoreSimulator.EntrepreneurTreeGameplayBridge:IsProductUnlocked (FLOBUK.StoreSimulator.ProductScriptableObject) (at Assets/Systems/EntrepreneurTree/EntrepreneurTreeGameplayBridge.cs:49)
FLOBUK.StoreSimulator.UIShopItemProduct:Initialize (FLOBUK.StoreSimulator.PurchasableScriptableObject) (at Assets/StoreSimulator/Scripts/UIShopItemProduct.cs:48)
FLOBUK.StoreSimulator.UIShopCategory:InstantiateItem (FLOBUK.StoreSimulator.PurchasableScriptableObject) (at Assets/StoreSimulator/Scripts/UIShopCategory.cs:164)
FLOBUK.StoreSimulator.UIShopCategory:AddItems (int) (at Assets/StoreSimulator/Scripts/UIShopCategory.cs:111)
FLOBUK.StoreSimulator.UIShopCategory:Start () (at Assets/StoreSimulator/Scripts/UIShopCategory.cs:74)

(Filename: Assets/Systems/EntrepreneurTree/EntrepreneurTreeProductUnlockAdapter.cs Line: 191)

[EntrepreneurTree] Product mapping: product_dairy_1 -> 3 products found.
UnityEngine.Debug:ExtractStackTraceNoAlloc (byte*,int,string)
UnityEngine.StackTraceUtility:ExtractStackTrace ()
UnityEngine.DebugLogHandler:Internal_Log (UnityEngine.LogType,UnityEngine.LogOption,string,UnityEngine.Object)
UnityEngine.DebugLogHandler:LogFormat (UnityEngine.LogType,UnityEngine.Object,string,object[])
UnityEngine.Logger:Log (UnityEngine.LogType,object)
UnityEngine.Debug:Log (object)
FLOBUK.StoreSimulator.EntrepreneurTreeProductUnlockAdapter:BuildMappingIfNeeded () (at Assets/Systems/EntrepreneurTree/EntrepreneurTreeProductUnlockAdapter.cs:191)
FLOBUK.StoreSimulator.EntrepreneurTreeProductUnlockAdapter:IsProductUnlocked (FLOBUK.StoreSimulator.ProductScriptableObject) (at Assets/Systems/EntrepreneurTree/EntrepreneurTreeProductUnlockAdapter.cs:85)
FLOBUK.StoreSimulator.EntrepreneurTreeGameplayBridge:IsProductUnlocked (FLOBUK.StoreSimulator.ProductScriptableObject) (at Assets/Systems/EntrepreneurTree/EntrepreneurTreeGameplayBridge.cs:49)
FLOBUK.StoreSimulator.UIShopItemProduct:Initialize (FLOBUK.StoreSimulator.PurchasableScriptableObject) (at Assets/StoreSimulator/Scripts/UIShopItemProduct.cs:48)
FLOBUK.StoreSimulator.UIShopCategory:InstantiateItem (FLOBUK.StoreSimulator.PurchasableScriptableObject) (at Assets/StoreSimulator/Scripts/UIShopCategory.cs:164)
FLOBUK.StoreSimulator.UIShopCategory:AddItems (int) (at Assets/StoreSimulator/Scripts/UIShopCategory.cs:111)
FLOBUK.StoreSimulator.UIShopCategory:Start () (at Assets/StoreSimulator/Scripts/UIShopCategory.cs:74)

(Filename: Assets/Systems/EntrepreneurTree/EntrepreneurTreeProductUnlockAdapter.cs Line: 191)

[EntrepreneurTree] Product mapping: product_dairy_2 -> 2 products found.
UnityEngine.Debug:ExtractStackTraceNoAlloc (byte*,int,string)
UnityEngine.StackTraceUtility:ExtractStackTrace ()
UnityEngine.DebugLogHandler:Internal_Log (UnityEngine.LogType,UnityEngine.LogOption,string,UnityEngine.Object)
UnityEngine.DebugLogHandler:LogFormat (UnityEngine.LogType,UnityEngine.Object,string,object[])
UnityEngine.Logger:Log (UnityEngine.LogType,object)
UnityEngine.Debug:Log (object)
FLOBUK.StoreSimulator.EntrepreneurTreeProductUnlockAdapter:BuildMappingIfNeeded () (at Assets/Systems/EntrepreneurTree/EntrepreneurTreeProductUnlockAdapter.cs:191)
FLOBUK.StoreSimulator.EntrepreneurTreeProductUnlockAdapter:IsProductUnlocked (FLOBUK.StoreSimulator.ProductScriptableObject) (at Assets/Systems/EntrepreneurTree/EntrepreneurTreeProductUnlockAdapter.cs:85)
FLOBUK.StoreSimulator.EntrepreneurTreeGameplayBridge:IsProductUnlocked (FLOBUK.StoreSimulator.ProductScriptableObject) (at Assets/Systems/EntrepreneurTree/EntrepreneurTreeGameplayBridge.cs:49)
FLOBUK.StoreSimulator.UIShopItemProduct:Initialize (FLOBUK.StoreSimulator.PurchasableScriptableObject) (at Assets/StoreSimulator/Scripts/UIShopItemProduct.cs:48)
FLOBUK.StoreSimulator.UIShopCategory:InstantiateItem (FLOBUK.StoreSimulator.PurchasableScriptableObject) (at Assets/StoreSimulator/Scripts/UIShopCategory.cs:164)
FLOBUK.StoreSimulator.UIShopCategory:AddItems (int) (at Assets/StoreSimulator/Scripts/UIShopCategory.cs:111)
FLOBUK.StoreSimulator.UIShopCategory:Start () (at Assets/StoreSimulator/Scripts/UIShopCategory.cs:74)

(Filename: Assets/Systems/EntrepreneurTree/EntrepreneurTreeProductUnlockAdapter.cs Line: 191)

[EntrepreneurTree] Product mapping: product_dairy_3 -> 2 products found.
UnityEngine.Debug:ExtractStackTraceNoAlloc (byte*,int,string)
UnityEngine.StackTraceUtility:ExtractStackTrace ()
UnityEngine.DebugLogHandler:Internal_Log (UnityEngine.LogType,UnityEngine.LogOption,string,UnityEngine.Object)
UnityEngine.DebugLogHandler:LogFormat (UnityEngine.LogType,UnityEngine.Object,string,object[])
UnityEngine.Logger:Log (UnityEngine.LogType,object)
UnityEngine.Debug:Log (object)
FLOBUK.StoreSimulator.EntrepreneurTreeProductUnlockAdapter:BuildMappingIfNeeded () (at Assets/Systems/EntrepreneurTree/EntrepreneurTreeProductUnlockAdapter.cs:191)
FLOBUK.StoreSimulator.EntrepreneurTreeProductUnlockAdapter:IsProductUnlocked (FLOBUK.StoreSimulator.ProductScriptableObject) (at Assets/Systems/EntrepreneurTree/EntrepreneurTreeProductUnlockAdapter.cs:85)
FLOBUK.StoreSimulator.EntrepreneurTreeGameplayBridge:IsProductUnlocked (FLOBUK.StoreSimulator.ProductScriptableObject) (at Assets/Systems/EntrepreneurTree/EntrepreneurTreeGameplayBridge.cs:49)
FLOBUK.StoreSimulator.UIShopItemProduct:Initialize (FLOBUK.StoreSimulator.PurchasableScriptableObject) (at Assets/StoreSimulator/Scripts/UIShopItemProduct.cs:48)
FLOBUK.StoreSimulator.UIShopCategory:InstantiateItem (FLOBUK.StoreSimulator.PurchasableScriptableObject) (at Assets/StoreSimulator/Scripts/UIShopCategory.cs:164)
FLOBUK.StoreSimulator.UIShopCategory:AddItems (int) (at Assets/StoreSimulator/Scripts/UIShopCategory.cs:111)
FLOBUK.StoreSimulator.UIShopCategory:Start () (at Assets/StoreSimulator/Scripts/UIShopCategory.cs:74)

(Filename: Assets/Systems/EntrepreneurTree/EntrepreneurTreeProductUnlockAdapter.cs Line: 191)

[EntrepreneurTree] Product mapping: product_spices_1 -> 2 products found.
UnityEngine.Debug:ExtractStackTraceNoAlloc (byte*,int,string)
UnityEngine.StackTraceUtility:ExtractStackTrace ()
UnityEngine.DebugLogHandler:Internal_Log (UnityEngine.LogType,UnityEngine.LogOption,string,UnityEngine.Object)
UnityEngine.DebugLogHandler:LogFormat (UnityEngine.LogType,UnityEngine.Object,string,object[])
UnityEngine.Logger:Log (UnityEngine.LogType,object)
UnityEngine.Debug:Log (object)
FLOBUK.StoreSimulator.EntrepreneurTreeProductUnlockAdapter:BuildMappingIfNeeded () (at Assets/Systems/EntrepreneurTree/EntrepreneurTreeProductUnlockAdapter.cs:191)
FLOBUK.StoreSimulator.EntrepreneurTreeProductUnlockAdapter:IsProductUnlocked (FLOBUK.StoreSimulator.ProductScriptableObject) (at Assets/Systems/EntrepreneurTree/EntrepreneurTreeProductUnlockAdapter.cs:85)
FLOBUK.StoreSimulator.EntrepreneurTreeGameplayBridge:IsProductUnlocked (FLOBUK.StoreSimulator.ProductScriptableObject) (at Assets/Systems/EntrepreneurTree/EntrepreneurTreeGameplayBridge.cs:49)
FLOBUK.StoreSimulator.UIShopItemProduct:Initialize (FLOBUK.StoreSimulator.PurchasableScriptableObject) (at Assets/StoreSimulator/Scripts/UIShopItemProduct.cs:48)
FLOBUK.StoreSimulator.UIShopCategory:InstantiateItem (FLOBUK.StoreSimulator.PurchasableScriptableObject) (at Assets/StoreSimulator/Scripts/UIShopCategory.cs:164)
FLOBUK.StoreSimulator.UIShopCategory:AddItems (int) (at Assets/StoreSimulator/Scripts/UIShopCategory.cs:111)
FLOBUK.StoreSimulator.UIShopCategory:Start () (at Assets/StoreSimulator/Scripts/UIShopCategory.cs:74)

(Filename: Assets/Systems/EntrepreneurTree/EntrepreneurTreeProductUnlockAdapter.cs Line: 191)

[EntrepreneurTree] Product mapping: product_fresh_1 -> 4 products found.
UnityEngine.Debug:ExtractStackTraceNoAlloc (byte*,int,string)
UnityEngine.StackTraceUtility:ExtractStackTrace ()
UnityEngine.DebugLogHandler:Internal_Log (UnityEngine.LogType,UnityEngine.LogOption,string,UnityEngine.Object)
UnityEngine.DebugLogHandler:LogFormat (UnityEngine.LogType,UnityEngine.Object,string,object[])
UnityEngine.Logger:Log (UnityEngine.LogType,object)
UnityEngine.Debug:Log (object)
FLOBUK.StoreSimulator.EntrepreneurTreeProductUnlockAdapter:BuildMappingIfNeeded () (at Assets/Systems/EntrepreneurTree/EntrepreneurTreeProductUnlockAdapter.cs:191)
FLOBUK.StoreSimulator.EntrepreneurTreeProductUnlockAdapter:IsProductUnlocked (FLOBUK.StoreSimulator.ProductScriptableObject) (at Assets/Systems/EntrepreneurTree/EntrepreneurTreeProductUnlockAdapter.cs:85)
FLOBUK.StoreSimulator.EntrepreneurTreeGameplayBridge:IsProductUnlocked (FLOBUK.StoreSimulator.ProductScriptableObject) (at Assets/Systems/EntrepreneurTree/EntrepreneurTreeGameplayBridge.cs:49)
FLOBUK.StoreSimulator.UIShopItemProduct:Initialize (FLOBUK.StoreSimulator.PurchasableScriptableObject) (at Assets/StoreSimulator/Scripts/UIShopItemProduct.cs:48)
FLOBUK.StoreSimulator.UIShopCategory:InstantiateItem (FLOBUK.StoreSimulator.PurchasableScriptableObject) (at Assets/StoreSimulator/Scripts/UIShopCategory.cs:164)
FLOBUK.StoreSimulator.UIShopCategory:AddItems (int) (at Assets/StoreSimulator/Scripts/UIShopCategory.cs:111)
FLOBUK.StoreSimulator.UIShopCategory:Start () (at Assets/StoreSimulator/Scripts/UIShopCategory.cs:74)

(Filename: Assets/Systems/EntrepreneurTree/EntrepreneurTreeProductUnlockAdapter.cs Line: 191)

[EntrepreneurTree] Product mapping: product_fresh_2 -> 3 products found.
UnityEngine.Debug:ExtractStackTraceNoAlloc (byte*,int,string)
UnityEngine.StackTraceUtility:ExtractStackTrace ()
UnityEngine.DebugLogHandler:Internal_Log (UnityEngine.LogType,UnityEngine.LogOption,string,UnityEngine.Object)
UnityEngine.DebugLogHandler:LogFormat (UnityEngine.LogType,UnityEngine.Object,string,object[])
UnityEngine.Logger:Log (UnityEngine.LogType,object)
UnityEngine.Debug:Log (object)
FLOBUK.StoreSimulator.EntrepreneurTreeProductUnlockAdapter:BuildMappingIfNeeded () (at Assets/Systems/EntrepreneurTree/EntrepreneurTreeProductUnlockAdapter.cs:191)
FLOBUK.StoreSimulator.EntrepreneurTreeProductUnlockAdapter:IsProductUnlocked (FLOBUK.StoreSimulator.ProductScriptableObject) (at Assets/Systems/EntrepreneurTree/EntrepreneurTreeProductUnlockAdapter.cs:85)
FLOBUK.StoreSimulator.EntrepreneurTreeGameplayBridge:IsProductUnlocked (FLOBUK.StoreSimulator.ProductScriptableObject) (at Assets/Systems/EntrepreneurTree/EntrepreneurTreeGameplayBridge.cs:49)
FLOBUK.StoreSimulator.UIShopItemProduct:Initialize (FLOBUK.StoreSimulator.PurchasableScriptableObject) (at Assets/StoreSimulator/Scripts/UIShopItemProduct.cs:48)
FLOBUK.StoreSimulator.UIShopCategory:InstantiateItem (FLOBUK.StoreSimulator.PurchasableScriptableObject) (at Assets/StoreSimulator/Scripts/UIShopCategory.cs:164)
FLOBUK.StoreSimulator.UIShopCategory:AddItems (int) (at Assets/StoreSimulator/Scripts/UIShopCategory.cs:111)
FLOBUK.StoreSimulator.UIShopCategory:Start () (at Assets/StoreSimulator/Scripts/UIShopCategory.cs:74)

(Filename: Assets/Systems/EntrepreneurTree/EntrepreneurTreeProductUnlockAdapter.cs Line: 191)

[EntrepreneurTree] Product mapping: product_hygiene -> 4 products found.
UnityEngine.Debug:ExtractStackTraceNoAlloc (byte*,int,string)
UnityEngine.StackTraceUtility:ExtractStackTrace ()
UnityEngine.DebugLogHandler:Internal_Log (UnityEngine.LogType,UnityEngine.LogOption,string,UnityEngine.Object)
UnityEngine.DebugLogHandler:LogFormat (UnityEngine.LogType,UnityEngine.Object,string,object[])
UnityEngine.Logger:Log (UnityEngine.LogType,object)
UnityEngine.Debug:Log (object)
FLOBUK.StoreSimulator.EntrepreneurTreeProductUnlockAdapter:BuildMappingIfNeeded () (at Assets/Systems/EntrepreneurTree/EntrepreneurTreeProductUnlockAdapter.cs:191)
FLOBUK.StoreSimulator.EntrepreneurTreeProductUnlockAdapter:IsProductUnlocked (FLOBUK.StoreSimulator.ProductScriptableObject) (at Assets/Systems/EntrepreneurTree/EntrepreneurTreeProductUnlockAdapter.cs:85)
FLOBUK.StoreSimulator.EntrepreneurTreeGameplayBridge:IsProductUnlocked (FLOBUK.StoreSimulator.ProductScriptableObject) (at Assets/Systems/EntrepreneurTree/EntrepreneurTreeGameplayBridge.cs:49)
FLOBUK.StoreSimulator.UIShopItemProduct:Initialize (FLOBUK.StoreSimulator.PurchasableScriptableObject) (at Assets/StoreSimulator/Scripts/UIShopItemProduct.cs:48)
FLOBUK.StoreSimulator.UIShopCategory:InstantiateItem (FLOBUK.StoreSimulator.PurchasableScriptableObject) (at Assets/StoreSimulator/Scripts/UIShopCategory.cs:164)
FLOBUK.StoreSimulator.UIShopCategory:AddItems (int) (at Assets/StoreSimulator/Scripts/UIShopCategory.cs:111)
FLOBUK.StoreSimulator.UIShopCategory:Start () (at Assets/StoreSimulator/Scripts/UIShopCategory.cs:74)

(Filename: Assets/Systems/EntrepreneurTree/EntrepreneurTreeProductUnlockAdapter.cs Line: 191)

[EntrepreneurTree] Product mapping: product_protein_1 -> 4 products found.
UnityEngine.Debug:ExtractStackTraceNoAlloc (byte*,int,string)
UnityEngine.StackTraceUtility:ExtractStackTrace ()
UnityEngine.DebugLogHandler:Internal_Log (UnityEngine.LogType,UnityEngine.LogOption,string,UnityEngine.Object)
UnityEngine.DebugLogHandler:LogFormat (UnityEngine.LogType,UnityEngine.Object,string,object[])
UnityEngine.Logger:Log (UnityEngine.LogType,object)
UnityEngine.Debug:Log (object)
FLOBUK.StoreSimulator.EntrepreneurTreeProductUnlockAdapter:BuildMappingIfNeeded () (at Assets/Systems/EntrepreneurTree/EntrepreneurTreeProductUnlockAdapter.cs:191)
FLOBUK.StoreSimulator.EntrepreneurTreeProductUnlockAdapter:IsProductUnlocked (FLOBUK.StoreSimulator.ProductScriptableObject) (at Assets/Systems/EntrepreneurTree/EntrepreneurTreeProductUnlockAdapter.cs:85)
FLOBUK.StoreSimulator.EntrepreneurTreeGameplayBridge:IsProductUnlocked (FLOBUK.StoreSimulator.ProductScriptableObject) (at Assets/Systems/EntrepreneurTree/EntrepreneurTreeGameplayBridge.cs:49)
FLOBUK.StoreSimulator.UIShopItemProduct:Initialize (FLOBUK.StoreSimulator.PurchasableScriptableObject) (at Assets/StoreSimulator/Scripts/UIShopItemProduct.cs:48)
FLOBUK.StoreSimulator.UIShopCategory:InstantiateItem (FLOBUK.StoreSimulator.PurchasableScriptableObject) (at Assets/StoreSimulator/Scripts/UIShopCategory.cs:164)
FLOBUK.StoreSimulator.UIShopCategory:AddItems (int) (at Assets/StoreSimulator/Scripts/UIShopCategory.cs:111)
FLOBUK.StoreSimulator.UIShopCategory:Start () (at Assets/StoreSimulator/Scripts/UIShopCategory.cs:74)

(Filename: Assets/Systems/EntrepreneurTree/EntrepreneurTreeProductUnlockAdapter.cs Line: 191)

[EntrepreneurTree] Product mapping: product_sodas -> 4 products found.
UnityEngine.Debug:ExtractStackTraceNoAlloc (byte*,int,string)
UnityEngine.StackTraceUtility:ExtractStackTrace ()
UnityEngine.DebugLogHandler:Internal_Log (UnityEngine.LogType,UnityEngine.LogOption,string,UnityEngine.Object)
UnityEngine.DebugLogHandler:LogFormat (UnityEngine.LogType,UnityEngine.Object,string,object[])
UnityEngine.Logger:Log (UnityEngine.LogType,object)
UnityEngine.Debug:Log (object)
FLOBUK.StoreSimulator.EntrepreneurTreeProductUnlockAdapter:BuildMappingIfNeeded () (at Assets/Systems/EntrepreneurTree/EntrepreneurTreeProductUnlockAdapter.cs:191)
FLOBUK.StoreSimulator.EntrepreneurTreeProductUnlockAdapter:IsProductUnlocked (FLOBUK.StoreSimulator.ProductScriptableObject) (at Assets/Systems/EntrepreneurTree/EntrepreneurTreeProductUnlockAdapter.cs:85)
FLOBUK.StoreSimulator.EntrepreneurTreeGameplayBridge:IsProductUnlocked (FLOBUK.StoreSimulator.ProductScriptableObject) (at Assets/Systems/EntrepreneurTree/EntrepreneurTreeGameplayBridge.cs:49)
FLOBUK.StoreSimulator.UIShopItemProduct:Initialize (FLOBUK.StoreSimulator.PurchasableScriptableObject) (at Assets/StoreSimulator/Scripts/UIShopItemProduct.cs:48)
FLOBUK.StoreSimulator.UIShopCategory:InstantiateItem (FLOBUK.StoreSimulator.PurchasableScriptableObject) (at Assets/StoreSimulator/Scripts/UIShopCategory.cs:164)
FLOBUK.StoreSimulator.UIShopCategory:AddItems (int) (at Assets/StoreSimulator/Scripts/UIShopCategory.cs:111)
FLOBUK.StoreSimulator.UIShopCategory:Start () (at Assets/StoreSimulator/Scripts/UIShopCategory.cs:74)

(Filename: Assets/Systems/EntrepreneurTree/EntrepreneurTreeProductUnlockAdapter.cs Line: 191)

[EntrepreneurTree] Product mapping: product_luxury_1 -> 3 products found.
UnityEngine.Debug:ExtractStackTraceNoAlloc (byte*,int,string)
UnityEngine.StackTraceUtility:ExtractStackTrace ()
UnityEngine.DebugLogHandler:Internal_Log (UnityEngine.LogType,UnityEngine.LogOption,string,UnityEngine.Object)
UnityEngine.DebugLogHandler:LogFormat (UnityEngine.LogType,UnityEngine.Object,string,object[])
UnityEngine.Logger:Log (UnityEngine.LogType,object)
UnityEngine.Debug:Log (object)
FLOBUK.StoreSimulator.EntrepreneurTreeProductUnlockAdapter:BuildMappingIfNeeded () (at Assets/Systems/EntrepreneurTree/EntrepreneurTreeProductUnlockAdapter.cs:191)
FLOBUK.StoreSimulator.EntrepreneurTreeProductUnlockAdapter:IsProductUnlocked (FLOBUK.StoreSimulator.ProductScriptableObject) (at Assets/Systems/EntrepreneurTree/EntrepreneurTreeProductUnlockAdapter.cs:85)
FLOBUK.StoreSimulator.EntrepreneurTreeGameplayBridge:IsProductUnlocked (FLOBUK.StoreSimulator.ProductScriptableObject) (at Assets/Systems/EntrepreneurTree/EntrepreneurTreeGameplayBridge.cs:49)
FLOBUK.StoreSimulator.UIShopItemProduct:Initialize (FLOBUK.StoreSimulator.PurchasableScriptableObject) (at Assets/StoreSimulator/Scripts/UIShopItemProduct.cs:48)
FLOBUK.StoreSimulator.UIShopCategory:InstantiateItem (FLOBUK.StoreSimulator.PurchasableScriptableObject) (at Assets/StoreSimulator/Scripts/UIShopCategory.cs:164)
FLOBUK.StoreSimulator.UIShopCategory:AddItems (int) (at Assets/StoreSimulator/Scripts/UIShopCategory.cs:111)
FLOBUK.StoreSimulator.UIShopCategory:Start () (at Assets/StoreSimulator/Scripts/UIShopCategory.cs:74)

(Filename: Assets/Systems/EntrepreneurTree/EntrepreneurTreeProductUnlockAdapter.cs Line: 191)

[EntrepreneurTree] Product mapping warning: product_appliances_1 -> mesa not found.
UnityEngine.Debug:ExtractStackTraceNoAlloc (byte*,int,string)
UnityEngine.StackTraceUtility:ExtractStackTrace ()
UnityEngine.DebugLogHandler:Internal_Log (UnityEngine.LogType,UnityEngine.LogOption,string,UnityEngine.Object)
UnityEngine.DebugLogHandler:LogFormat (UnityEngine.LogType,UnityEngine.Object,string,object[])
UnityEngine.Logger:Log (UnityEngine.LogType,object)
UnityEngine.Debug:LogWarning (object)
FLOBUK.StoreSimulator.EntrepreneurTreeProductUnlockAdapter:AddAliasProducts (FLOBUK.StoreSimulator.EntrepreneurTreeProductUnlockAdapter/ProductGroupMapping,System.Collections.Generic.List`1<FLOBUK.StoreSimulator.ProductScriptableObject>,System.Collections.Generic.HashSet`1<string>) (at Assets/Systems/EntrepreneurTree/EntrepreneurTreeProductUnlockAdapter.cs:237)
FLOBUK.StoreSimulator.EntrepreneurTreeProductUnlockAdapter:BuildMappingIfNeeded () (at Assets/Systems/EntrepreneurTree/EntrepreneurTreeProductUnlockAdapter.cs:185)
FLOBUK.StoreSimulator.EntrepreneurTreeProductUnlockAdapter:IsProductUnlocked (FLOBUK.StoreSimulator.ProductScriptableObject) (at Assets/Systems/EntrepreneurTree/EntrepreneurTreeProductUnlockAdapter.cs:85)
FLOBUK.StoreSimulator.EntrepreneurTreeGameplayBridge:IsProductUnlocked (FLOBUK.StoreSimulator.ProductScriptableObject) (at Assets/Systems/EntrepreneurTree/EntrepreneurTreeGameplayBridge.cs:49)
FLOBUK.StoreSimulator.UIShopItemProduct:Initialize (FLOBUK.StoreSimulator.PurchasableScriptableObject) (at Assets/StoreSimulator/Scripts/UIShopItemProduct.cs:48)
FLOBUK.StoreSimulator.UIShopCategory:InstantiateItem (FLOBUK.StoreSimulator.PurchasableScriptableObject) (at Assets/StoreSimulator/Scripts/UIShopCategory.cs:164)
FLOBUK.StoreSimulator.UIShopCategory:AddItems (int) (at Assets/StoreSimulator/Scripts/UIShopCategory.cs:111)
FLOBUK.StoreSimulator.UIShopCategory:Start () (at Assets/StoreSimulator/Scripts/UIShopCategory.cs:74)

(Filename: Assets/Systems/EntrepreneurTree/EntrepreneurTreeProductUnlockAdapter.cs Line: 237)

[EntrepreneurTree] Product mapping warning: product_appliances_1 -> mesas not found.
UnityEngine.Debug:ExtractStackTraceNoAlloc (byte*,int,string)
UnityEngine.StackTraceUtility:ExtractStackTrace ()
UnityEngine.DebugLogHandler:Internal_Log (UnityEngine.LogType,UnityEngine.LogOption,string,UnityEngine.Object)
UnityEngine.DebugLogHandler:LogFormat (UnityEngine.LogType,UnityEngine.Object,string,object[])
UnityEngine.Logger:Log (UnityEngine.LogType,object)
UnityEngine.Debug:LogWarning (object)
FLOBUK.StoreSimulator.EntrepreneurTreeProductUnlockAdapter:AddAliasProducts (FLOBUK.StoreSimulator.EntrepreneurTreeProductUnlockAdapter/ProductGroupMapping,System.Collections.Generic.List`1<FLOBUK.StoreSimulator.ProductScriptableObject>,System.Collections.Generic.HashSet`1<string>) (at Assets/Systems/EntrepreneurTree/EntrepreneurTreeProductUnlockAdapter.cs:237)
FLOBUK.StoreSimulator.EntrepreneurTreeProductUnlockAdapter:BuildMappingIfNeeded () (at Assets/Systems/EntrepreneurTree/EntrepreneurTreeProductUnlockAdapter.cs:185)
FLOBUK.StoreSimulator.EntrepreneurTreeProductUnlockAdapter:IsProductUnlocked (FLOBUK.StoreSimulator.ProductScriptableObject) (at Assets/Systems/EntrepreneurTree/EntrepreneurTreeProductUnlockAdapter.cs:85)
FLOBUK.StoreSimulator.EntrepreneurTreeGameplayBridge:IsProductUnlocked (FLOBUK.StoreSimulator.ProductScriptableObject) (at Assets/Systems/EntrepreneurTree/EntrepreneurTreeGameplayBridge.cs:49)
FLOBUK.StoreSimulator.UIShopItemProduct:Initialize (FLOBUK.StoreSimulator.PurchasableScriptableObject) (at Assets/StoreSimulator/Scripts/UIShopItemProduct.cs:48)
FLOBUK.StoreSimulator.UIShopCategory:InstantiateItem (FLOBUK.StoreSimulator.PurchasableScriptableObject) (at Assets/StoreSimulator/Scripts/UIShopCategory.cs:164)
FLOBUK.StoreSimulator.UIShopCategory:AddItems (int) (at Assets/StoreSimulator/Scripts/UIShopCategory.cs:111)
FLOBUK.StoreSimulator.UIShopCategory:Start () (at Assets/StoreSimulator/Scripts/UIShopCategory.cs:74)

(Filename: Assets/Systems/EntrepreneurTree/EntrepreneurTreeProductUnlockAdapter.cs Line: 237)

[EntrepreneurTree] Product mapping: product_appliances_1 -> 4 products found.
UnityEngine.Debug:ExtractStackTraceNoAlloc (byte*,int,string)
UnityEngine.StackTraceUtility:ExtractStackTrace ()
UnityEngine.DebugLogHandler:Internal_Log (UnityEngine.LogType,UnityEngine.LogOption,string,UnityEngine.Object)
UnityEngine.DebugLogHandler:LogFormat (UnityEngine.LogType,UnityEngine.Object,string,object[])
UnityEngine.Logger:Log (UnityEngine.LogType,object)
UnityEngine.Debug:Log (object)
FLOBUK.StoreSimulator.EntrepreneurTreeProductUnlockAdapter:BuildMappingIfNeeded () (at Assets/Systems/EntrepreneurTree/EntrepreneurTreeProductUnlockAdapter.cs:191)
FLOBUK.StoreSimulator.EntrepreneurTreeProductUnlockAdapter:IsProductUnlocked (FLOBUK.StoreSimulator.ProductScriptableObject) (at Assets/Systems/EntrepreneurTree/EntrepreneurTreeProductUnlockAdapter.cs:85)
FLOBUK.StoreSimulator.EntrepreneurTreeGameplayBridge:IsProductUnlocked (FLOBUK.StoreSimulator.ProductScriptableObject) (at Assets/Systems/EntrepreneurTree/EntrepreneurTreeGameplayBridge.cs:49)
FLOBUK.StoreSimulator.UIShopItemProduct:Initialize (FLOBUK.StoreSimulator.PurchasableScriptableObject) (at Assets/StoreSimulator/Scripts/UIShopItemProduct.cs:48)
FLOBUK.StoreSimulator.UIShopCategory:InstantiateItem (FLOBUK.StoreSimulator.PurchasableScriptableObject) (at Assets/StoreSimulator/Scripts/UIShopCategory.cs:164)
FLOBUK.StoreSimulator.UIShopCategory:AddItems (int) (at Assets/StoreSimulator/Scripts/UIShopCategory.cs:111)
FLOBUK.StoreSimulator.UIShopCategory:Start () (at Assets/StoreSimulator/Scripts/UIShopCategory.cs:74)

(Filename: Assets/Systems/EntrepreneurTree/EntrepreneurTreeProductUnlockAdapter.cs Line: 191)

[EntrepreneurTree] Starter node 'product_basic_1' resolved 5 product(s) from catalog.
UnityEngine.Debug:ExtractStackTraceNoAlloc (byte*,int,string)
UnityEngine.StackTraceUtility:ExtractStackTrace ()
UnityEngine.DebugLogHandler:Internal_Log (UnityEngine.LogType,UnityEngine.LogOption,string,UnityEngine.Object)
UnityEngine.DebugLogHandler:LogFormat (UnityEngine.LogType,UnityEngine.Object,string,object[])
UnityEngine.Logger:Log (UnityEngine.LogType,object)
UnityEngine.Debug:Log (object)
FLOBUK.StoreSimulator.EntrepreneurTreeProductUnlockAdapter:LogStarterMapping (System.Collections.Generic.List`1<FLOBUK.StoreSimulator.ProductScriptableObject>) (at Assets/Systems/EntrepreneurTree/EntrepreneurTreeProductUnlockAdapter.cs:334)
FLOBUK.StoreSimulator.EntrepreneurTreeProductUnlockAdapter:BuildMappingIfNeeded () (at Assets/Systems/EntrepreneurTree/EntrepreneurTreeProductUnlockAdapter.cs:195)
FLOBUK.StoreSimulator.EntrepreneurTreeProductUnlockAdapter:IsProductUnlocked (FLOBUK.StoreSimulator.ProductScriptableObject) (at Assets/Systems/EntrepreneurTree/EntrepreneurTreeProductUnlockAdapter.cs:85)
FLOBUK.StoreSimulator.EntrepreneurTreeGameplayBridge:IsProductUnlocked (FLOBUK.StoreSimulator.ProductScriptableObject) (at Assets/Systems/EntrepreneurTree/EntrepreneurTreeGameplayBridge.cs:49)
FLOBUK.StoreSimulator.UIShopItemProduct:Initialize (FLOBUK.StoreSimulator.PurchasableScriptableObject) (at Assets/StoreSimulator/Scripts/UIShopItemProduct.cs:48)
FLOBUK.StoreSimulator.UIShopCategory:InstantiateItem (FLOBUK.StoreSimulator.PurchasableScriptableObject) (at Assets/StoreSimulator/Scripts/UIShopCategory.cs:164)
FLOBUK.StoreSimulator.UIShopCategory:AddItems (int) (at Assets/StoreSimulator/Scripts/UIShopCategory.cs:111)
FLOBUK.StoreSimulator.UIShopCategory:Start () (at Assets/StoreSimulator/Scripts/UIShopCategory.cs:74)

(Filename: Assets/Systems/EntrepreneurTree/EntrepreneurTreeProductUnlockAdapter.cs Line: 334)

[EntrepreneurTree] Product unlock mapping loaded: 46 entries.
UnityEngine.Debug:ExtractStackTraceNoAlloc (byte*,int,string)
UnityEngine.StackTraceUtility:ExtractStackTrace ()
UnityEngine.DebugLogHandler:Internal_Log (UnityEngine.LogType,UnityEngine.LogOption,string,UnityEngine.Object)
UnityEngine.DebugLogHandler:LogFormat (UnityEngine.LogType,UnityEngine.Object,string,object[])
UnityEngine.Logger:Log (UnityEngine.LogType,object)
UnityEngine.Debug:Log (object)
FLOBUK.StoreSimulator.EntrepreneurTreeProductUnlockAdapter:BuildMappingIfNeeded () (at Assets/Systems/EntrepreneurTree/EntrepreneurTreeProductUnlockAdapter.cs:196)
FLOBUK.StoreSimulator.EntrepreneurTreeProductUnlockAdapter:IsProductUnlocked (FLOBUK.StoreSimulator.ProductScriptableObject) (at Assets/Systems/EntrepreneurTree/EntrepreneurTreeProductUnlockAdapter.cs:85)
FLOBUK.StoreSimulator.EntrepreneurTreeGameplayBridge:IsProductUnlocked (FLOBUK.StoreSimulator.ProductScriptableObject) (at Assets/Systems/EntrepreneurTree/EntrepreneurTreeGameplayBridge.cs:49)
FLOBUK.StoreSimulator.UIShopItemProduct:Initialize (FLOBUK.StoreSimulator.PurchasableScriptableObject) (at Assets/StoreSimulator/Scripts/UIShopItemProduct.cs:48)
FLOBUK.StoreSimulator.UIShopCategory:InstantiateItem (FLOBUK.StoreSimulator.PurchasableScriptableObject) (at Assets/StoreSimulator/Scripts/UIShopCategory.cs:164)
FLOBUK.StoreSimulator.UIShopCategory:AddItems (int) (at Assets/StoreSimulator/Scripts/UIShopCategory.cs:111)
FLOBUK.StoreSimulator.UIShopCategory:Start () (at Assets/StoreSimulator/Scripts/UIShopCategory.cs:74)

(Filename: Assets/Systems/EntrepreneurTree/EntrepreneurTreeProductUnlockAdapter.cs Line: 196)

[EntrepreneurTree] Product locked: Leche requires product_basic_1.
UnityEngine.Debug:ExtractStackTraceNoAlloc (byte*,int,string)
UnityEngine.StackTraceUtility:ExtractStackTrace ()
UnityEngine.DebugLogHandler:Internal_Log (UnityEngine.LogType,UnityEngine.LogOption,string,UnityEngine.Object)
UnityEngine.DebugLogHandler:LogFormat (UnityEngine.LogType,UnityEngine.Object,string,object[])
UnityEngine.Logger:Log (UnityEngine.LogType,object)
UnityEngine.Debug:Log (object)
FLOBUK.StoreSimulator.EntrepreneurTreeProductUnlockAdapter:IsProductUnlocked (FLOBUK.StoreSimulator.ProductScriptableObject) (at Assets/Systems/EntrepreneurTree/EntrepreneurTreeProductUnlockAdapter.cs:97)
FLOBUK.StoreSimulator.EntrepreneurTreeGameplayBridge:IsProductUnlocked (FLOBUK.StoreSimulator.ProductScriptableObject) (at Assets/Systems/EntrepreneurTree/EntrepreneurTreeGameplayBridge.cs:49)
FLOBUK.StoreSimulator.UIShopItemProduct:Initialize (FLOBUK.StoreSimulator.PurchasableScriptableObject) (at Assets/StoreSimulator/Scripts/UIShopItemProduct.cs:48)
FLOBUK.StoreSimulator.UIShopCategory:InstantiateItem (FLOBUK.StoreSimulator.PurchasableScriptableObject) (at Assets/StoreSimulator/Scripts/UIShopCategory.cs:164)
FLOBUK.StoreSimulator.UIShopCategory:AddItems (int) (at Assets/StoreSimulator/Scripts/UIShopCategory.cs:111)
FLOBUK.StoreSimulator.UIShopCategory:Start () (at Assets/StoreSimulator/Scripts/UIShopCategory.cs:74)

(Filename: Assets/Systems/EntrepreneurTree/EntrepreneurTreeProductUnlockAdapter.cs Line: 97)

[EntrepreneurTree] Product locked: Sal requires product_basic_1.
UnityEngine.Debug:ExtractStackTraceNoAlloc (byte*,int,string)
UnityEngine.StackTraceUtility:ExtractStackTrace ()
UnityEngine.DebugLogHandler:Internal_Log (UnityEngine.LogType,UnityEngine.LogOption,string,UnityEngine.Object)
UnityEngine.DebugLogHandler:LogFormat (UnityEngine.LogType,UnityEngine.Object,string,object[])
UnityEngine.Logger:Log (UnityEngine.LogType,object)
UnityEngine.Debug:Log (object)
FLOBUK.StoreSimulator.EntrepreneurTreeProductUnlockAdapter:IsProductUnlocked (FLOBUK.StoreSimulator.ProductScriptableObject) (at Assets/Systems/EntrepreneurTree/EntrepreneurTreeProductUnlockAdapter.cs:97)
FLOBUK.StoreSimulator.EntrepreneurTreeGameplayBridge:IsProductUnlocked (FLOBUK.StoreSimulator.ProductScriptableObject) (at Assets/Systems/EntrepreneurTree/EntrepreneurTreeGameplayBridge.cs:49)
FLOBUK.StoreSimulator.UIShopItemProduct:Initialize (FLOBUK.StoreSimulator.PurchasableScriptableObject) (at Assets/StoreSimulator/Scripts/UIShopItemProduct.cs:48)
FLOBUK.StoreSimulator.UIShopCategory:InstantiateItem (FLOBUK.StoreSimulator.PurchasableScriptableObject) (at Assets/StoreSimulator/Scripts/UIShopCategory.cs:164)
FLOBUK.StoreSimulator.UIShopCategory:AddItems (int) (at Assets/StoreSimulator/Scripts/UIShopCategory.cs:111)
FLOBUK.StoreSimulator.UIShopCategory:Start () (at Assets/StoreSimulator/Scripts/UIShopCategory.cs:74)

(Filename: Assets/Systems/EntrepreneurTree/EntrepreneurTreeProductUnlockAdapter.cs Line: 97)

[EntrepreneurTree] Product locked: Agua requires product_basic_1.
UnityEngine.Debug:ExtractStackTraceNoAlloc (byte*,int,string)
UnityEngine.StackTraceUtility:ExtractStackTrace ()
UnityEngine.DebugLogHandler:Internal_Log (UnityEngine.LogType,UnityEngine.LogOption,string,UnityEngine.Object)
UnityEngine.DebugLogHandler:LogFormat (UnityEngine.LogType,UnityEngine.Object,string,object[])
UnityEngine.Logger:Log (UnityEngine.LogType,object)
UnityEngine.Debug:Log (object)
FLOBUK.StoreSimulator.EntrepreneurTreeProductUnlockAdapter:IsProductUnlocked (FLOBUK.StoreSimulator.ProductScriptableObject) (at Assets/Systems/EntrepreneurTree/EntrepreneurTreeProductUnlockAdapter.cs:97)
FLOBUK.StoreSimulator.EntrepreneurTreeGameplayBridge:IsProductUnlocked (FLOBUK.StoreSimulator.ProductScriptableObject) (at Assets/Systems/EntrepreneurTree/EntrepreneurTreeGameplayBridge.cs:49)
FLOBUK.StoreSimulator.UIShopItemProduct:Initialize (FLOBUK.StoreSimulator.PurchasableScriptableObject) (at Assets/StoreSimulator/Scripts/UIShopItemProduct.cs:48)
FLOBUK.StoreSimulator.UIShopCategory:InstantiateItem (FLOBUK.StoreSimulator.PurchasableScriptableObject) (at Assets/StoreSimulator/Scripts/UIShopCategory.cs:164)
FLOBUK.StoreSimulator.UIShopCategory:AddItems (int) (at Assets/StoreSimulator/Scripts/UIShopCategory.cs:111)
FLOBUK.StoreSimulator.UIShopCategory:Start () (at Assets/StoreSimulator/Scripts/UIShopCategory.cs:74)

(Filename: Assets/Systems/EntrepreneurTree/EntrepreneurTreeProductUnlockAdapter.cs Line: 97)

[EntrepreneurTree] Product locked: Pasta requires product_basic_1.
UnityEngine.Debug:ExtractStackTraceNoAlloc (byte*,int,string)
UnityEngine.StackTraceUtility:ExtractStackTrace ()
UnityEngine.DebugLogHandler:Internal_Log (UnityEngine.LogType,UnityEngine.LogOption,string,UnityEngine.Object)
UnityEngine.DebugLogHandler:LogFormat (UnityEngine.LogType,UnityEngine.Object,string,object[])
UnityEngine.Logger:Log (UnityEngine.LogType,object)
UnityEngine.Debug:Log (object)
FLOBUK.StoreSimulator.EntrepreneurTreeProductUnlockAdapter:IsProductUnlocked (FLOBUK.StoreSimulator.ProductScriptableObject) (at Assets/Systems/EntrepreneurTree/EntrepreneurTreeProductUnlockAdapter.cs:97)
FLOBUK.StoreSimulator.EntrepreneurTreeGameplayBridge:IsProductUnlocked (FLOBUK.StoreSimulator.ProductScriptableObject) (at Assets/Systems/EntrepreneurTree/EntrepreneurTreeGameplayBridge.cs:49)
FLOBUK.StoreSimulator.UIShopItemProduct:Initialize (FLOBUK.StoreSimulator.PurchasableScriptableObject) (at Assets/StoreSimulator/Scripts/UIShopItemProduct.cs:48)
FLOBUK.StoreSimulator.UIShopCategory:InstantiateItem (FLOBUK.StoreSimulator.PurchasableScriptableObject) (at Assets/StoreSimulator/Scripts/UIShopCategory.cs:164)
FLOBUK.StoreSimulator.UIShopCategory:AddItems (int) (at Assets/StoreSimulator/Scripts/UIShopCategory.cs:111)
FLOBUK.StoreSimulator.UIShopCategory:Start () (at Assets/StoreSimulator/Scripts/UIShopCategory.cs:74)

(Filename: Assets/Systems/EntrepreneurTree/EntrepreneurTreeProductUnlockAdapter.cs Line: 97)

[EntrepreneurTree] Product locked: Azúcar requires product_basic_1.
UnityEngine.Debug:ExtractStackTraceNoAlloc (byte*,int,string)
UnityEngine.StackTraceUtility:ExtractStackTrace ()
UnityEngine.DebugLogHandler:Internal_Log (UnityEngine.LogType,UnityEngine.LogOption,string,UnityEngine.Object)
UnityEngine.DebugLogHandler:LogFormat (UnityEngine.LogType,UnityEngine.Object,string,object[])
UnityEngine.Logger:Log (UnityEngine.LogType,object)
UnityEngine.Debug:Log (object)
FLOBUK.StoreSimulator.EntrepreneurTreeProductUnlockAdapter:IsProductUnlocked (FLOBUK.StoreSimulator.ProductScriptableObject) (at Assets/Systems/EntrepreneurTree/EntrepreneurTreeProductUnlockAdapter.cs:97)
FLOBUK.StoreSimulator.EntrepreneurTreeGameplayBridge:IsProductUnlocked (FLOBUK.StoreSimulator.ProductScriptableObject) (at Assets/Systems/EntrepreneurTree/EntrepreneurTreeGameplayBridge.cs:49)
FLOBUK.StoreSimulator.UIShopItemProduct:Initialize (FLOBUK.StoreSimulator.PurchasableScriptableObject) (at Assets/StoreSimulator/Scripts/UIShopItemProduct.cs:48)
FLOBUK.StoreSimulator.UIShopCategory:InstantiateItem (FLOBUK.StoreSimulator.PurchasableScriptableObject) (at Assets/StoreSimulator/Scripts/UIShopCategory.cs:164)
FLOBUK.StoreSimulator.UIShopCategory:AddItems (int) (at Assets/StoreSimulator/Scripts/UIShopCategory.cs:111)
FLOBUK.StoreSimulator.UIShopCategory:Start () (at Assets/StoreSimulator/Scripts/UIShopCategory.cs:74)

(Filename: Assets/Systems/EntrepreneurTree/EntrepreneurTreeProductUnlockAdapter.cs Line: 97)

[EntrepreneurTree] Product locked: Harina requires product_basic_2.
UnityEngine.Debug:ExtractStackTraceNoAlloc (byte*,int,string)
UnityEngine.StackTraceUtility:ExtractStackTrace ()
UnityEngine.DebugLogHandler:Internal_Log (UnityEngine.LogType,UnityEngine.LogOption,string,UnityEngine.Object)
UnityEngine.DebugLogHandler:LogFormat (UnityEngine.LogType,UnityEngine.Object,string,object[])
UnityEngine.Logger:Log (UnityEngine.LogType,object)
UnityEngine.Debug:Log (object)
FLOBUK.StoreSimulator.EntrepreneurTreeProductUnlockAdapter:IsProductUnlocked (FLOBUK.StoreSimulator.ProductScriptableObject) (at Assets/Systems/EntrepreneurTree/EntrepreneurTreeProductUnlockAdapter.cs:97)
FLOBUK.StoreSimulator.EntrepreneurTreeGameplayBridge:IsProductUnlocked (FLOBUK.StoreSimulator.ProductScriptableObject) (at Assets/Systems/EntrepreneurTree/EntrepreneurTreeGameplayBridge.cs:49)
FLOBUK.StoreSimulator.UIShopItemProduct:Initialize (FLOBUK.StoreSimulator.PurchasableScriptableObject) (at Assets/StoreSimulator/Scripts/UIShopItemProduct.cs:48)
FLOBUK.StoreSimulator.UIShopCategory:InstantiateItem (FLOBUK.StoreSimulator.PurchasableScriptableObject) (at Assets/StoreSimulator/Scripts/UIShopCategory.cs:164)
FLOBUK.StoreSimulator.UIShopCategory:AddItems (int) (at Assets/StoreSimulator/Scripts/UIShopCategory.cs:111)
FLOBUK.StoreSimulator.UIShopCategory:Start () (at Assets/StoreSimulator/Scripts/UIShopCategory.cs:74)

(Filename: Assets/Systems/EntrepreneurTree/EntrepreneurTreeProductUnlockAdapter.cs Line: 97)

[EntrepreneurTree] Product locked: Arroz requires product_basic_2.
UnityEngine.Debug:ExtractStackTraceNoAlloc (byte*,int,string)
UnityEngine.StackTraceUtility:ExtractStackTrace ()
UnityEngine.DebugLogHandler:Internal_Log (UnityEngine.LogType,UnityEngine.LogOption,string,UnityEngine.Object)
UnityEngine.DebugLogHandler:LogFormat (UnityEngine.LogType,UnityEngine.Object,string,object[])
UnityEngine.Logger:Log (UnityEngine.LogType,object)
UnityEngine.Debug:Log (object)
FLOBUK.StoreSimulator.EntrepreneurTreeProductUnlockAdapter:IsProductUnlocked (FLOBUK.StoreSimulator.ProductScriptableObject) (at Assets/Systems/EntrepreneurTree/EntrepreneurTreeProductUnlockAdapter.cs:97)
FLOBUK.StoreSimulator.EntrepreneurTreeGameplayBridge:IsProductUnlocked (FLOBUK.StoreSimulator.ProductScriptableObject) (at Assets/Systems/EntrepreneurTree/EntrepreneurTreeGameplayBridge.cs:49)
FLOBUK.StoreSimulator.UIShopItemProduct:Initialize (FLOBUK.StoreSimulator.PurchasableScriptableObject) (at Assets/StoreSimulator/Scripts/UIShopItemProduct.cs:48)
FLOBUK.StoreSimulator.UIShopCategory:InstantiateItem (FLOBUK.StoreSimulator.PurchasableScriptableObject) (at Assets/StoreSimulator/Scripts/UIShopCategory.cs:164)
FLOBUK.StoreSimulator.UIShopCategory:AddItems (int) (at Assets/StoreSimulator/Scripts/UIShopCategory.cs:111)
FLOBUK.StoreSimulator.UIShopCategory:Start () (at Assets/StoreSimulator/Scripts/UIShopCategory.cs:74)

(Filename: Assets/Systems/EntrepreneurTree/EntrepreneurTreeProductUnlockAdapter.cs Line: 97)

[EntrepreneurTree] Product locked: Frijoles requires product_basic_2.
UnityEngine.Debug:ExtractStackTraceNoAlloc (byte*,int,string)
UnityEngine.StackTraceUtility:ExtractStackTrace ()
UnityEngine.DebugLogHandler:Internal_Log (UnityEngine.LogType,UnityEngine.LogOption,string,UnityEngine.Object)
UnityEngine.DebugLogHandler:LogFormat (UnityEngine.LogType,UnityEngine.Object,string,object[])
UnityEngine.Logger:Log (UnityEngine.LogType,object)
UnityEngine.Debug:Log (object)
FLOBUK.StoreSimulator.EntrepreneurTreeProductUnlockAdapter:IsProductUnlocked (FLOBUK.StoreSimulator.ProductScriptableObject) (at Assets/Systems/EntrepreneurTree/EntrepreneurTreeProductUnlockAdapter.cs:97)
FLOBUK.StoreSimulator.EntrepreneurTreeGameplayBridge:IsProductUnlocked (FLOBUK.StoreSimulator.ProductScriptableObject) (at Assets/Systems/EntrepreneurTree/EntrepreneurTreeGameplayBridge.cs:49)
FLOBUK.StoreSimulator.UIShopItemProduct:Initialize (FLOBUK.StoreSimulator.PurchasableScriptableObject) (at Assets/StoreSimulator/Scripts/UIShopItemProduct.cs:48)
FLOBUK.StoreSimulator.UIShopCategory:InstantiateItem (FLOBUK.StoreSimulator.PurchasableScriptableObject) (at Assets/StoreSimulator/Scripts/UIShopCategory.cs:164)
FLOBUK.StoreSimulator.UIShopCategory:AddItems (int) (at Assets/StoreSimulator/Scripts/UIShopCategory.cs:111)
FLOBUK.StoreSimulator.UIShopCategory:Start () (at Assets/StoreSimulator/Scripts/UIShopCategory.cs:74)

(Filename: Assets/Systems/EntrepreneurTree/EntrepreneurTreeProductUnlockAdapter.cs Line: 97)

[EntrepreneurTree] Product locked: Pan requires product_basic_2.
UnityEngine.Debug:ExtractStackTraceNoAlloc (byte*,int,string)
UnityEngine.StackTraceUtility:ExtractStackTrace ()
UnityEngine.DebugLogHandler:Internal_Log (UnityEngine.LogType,UnityEngine.LogOption,string,UnityEngine.Object)
UnityEngine.DebugLogHandler:LogFormat (UnityEngine.LogType,UnityEngine.Object,string,object[])
UnityEngine.Logger:Log (UnityEngine.LogType,object)
UnityEngine.Debug:Log (object)
FLOBUK.StoreSimulator.EntrepreneurTreeProductUnlockAdapter:IsProductUnlocked (FLOBUK.StoreSimulator.ProductScriptableObject) (at Assets/Systems/EntrepreneurTree/EntrepreneurTreeProductUnlockAdapter.cs:97)
FLOBUK.StoreSimulator.EntrepreneurTreeGameplayBridge:IsProductUnlocked (FLOBUK.StoreSimulator.ProductScriptableObject) (at Assets/Systems/EntrepreneurTree/EntrepreneurTreeGameplayBridge.cs:49)
FLOBUK.StoreSimulator.UIShopItemProduct:Initialize (FLOBUK.StoreSimulator.PurchasableScriptableObject) (at Assets/StoreSimulator/Scripts/UIShopItemProduct.cs:48)
FLOBUK.StoreSimulator.UIShopCategory:InstantiateItem (FLOBUK.StoreSimulator.PurchasableScriptableObject) (at Assets/StoreSimulator/Scripts/UIShopCategory.cs:164)
FLOBUK.StoreSimulator.UIShopCategory:AddItems (int) (at Assets/StoreSimulator/Scripts/UIShopCategory.cs:111)
FLOBUK.StoreSimulator.UIShopCategory:Start () (at Assets/StoreSimulator/Scripts/UIShopCategory.cs:74)

(Filename: Assets/Systems/EntrepreneurTree/EntrepreneurTreeProductUnlockAdapter.cs Line: 97)

[EntrepreneurTree] Product locked: Aceite requires product_basic_2.
UnityEngine.Debug:ExtractStackTraceNoAlloc (byte*,int,string)
UnityEngine.StackTraceUtility:ExtractStackTrace ()
UnityEngine.DebugLogHandler:Internal_Log (UnityEngine.LogType,UnityEngine.LogOption,string,UnityEngine.Object)
UnityEngine.DebugLogHandler:LogFormat (UnityEngine.LogType,UnityEngine.Object,string,object[])
UnityEngine.Logger:Log (UnityEngine.LogType,object)
UnityEngine.Debug:Log (object)
FLOBUK.StoreSimulator.EntrepreneurTreeProductUnlockAdapter:IsProductUnlocked (FLOBUK.StoreSimulator.ProductScriptableObject) (at Assets/Systems/EntrepreneurTree/EntrepreneurTreeProductUnlockAdapter.cs:97)
FLOBUK.StoreSimulator.EntrepreneurTreeGameplayBridge:IsProductUnlocked (FLOBUK.StoreSimulator.ProductScriptableObject) (at Assets/Systems/EntrepreneurTree/EntrepreneurTreeGameplayBridge.cs:49)
FLOBUK.StoreSimulator.UIShopItemProduct:Initialize (FLOBUK.StoreSimulator.PurchasableScriptableObject) (at Assets/StoreSimulator/Scripts/UIShopItemProduct.cs:48)
FLOBUK.StoreSimulator.UIShopCategory:InstantiateItem (FLOBUK.StoreSimulator.PurchasableScriptableObject) (at Assets/StoreSimulator/Scripts/UIShopCategory.cs:164)
FLOBUK.StoreSimulator.UIShopCategory:AddItems (int) (at Assets/StoreSimulator/Scripts/UIShopCategory.cs:111)
FLOBUK.StoreSimulator.UIShopCategory:Start () (at Assets/StoreSimulator/Scripts/UIShopCategory.cs:74)

(Filename: Assets/Systems/EntrepreneurTree/EntrepreneurTreeProductUnlockAdapter.cs Line: 97)

[EntrepreneurTree] Product locked: Café requires product_basic_3.
UnityEngine.Debug:ExtractStackTraceNoAlloc (byte*,int,string)
UnityEngine.StackTraceUtility:ExtractStackTrace ()
UnityEngine.DebugLogHandler:Internal_Log (UnityEngine.LogType,UnityEngine.LogOption,string,UnityEngine.Object)
UnityEngine.DebugLogHandler:LogFormat (UnityEngine.LogType,UnityEngine.Object,string,object[])
UnityEngine.Logger:Log (UnityEngine.LogType,object)
UnityEngine.Debug:Log (object)
FLOBUK.StoreSimulator.EntrepreneurTreeProductUnlockAdapter:IsProductUnlocked (FLOBUK.StoreSimulator.ProductScriptableObject) (at Assets/Systems/EntrepreneurTree/EntrepreneurTreeProductUnlockAdapter.cs:97)
FLOBUK.StoreSimulator.EntrepreneurTreeGameplayBridge:IsProductUnlocked (FLOBUK.StoreSimulator.ProductScriptableObject) (at Assets/Systems/EntrepreneurTree/EntrepreneurTreeGameplayBridge.cs:49)
FLOBUK.StoreSimulator.UIShopItemProduct:Initialize (FLOBUK.StoreSimulator.PurchasableScriptableObject) (at Assets/StoreSimulator/Scripts/UIShopItemProduct.cs:48)
FLOBUK.StoreSimulator.UIShopCategory:InstantiateItem (FLOBUK.StoreSimulator.PurchasableScriptableObject) (at Assets/StoreSimulator/Scripts/UIShopCategory.cs:164)
FLOBUK.StoreSimulator.UIShopCategory:AddItems (int) (at Assets/StoreSimulator/Scripts/UIShopCategory.cs:111)
FLOBUK.StoreSimulator.UIShopCategory:Start () (at Assets/StoreSimulator/Scripts/UIShopCategory.cs:74)

(Filename: Assets/Systems/EntrepreneurTree/EntrepreneurTreeProductUnlockAdapter.cs Line: 97)

[EntrepreneurTree] Product locked: Huevo requires product_basic_3.
UnityEngine.Debug:ExtractStackTraceNoAlloc (byte*,int,string)
UnityEngine.StackTraceUtility:ExtractStackTrace ()
UnityEngine.DebugLogHandler:Internal_Log (UnityEngine.LogType,UnityEngine.LogOption,string,UnityEngine.Object)
UnityEngine.DebugLogHandler:LogFormat (UnityEngine.LogType,UnityEngine.Object,string,object[])
UnityEngine.Logger:Log (UnityEngine.LogType,object)
UnityEngine.Debug:Log (object)
FLOBUK.StoreSimulator.EntrepreneurTreeProductUnlockAdapter:IsProductUnlocked (FLOBUK.StoreSimulator.ProductScriptableObject) (at Assets/Systems/EntrepreneurTree/EntrepreneurTreeProductUnlockAdapter.cs:97)
FLOBUK.StoreSimulator.EntrepreneurTreeGameplayBridge:IsProductUnlocked (FLOBUK.StoreSimulator.ProductScriptableObject) (at Assets/Systems/EntrepreneurTree/EntrepreneurTreeGameplayBridge.cs:49)
FLOBUK.StoreSimulator.UIShopItemProduct:Initialize (FLOBUK.StoreSimulator.PurchasableScriptableObject) (at Assets/StoreSimulator/Scripts/UIShopItemProduct.cs:48)
FLOBUK.StoreSimulator.UIShopCategory:InstantiateItem (FLOBUK.StoreSimulator.PurchasableScriptableObject) (at Assets/StoreSimulator/Scripts/UIShopCategory.cs:164)
FLOBUK.StoreSimulator.UIShopCategory:AddItems (int) (at Assets/StoreSimulator/Scripts/UIShopCategory.cs:111)
FLOBUK.StoreSimulator.UIShopCategory:Start () (at Assets/StoreSimulator/Scripts/UIShopCategory.cs:74)

(Filename: Assets/Systems/EntrepreneurTree/EntrepreneurTreeProductUnlockAdapter.cs Line: 97)

[EntrepreneurTree] Product locked: Cheddar requires product_dairy_1.
UnityEngine.Debug:ExtractStackTraceNoAlloc (byte*,int,string)
UnityEngine.StackTraceUtility:ExtractStackTrace ()
UnityEngine.DebugLogHandler:Internal_Log (UnityEngine.LogType,UnityEngine.LogOption,string,UnityEngine.Object)
UnityEngine.DebugLogHandler:LogFormat (UnityEngine.LogType,UnityEngine.Object,string,object[])
UnityEngine.Logger:Log (UnityEngine.LogType,object)
UnityEngine.Debug:Log (object)
FLOBUK.StoreSimulator.EntrepreneurTreeProductUnlockAdapter:IsProductUnlocked (FLOBUK.StoreSimulator.ProductScriptableObject) (at Assets/Systems/EntrepreneurTree/EntrepreneurTreeProductUnlockAdapter.cs:97)
FLOBUK.StoreSimulator.EntrepreneurTreeGameplayBridge:IsProductUnlocked (FLOBUK.StoreSimulator.ProductScriptableObject) (at Assets/Systems/EntrepreneurTree/EntrepreneurTreeGameplayBridge.cs:49)
FLOBUK.StoreSimulator.UIShopItemProduct:Initialize (FLOBUK.StoreSimulator.PurchasableScriptableObject) (at Assets/StoreSimulator/Scripts/UIShopItemProduct.cs:48)
FLOBUK.StoreSimulator.UIShopCategory:InstantiateItem (FLOBUK.StoreSimulator.PurchasableScriptableObject) (at Assets/StoreSimulator/Scripts/UIShopCategory.cs:164)
FLOBUK.StoreSimulator.UIShopCategory:AddItems (int) (at Assets/StoreSimulator/Scripts/UIShopCategory.cs:111)
FLOBUK.StoreSimulator.UIShopCategory:Start () (at Assets/StoreSimulator/Scripts/UIShopCategory.cs:74)

(Filename: Assets/Systems/EntrepreneurTree/EntrepreneurTreeProductUnlockAdapter.cs Line: 97)

[EntrepreneurTree] Product locked: Yogurt natural requires product_dairy_1.
UnityEngine.Debug:ExtractStackTraceNoAlloc (byte*,int,string)
UnityEngine.StackTraceUtility:ExtractStackTrace ()
UnityEngine.DebugLogHandler:Internal_Log (UnityEngine.LogType,UnityEngine.LogOption,string,UnityEngine.Object)
UnityEngine.DebugLogHandler:LogFormat (UnityEngine.LogType,UnityEngine.Object,string,object[])
UnityEngine.Logger:Log (UnityEngine.LogType,object)
UnityEngine.Debug:Log (object)
FLOBUK.StoreSimulator.EntrepreneurTreeProductUnlockAdapter:IsProductUnlocked (FLOBUK.StoreSimulator.ProductScriptableObject) (at Assets/Systems/EntrepreneurTree/EntrepreneurTreeProductUnlockAdapter.cs:97)
FLOBUK.StoreSimulator.EntrepreneurTreeGameplayBridge:IsProductUnlocked (FLOBUK.StoreSimulator.ProductScriptableObject) (at Assets/Systems/EntrepreneurTree/EntrepreneurTreeGameplayBridge.cs:49)
FLOBUK.StoreSimulator.UIShopItemProduct:Initialize (FLOBUK.StoreSimulator.PurchasableScriptableObject) (at Assets/StoreSimulator/Scripts/UIShopItemProduct.cs:48)
FLOBUK.StoreSimulator.UIShopCategory:InstantiateItem (FLOBUK.StoreSimulator.PurchasableScriptableObject) (at Assets/StoreSimulator/Scripts/UIShopCategory.cs:164)
FLOBUK.StoreSimulator.UIShopCategory:AddItems (int) (at Assets/StoreSimulator/Scripts/UIShopCategory.cs:111)
FLOBUK.StoreSimulator.UIShopCategory:Start () (at Assets/StoreSimulator/Scripts/UIShopCategory.cs:74)

(Filename: Assets/Systems/EntrepreneurTree/EntrepreneurTreeProductUnlockAdapter.cs Line: 97)

[EntrepreneurTree] Product locked: Mantequilla requires product_dairy_1.
UnityEngine.Debug:ExtractStackTraceNoAlloc (byte*,int,string)
UnityEngine.StackTraceUtility:ExtractStackTrace ()
UnityEngine.DebugLogHandler:Internal_Log (UnityEngine.LogType,UnityEngine.LogOption,string,UnityEngine.Object)
UnityEngine.DebugLogHandler:LogFormat (UnityEngine.LogType,UnityEngine.Object,string,object[])
UnityEngine.Logger:Log (UnityEngine.LogType,object)
UnityEngine.Debug:Log (object)
FLOBUK.StoreSimulator.EntrepreneurTreeProductUnlockAdapter:IsProductUnlocked (FLOBUK.StoreSimulator.ProductScriptableObject) (at Assets/Systems/EntrepreneurTree/EntrepreneurTreeProductUnlockAdapter.cs:97)
FLOBUK.StoreSimulator.EntrepreneurTreeGameplayBridge:IsProductUnlocked (FLOBUK.StoreSimulator.ProductScriptableObject) (at Assets/Systems/EntrepreneurTree/EntrepreneurTreeGameplayBridge.cs:49)
FLOBUK.StoreSimulator.UIShopItemProduct:Initialize (FLOBUK.StoreSimulator.PurchasableScriptableObject) (at Assets/StoreSimulator/Scripts/UIShopItemProduct.cs:48)
FLOBUK.StoreSimulator.UIShopCategory:InstantiateItem (FLOBUK.StoreSimulator.PurchasableScriptableObject) (at Assets/StoreSimulator/Scripts/UIShopCategory.cs:164)
FLOBUK.StoreSimulator.UIShopCategory:AddItems (int) (at Assets/StoreSimulator/Scripts/UIShopCategory.cs:111)
FLOBUK.StoreSimulator.UIShopCategory:Start () (at Assets/StoreSimulator/Scripts/UIShopCategory.cs:74)

(Filename: Assets/Systems/EntrepreneurTree/EntrepreneurTreeProductUnlockAdapter.cs Line: 97)

[EntrepreneurTree] Product locked: Queso americano requires product_dairy_2.
UnityEngine.Debug:ExtractStackTraceNoAlloc (byte*,int,string)
UnityEngine.StackTraceUtility:ExtractStackTrace ()
UnityEngine.DebugLogHandler:Internal_Log (UnityEngine.LogType,UnityEngine.LogOption,string,UnityEngine.Object)
UnityEngine.DebugLogHandler:LogFormat (UnityEngine.LogType,UnityEngine.Object,string,object[])
UnityEngine.Logger:Log (UnityEngine.LogType,object)
UnityEngine.Debug:Log (object)
FLOBUK.StoreSimulator.EntrepreneurTreeProductUnlockAdapter:IsProductUnlocked (FLOBUK.StoreSimulator.ProductScriptableObject) (at Assets/Systems/EntrepreneurTree/EntrepreneurTreeProductUnlockAdapter.cs:97)
FLOBUK.StoreSimulator.EntrepreneurTreeGameplayBridge:IsProductUnlocked (FLOBUK.StoreSimulator.ProductScriptableObject) (at Assets/Systems/EntrepreneurTree/EntrepreneurTreeGameplayBridge.cs:49)
FLOBUK.StoreSimulator.UIShopItemProduct:Initialize (FLOBUK.StoreSimulator.PurchasableScriptableObject) (at Assets/StoreSimulator/Scripts/UIShopItemProduct.cs:48)
FLOBUK.StoreSimulator.UIShopCategory:InstantiateItem (FLOBUK.StoreSimulator.PurchasableScriptableObject) (at Assets/StoreSimulator/Scripts/UIShopCategory.cs:164)
FLOBUK.StoreSimulator.UIShopCategory:AddItems (int) (at Assets/StoreSimulator/Scripts/UIShopCategory.cs:111)
FLOBUK.StoreSimulator.UIShopCategory:Start () (at Assets/StoreSimulator/Scripts/UIShopCategory.cs:74)

(Filename: Assets/Systems/EntrepreneurTree/EntrepreneurTreeProductUnlockAdapter.cs Line: 97)

[EntrepreneurTree] Product locked: Queso crema requires product_dairy_2.
UnityEngine.Debug:ExtractStackTraceNoAlloc (byte*,int,string)
UnityEngine.StackTraceUtility:ExtractStackTrace ()
UnityEngine.DebugLogHandler:Internal_Log (UnityEngine.LogType,UnityEngine.LogOption,string,UnityEngine.Object)
UnityEngine.DebugLogHandler:LogFormat (UnityEngine.LogType,UnityEngine.Object,string,object[])
UnityEngine.Logger:Log (UnityEngine.LogType,object)
UnityEngine.Debug:Log (object)
FLOBUK.StoreSimulator.EntrepreneurTreeProductUnlockAdapter:IsProductUnlocked (FLOBUK.StoreSimulator.ProductScriptableObject) (at Assets/Systems/EntrepreneurTree/EntrepreneurTreeProductUnlockAdapter.cs:97)
FLOBUK.StoreSimulator.EntrepreneurTreeGameplayBridge:IsProductUnlocked (FLOBUK.StoreSimulator.ProductScriptableObject) (at Assets/Systems/EntrepreneurTree/EntrepreneurTreeGameplayBridge.cs:49)
FLOBUK.StoreSimulator.UIShopItemProduct:Initialize (FLOBUK.StoreSimulator.PurchasableScriptableObject) (at Assets/StoreSimulator/Scripts/UIShopItemProduct.cs:48)
FLOBUK.StoreSimulator.UIShopCategory:InstantiateItem (FLOBUK.StoreSimulator.PurchasableScriptableObject) (at Assets/StoreSimulator/Scripts/UIShopCategory.cs:164)
FLOBUK.StoreSimulator.UIShopCategory:AddItems (int) (at Assets/StoreSimulator/Scripts/UIShopCategory.cs:111)
FLOBUK.StoreSimulator.UIShopCategory:Start () (at Assets/StoreSimulator/Scripts/UIShopCategory.cs:74)

(Filename: Assets/Systems/EntrepreneurTree/EntrepreneurTreeProductUnlockAdapter.cs Line: 97)

[EntrepreneurTree] Product locked: Mozzarella requires product_dairy_3.
UnityEngine.Debug:ExtractStackTraceNoAlloc (byte*,int,string)
UnityEngine.StackTraceUtility:ExtractStackTrace ()
UnityEngine.DebugLogHandler:Internal_Log (UnityEngine.LogType,UnityEngine.LogOption,string,UnityEngine.Object)
UnityEngine.DebugLogHandler:LogFormat (UnityEngine.LogType,UnityEngine.Object,string,object[])
UnityEngine.Logger:Log (UnityEngine.LogType,object)
UnityEngine.Debug:Log (object)
FLOBUK.StoreSimulator.EntrepreneurTreeProductUnlockAdapter:IsProductUnlocked (FLOBUK.StoreSimulator.ProductScriptableObject) (at Assets/Systems/EntrepreneurTree/EntrepreneurTreeProductUnlockAdapter.cs:97)
FLOBUK.StoreSimulator.EntrepreneurTreeGameplayBridge:IsProductUnlocked (FLOBUK.StoreSimulator.ProductScriptableObject) (at Assets/Systems/EntrepreneurTree/EntrepreneurTreeGameplayBridge.cs:49)
FLOBUK.StoreSimulator.UIShopItemProduct:Initialize (FLOBUK.StoreSimulator.PurchasableScriptableObject) (at Assets/StoreSimulator/Scripts/UIShopItemProduct.cs:48)
FLOBUK.StoreSimulator.UIShopCategory:InstantiateItem (FLOBUK.StoreSimulator.PurchasableScriptableObject) (at Assets/StoreSimulator/Scripts/UIShopCategory.cs:164)
FLOBUK.StoreSimulator.UIShopCategory:AddItems (int) (at Assets/StoreSimulator/Scripts/UIShopCategory.cs:111)
FLOBUK.StoreSimulator.UIShopCategory:Start () (at Assets/StoreSimulator/Scripts/UIShopCategory.cs:74)

(Filename: Assets/Systems/EntrepreneurTree/EntrepreneurTreeProductUnlockAdapter.cs Line: 97)

[EntrepreneurTree] Product locked: Parmesano requires product_dairy_3.
UnityEngine.Debug:ExtractStackTraceNoAlloc (byte*,int,string)
UnityEngine.StackTraceUtility:ExtractStackTrace ()
UnityEngine.DebugLogHandler:Internal_Log (UnityEngine.LogType,UnityEngine.LogOption,string,UnityEngine.Object)
UnityEngine.DebugLogHandler:LogFormat (UnityEngine.LogType,UnityEngine.Object,string,object[])
UnityEngine.Logger:Log (UnityEngine.LogType,object)
UnityEngine.Debug:Log (object)
FLOBUK.StoreSimulator.EntrepreneurTreeProductUnlockAdapter:IsProductUnlocked (FLOBUK.StoreSimulator.ProductScriptableObject) (at Assets/Systems/EntrepreneurTree/EntrepreneurTreeProductUnlockAdapter.cs:97)
FLOBUK.StoreSimulator.EntrepreneurTreeGameplayBridge:IsProductUnlocked (FLOBUK.StoreSimulator.ProductScriptableObject) (at Assets/Systems/EntrepreneurTree/EntrepreneurTreeGameplayBridge.cs:49)
FLOBUK.StoreSimulator.UIShopItemProduct:Initialize (FLOBUK.StoreSimulator.PurchasableScriptableObject) (at Assets/StoreSimulator/Scripts/UIShopItemProduct.cs:48)
FLOBUK.StoreSimulator.UIShopCategory:InstantiateItem (FLOBUK.StoreSimulator.PurchasableScriptableObject) (at Assets/StoreSimulator/Scripts/UIShopCategory.cs:164)
FLOBUK.StoreSimulator.UIShopCategory:AddItems (int) (at Assets/StoreSimulator/Scripts/UIShopCategory.cs:111)
FLOBUK.StoreSimulator.UIShopCategory:Start () (at Assets/StoreSimulator/Scripts/UIShopCategory.cs:74)

(Filename: Assets/Systems/EntrepreneurTree/EntrepreneurTreeProductUnlockAdapter.cs Line: 97)

[EntrepreneurTree] Product locked: Pimienta negra requires product_spices_1.
UnityEngine.Debug:ExtractStackTraceNoAlloc (byte*,int,string)
UnityEngine.StackTraceUtility:ExtractStackTrace ()
UnityEngine.DebugLogHandler:Internal_Log (UnityEngine.LogType,UnityEngine.LogOption,string,UnityEngine.Object)
UnityEngine.DebugLogHandler:LogFormat (UnityEngine.LogType,UnityEngine.Object,string,object[])
UnityEngine.Logger:Log (UnityEngine.LogType,object)
UnityEngine.Debug:Log (object)
FLOBUK.StoreSimulator.EntrepreneurTreeProductUnlockAdapter:IsProductUnlocked (FLOBUK.StoreSimulator.ProductScriptableObject) (at Assets/Systems/EntrepreneurTree/EntrepreneurTreeProductUnlockAdapter.cs:97)
FLOBUK.StoreSimulator.EntrepreneurTreeGameplayBridge:IsProductUnlocked (FLOBUK.StoreSimulator.ProductScriptableObject) (at Assets/Systems/EntrepreneurTree/EntrepreneurTreeGameplayBridge.cs:49)
FLOBUK.StoreSimulator.UIShopItemProduct:Initialize (FLOBUK.StoreSimulator.PurchasableScriptableObject) (at Assets/StoreSimulator/Scripts/UIShopItemProduct.cs:48)
FLOBUK.StoreSimulator.UIShopCategory:InstantiateItem (FLOBUK.StoreSimulator.PurchasableScriptableObject) (at Assets/StoreSimulator/Scripts/UIShopCategory.cs:164)
FLOBUK.StoreSimulator.UIShopCategory:AddItems (int) (at Assets/StoreSimulator/Scripts/UIShopCategory.cs:111)
FLOBUK.StoreSimulator.UIShopCategory:Start () (at Assets/StoreSimulator/Scripts/UIShopCategory.cs:74)

(Filename: Assets/Systems/EntrepreneurTree/EntrepreneurTreeProductUnlockAdapter.cs Line: 97)

[EntrepreneurTree] Product locked: Canela requires product_spices_1.
UnityEngine.Debug:ExtractStackTraceNoAlloc (byte*,int,string)
UnityEngine.StackTraceUtility:ExtractStackTrace ()
UnityEngine.DebugLogHandler:Internal_Log (UnityEngine.LogType,UnityEngine.LogOption,string,UnityEngine.Object)
UnityEngine.DebugLogHandler:LogFormat (UnityEngine.LogType,UnityEngine.Object,string,object[])
UnityEngine.Logger:Log (UnityEngine.LogType,object)
UnityEngine.Debug:Log (object)
FLOBUK.StoreSimulator.EntrepreneurTreeProductUnlockAdapter:IsProductUnlocked (FLOBUK.StoreSimulator.ProductScriptableObject) (at Assets/Systems/EntrepreneurTree/EntrepreneurTreeProductUnlockAdapter.cs:97)
FLOBUK.StoreSimulator.EntrepreneurTreeGameplayBridge:IsProductUnlocked (FLOBUK.StoreSimulator.ProductScriptableObject) (at Assets/Systems/EntrepreneurTree/EntrepreneurTreeGameplayBridge.cs:49)
FLOBUK.StoreSimulator.UIShopItemProduct:Initialize (FLOBUK.StoreSimulator.PurchasableScriptableObject) (at Assets/StoreSimulator/Scripts/UIShopItemProduct.cs:48)
FLOBUK.StoreSimulator.UIShopCategory:InstantiateItem (FLOBUK.StoreSimulator.PurchasableScriptableObject) (at Assets/StoreSimulator/Scripts/UIShopCategory.cs:164)
FLOBUK.StoreSimulator.UIShopCategory:AddItems (int) (at Assets/StoreSimulator/Scripts/UIShopCategory.cs:111)
FLOBUK.StoreSimulator.UIShopCategory:Start () (at Assets/StoreSimulator/Scripts/UIShopCategory.cs:74)

(Filename: Assets/Systems/EntrepreneurTree/EntrepreneurTreeProductUnlockAdapter.cs Line: 97)

[EntrepreneurTree] Product locked: Manzana requires product_fresh_1.
UnityEngine.Debug:ExtractStackTraceNoAlloc (byte*,int,string)
UnityEngine.StackTraceUtility:ExtractStackTrace ()
UnityEngine.DebugLogHandler:Internal_Log (UnityEngine.LogType,UnityEngine.LogOption,string,UnityEngine.Object)
UnityEngine.DebugLogHandler:LogFormat (UnityEngine.LogType,UnityEngine.Object,string,object[])
UnityEngine.Logger:Log (UnityEngine.LogType,object)
UnityEngine.Debug:Log (object)
FLOBUK.StoreSimulator.EntrepreneurTreeProductUnlockAdapter:IsProductUnlocked (FLOBUK.StoreSimulator.ProductScriptableObject) (at Assets/Systems/EntrepreneurTree/EntrepreneurTreeProductUnlockAdapter.cs:97)
FLOBUK.StoreSimulator.EntrepreneurTreeGameplayBridge:IsProductUnlocked (FLOBUK.StoreSimulator.ProductScriptableObject) (at Assets/Systems/EntrepreneurTree/EntrepreneurTreeGameplayBridge.cs:49)
FLOBUK.StoreSimulator.UIShopItemProduct:Initialize (FLOBUK.StoreSimulator.PurchasableScriptableObject) (at Assets/StoreSimulator/Scripts/UIShopItemProduct.cs:48)
FLOBUK.StoreSimulator.UIShopCategory:InstantiateItem (FLOBUK.StoreSimulator.PurchasableScriptableObject) (at Assets/StoreSimulator/Scripts/UIShopCategory.cs:164)
FLOBUK.StoreSimulator.UIShopCategory:AddItems (int) (at Assets/StoreSimulator/Scripts/UIShopCategory.cs:111)
FLOBUK.StoreSimulator.UIShopCategory:Start () (at Assets/StoreSimulator/Scripts/UIShopCategory.cs:74)

(Filename: Assets/Systems/EntrepreneurTree/EntrepreneurTreeProductUnlockAdapter.cs Line: 97)

[EntrepreneurTree] Product locked: Plátano requires product_fresh_1.
UnityEngine.Debug:ExtractStackTraceNoAlloc (byte*,int,string)
UnityEngine.StackTraceUtility:ExtractStackTrace ()
UnityEngine.DebugLogHandler:Internal_Log (UnityEngine.LogType,UnityEngine.LogOption,string,UnityEngine.Object)
UnityEngine.DebugLogHandler:LogFormat (UnityEngine.LogType,UnityEngine.Object,string,object[])
UnityEngine.Logger:Log (UnityEngine.LogType,object)
UnityEngine.Debug:Log (object)
FLOBUK.StoreSimulator.EntrepreneurTreeProductUnlockAdapter:IsProductUnlocked (FLOBUK.StoreSimulator.ProductScriptableObject) (at Assets/Systems/EntrepreneurTree/EntrepreneurTreeProductUnlockAdapter.cs:97)
FLOBUK.StoreSimulator.EntrepreneurTreeGameplayBridge:IsProductUnlocked (FLOBUK.StoreSimulator.ProductScriptableObject) (at Assets/Systems/EntrepreneurTree/EntrepreneurTreeGameplayBridge.cs:49)
FLOBUK.StoreSimulator.UIShopItemProduct:Initialize (FLOBUK.StoreSimulator.PurchasableScriptableObject) (at Assets/StoreSimulator/Scripts/UIShopItemProduct.cs:48)
FLOBUK.StoreSimulator.UIShopCategory:InstantiateItem (FLOBUK.StoreSimulator.PurchasableScriptableObject) (at Assets/StoreSimulator/Scripts/UIShopCategory.cs:164)
FLOBUK.StoreSimulator.UIShopCategory:AddItems (int) (at Assets/StoreSimulator/Scripts/UIShopCategory.cs:111)
FLOBUK.StoreSimulator.UIShopCategory:Start () (at Assets/StoreSimulator/Scripts/UIShopCategory.cs:74)

(Filename: Assets/Systems/EntrepreneurTree/EntrepreneurTreeProductUnlockAdapter.cs Line: 97)

[EntrepreneurTree] Product locked: Jitomate requires product_fresh_1.
UnityEngine.Debug:ExtractStackTraceNoAlloc (byte*,int,string)
UnityEngine.StackTraceUtility:ExtractStackTrace ()
UnityEngine.DebugLogHandler:Internal_Log (UnityEngine.LogType,UnityEngine.LogOption,string,UnityEngine.Object)
UnityEngine.DebugLogHandler:LogFormat (UnityEngine.LogType,UnityEngine.Object,string,object[])
UnityEngine.Logger:Log (UnityEngine.LogType,object)
UnityEngine.Debug:Log (object)
FLOBUK.StoreSimulator.EntrepreneurTreeProductUnlockAdapter:IsProductUnlocked (FLOBUK.StoreSimulator.ProductScriptableObject) (at Assets/Systems/EntrepreneurTree/EntrepreneurTreeProductUnlockAdapter.cs:97)
FLOBUK.StoreSimulator.EntrepreneurTreeGameplayBridge:IsProductUnlocked (FLOBUK.StoreSimulator.ProductScriptableObject) (at Assets/Systems/EntrepreneurTree/EntrepreneurTreeGameplayBridge.cs:49)
FLOBUK.StoreSimulator.UIShopItemProduct:Initialize (FLOBUK.StoreSimulator.PurchasableScriptableObject) (at Assets/StoreSimulator/Scripts/UIShopItemProduct.cs:48)
FLOBUK.StoreSimulator.UIShopCategory:InstantiateItem (FLOBUK.StoreSimulator.PurchasableScriptableObject) (at Assets/StoreSimulator/Scripts/UIShopCategory.cs:164)
FLOBUK.StoreSimulator.UIShopCategory:AddItems (int) (at Assets/StoreSimulator/Scripts/UIShopCategory.cs:111)
FLOBUK.StoreSimulator.UIShopCategory:Start () (at Assets/StoreSimulator/Scripts/UIShopCategory.cs:74)

(Filename: Assets/Systems/EntrepreneurTree/EntrepreneurTreeProductUnlockAdapter.cs Line: 97)

[EntrepreneurTree] Product locked: Cebolla requires product_fresh_1.
UnityEngine.Debug:ExtractStackTraceNoAlloc (byte*,int,string)
UnityEngine.StackTraceUtility:ExtractStackTrace ()
UnityEngine.DebugLogHandler:Internal_Log (UnityEngine.LogType,UnityEngine.LogOption,string,UnityEngine.Object)
UnityEngine.DebugLogHandler:LogFormat (UnityEngine.LogType,UnityEngine.Object,string,object[])
UnityEngine.Logger:Log (UnityEngine.LogType,object)
UnityEngine.Debug:Log (object)
FLOBUK.StoreSimulator.EntrepreneurTreeProductUnlockAdapter:IsProductUnlocked (FLOBUK.StoreSimulator.ProductScriptableObject) (at Assets/Systems/EntrepreneurTree/EntrepreneurTreeProductUnlockAdapter.cs:97)
FLOBUK.StoreSimulator.EntrepreneurTreeGameplayBridge:IsProductUnlocked (FLOBUK.StoreSimulator.ProductScriptableObject) (at Assets/Systems/EntrepreneurTree/EntrepreneurTreeGameplayBridge.cs:49)
FLOBUK.StoreSimulator.UIShopItemProduct:Initialize (FLOBUK.StoreSimulator.PurchasableScriptableObject) (at Assets/StoreSimulator/Scripts/UIShopItemProduct.cs:48)
FLOBUK.StoreSimulator.UIShopCategory:InstantiateItem (FLOBUK.StoreSimulator.PurchasableScriptableObject) (at Assets/StoreSimulator/Scripts/UIShopCategory.cs:164)
FLOBUK.StoreSimulator.UIShopCategory:AddItems (int) (at Assets/StoreSimulator/Scripts/UIShopCategory.cs:111)
FLOBUK.StoreSimulator.UIShopCategory:Start () (at Assets/StoreSimulator/Scripts/UIShopCategory.cs:74)

(Filename: Assets/Systems/EntrepreneurTree/EntrepreneurTreeProductUnlockAdapter.cs Line: 97)

[EntrepreneurTree] Product locked: Uvas requires product_fresh_2.
UnityEngine.Debug:ExtractStackTraceNoAlloc (byte*,int,string)
UnityEngine.StackTraceUtility:ExtractStackTrace ()
UnityEngine.DebugLogHandler:Internal_Log (UnityEngine.LogType,UnityEngine.LogOption,string,UnityEngine.Object)
UnityEngine.DebugLogHandler:LogFormat (UnityEngine.LogType,UnityEngine.Object,string,object[])
UnityEngine.Logger:Log (UnityEngine.LogType,object)
UnityEngine.Debug:Log (object)
FLOBUK.StoreSimulator.EntrepreneurTreeProductUnlockAdapter:IsProductUnlocked (FLOBUK.StoreSimulator.ProductScriptableObject) (at Assets/Systems/EntrepreneurTree/EntrepreneurTreeProductUnlockAdapter.cs:97)
FLOBUK.StoreSimulator.EntrepreneurTreeGameplayBridge:IsProductUnlocked (FLOBUK.StoreSimulator.ProductScriptableObject) (at Assets/Systems/EntrepreneurTree/EntrepreneurTreeGameplayBridge.cs:49)
FLOBUK.StoreSimulator.UIShopItemProduct:Initialize (FLOBUK.StoreSimulator.PurchasableScriptableObject) (at Assets/StoreSimulator/Scripts/UIShopItemProduct.cs:48)
FLOBUK.StoreSimulator.UIShopCategory:InstantiateItem (FLOBUK.StoreSimulator.PurchasableScriptableObject) (at Assets/StoreSimulator/Scripts/UIShopCategory.cs:164)
FLOBUK.StoreSimulator.UIShopCategory:AddItems (int) (at Assets/StoreSimulator/Scripts/UIShopCategory.cs:111)
FLOBUK.StoreSimulator.UIShopCategory:Start () (at Assets/StoreSimulator/Scripts/UIShopCategory.cs:74)

(Filename: Assets/Systems/EntrepreneurTree/EntrepreneurTreeProductUnlockAdapter.cs Line: 97)

[EntrepreneurTree] Product locked: Zanahorias requires product_fresh_2.
UnityEngine.Debug:ExtractStackTraceNoAlloc (byte*,int,string)
UnityEngine.StackTraceUtility:ExtractStackTrace ()
UnityEngine.DebugLogHandler:Internal_Log (UnityEngine.LogType,UnityEngine.LogOption,string,UnityEngine.Object)
UnityEngine.DebugLogHandler:LogFormat (UnityEngine.LogType,UnityEngine.Object,string,object[])
UnityEngine.Logger:Log (UnityEngine.LogType,object)
UnityEngine.Debug:Log (object)
FLOBUK.StoreSimulator.EntrepreneurTreeProductUnlockAdapter:IsProductUnlocked (FLOBUK.StoreSimulator.ProductScriptableObject) (at Assets/Systems/EntrepreneurTree/EntrepreneurTreeProductUnlockAdapter.cs:97)
FLOBUK.StoreSimulator.EntrepreneurTreeGameplayBridge:IsProductUnlocked (FLOBUK.StoreSimulator.ProductScriptableObject) (at Assets/Systems/EntrepreneurTree/EntrepreneurTreeGameplayBridge.cs:49)
FLOBUK.StoreSimulator.UIShopItemProduct:Initialize (FLOBUK.StoreSimulator.PurchasableScriptableObject) (at Assets/StoreSimulator/Scripts/UIShopItemProduct.cs:48)
FLOBUK.StoreSimulator.UIShopCategory:InstantiateItem (FLOBUK.StoreSimulator.PurchasableScriptableObject) (at Assets/StoreSimulator/Scripts/UIShopCategory.cs:164)
FLOBUK.StoreSimulator.UIShopCategory:AddItems (int) (at Assets/StoreSimulator/Scripts/UIShopCategory.cs:111)
FLOBUK.StoreSimulator.UIShopCategory:Start () (at Assets/StoreSimulator/Scripts/UIShopCategory.cs:74)

(Filename: Assets/Systems/EntrepreneurTree/EntrepreneurTreeProductUnlockAdapter.cs Line: 97)

[EntrepreneurTree] Product locked: Ajo requires product_fresh_2.
UnityEngine.Debug:ExtractStackTraceNoAlloc (byte*,int,string)
UnityEngine.StackTraceUtility:ExtractStackTrace ()
UnityEngine.DebugLogHandler:Internal_Log (UnityEngine.LogType,UnityEngine.LogOption,string,UnityEngine.Object)
UnityEngine.DebugLogHandler:LogFormat (UnityEngine.LogType,UnityEngine.Object,string,object[])
UnityEngine.Logger:Log (UnityEngine.LogType,object)
UnityEngine.Debug:Log (object)
FLOBUK.StoreSimulator.EntrepreneurTreeProductUnlockAdapter:IsProductUnlocked (FLOBUK.StoreSimulator.ProductScriptableObject) (at Assets/Systems/EntrepreneurTree/EntrepreneurTreeProductUnlockAdapter.cs:97)
FLOBUK.StoreSimulator.EntrepreneurTreeGameplayBridge:IsProductUnlocked (FLOBUK.StoreSimulator.ProductScriptableObject) (at Assets/Systems/EntrepreneurTree/EntrepreneurTreeGameplayBridge.cs:49)
FLOBUK.StoreSimulator.UIShopItemProduct:Initialize (FLOBUK.StoreSimulator.PurchasableScriptableObject) (at Assets/StoreSimulator/Scripts/UIShopItemProduct.cs:48)
FLOBUK.StoreSimulator.UIShopCategory:InstantiateItem (FLOBUK.StoreSimulator.PurchasableScriptableObject) (at Assets/StoreSimulator/Scripts/UIShopCategory.cs:164)
FLOBUK.StoreSimulator.UIShopCategory:AddItems (int) (at Assets/StoreSimulator/Scripts/UIShopCategory.cs:111)
FLOBUK.StoreSimulator.UIShopCategory:Start () (at Assets/StoreSimulator/Scripts/UIShopCategory.cs:74)

(Filename: Assets/Systems/EntrepreneurTree/EntrepreneurTreeProductUnlockAdapter.cs Line: 97)

[EntrepreneurTree] Product locked: Jabón requires product_hygiene.
UnityEngine.Debug:ExtractStackTraceNoAlloc (byte*,int,string)
UnityEngine.StackTraceUtility:ExtractStackTrace ()
UnityEngine.DebugLogHandler:Internal_Log (UnityEngine.LogType,UnityEngine.LogOption,string,UnityEngine.Object)
UnityEngine.DebugLogHandler:LogFormat (UnityEngine.LogType,UnityEngine.Object,string,object[])
UnityEngine.Logger:Log (UnityEngine.LogType,object)
UnityEngine.Debug:Log (object)
FLOBUK.StoreSimulator.EntrepreneurTreeProductUnlockAdapter:IsProductUnlocked (FLOBUK.StoreSimulator.ProductScriptableObject) (at Assets/Systems/EntrepreneurTree/EntrepreneurTreeProductUnlockAdapter.cs:97)
FLOBUK.StoreSimulator.EntrepreneurTreeGameplayBridge:IsProductUnlocked (FLOBUK.StoreSimulator.ProductScriptableObject) (at Assets/Systems/EntrepreneurTree/EntrepreneurTreeGameplayBridge.cs:49)
FLOBUK.StoreSimulator.UIShopItemProduct:Initialize (FLOBUK.StoreSimulator.PurchasableScriptableObject) (at Assets/StoreSimulator/Scripts/UIShopItemProduct.cs:48)
FLOBUK.StoreSimulator.UIShopCategory:InstantiateItem (FLOBUK.StoreSimulator.PurchasableScriptableObject) (at Assets/StoreSimulator/Scripts/UIShopCategory.cs:164)
FLOBUK.StoreSimulator.UIShopCategory:AddItems (int) (at Assets/StoreSimulator/Scripts/UIShopCategory.cs:111)
FLOBUK.StoreSimulator.UIShopCategory:Start () (at Assets/StoreSimulator/Scripts/UIShopCategory.cs:74)

(Filename: Assets/Systems/EntrepreneurTree/EntrepreneurTreeProductUnlockAdapter.cs Line: 97)

[EntrepreneurTree] Product locked: Papel higiénico requires product_hygiene.
UnityEngine.Debug:ExtractStackTraceNoAlloc (byte*,int,string)
UnityEngine.StackTraceUtility:ExtractStackTrace ()
UnityEngine.DebugLogHandler:Internal_Log (UnityEngine.LogType,UnityEngine.LogOption,string,UnityEngine.Object)
UnityEngine.DebugLogHandler:LogFormat (UnityEngine.LogType,UnityEngine.Object,string,object[])
UnityEngine.Logger:Log (UnityEngine.LogType,object)
UnityEngine.Debug:Log (object)
FLOBUK.StoreSimulator.EntrepreneurTreeProductUnlockAdapter:IsProductUnlocked (FLOBUK.StoreSimulator.ProductScriptableObject) (at Assets/Systems/EntrepreneurTree/EntrepreneurTreeProductUnlockAdapter.cs:97)
FLOBUK.StoreSimulator.EntrepreneurTreeGameplayBridge:IsProductUnlocked (FLOBUK.StoreSimulator.ProductScriptableObject) (at Assets/Systems/EntrepreneurTree/EntrepreneurTreeGameplayBridge.cs:49)
FLOBUK.StoreSimulator.UIShopItemProduct:Initialize (FLOBUK.StoreSimulator.PurchasableScriptableObject) (at Assets/StoreSimulator/Scripts/UIShopItemProduct.cs:48)
FLOBUK.StoreSimulator.UIShopCategory:InstantiateItem (FLOBUK.StoreSimulator.PurchasableScriptableObject) (at Assets/StoreSimulator/Scripts/UIShopCategory.cs:164)
FLOBUK.StoreSimulator.UIShopCategory:AddItems (int) (at Assets/StoreSimulator/Scripts/UIShopCategory.cs:111)
FLOBUK.StoreSimulator.UIShopCategory:Start () (at Assets/StoreSimulator/Scripts/UIShopCategory.cs:74)

(Filename: Assets/Systems/EntrepreneurTree/EntrepreneurTreeProductUnlockAdapter.cs Line: 97)

[EntrepreneurTree] Product locked: Detergente requires product_hygiene.
UnityEngine.Debug:ExtractStackTraceNoAlloc (byte*,int,string)
UnityEngine.StackTraceUtility:ExtractStackTrace ()
UnityEngine.DebugLogHandler:Internal_Log (UnityEngine.LogType,UnityEngine.LogOption,string,UnityEngine.Object)
UnityEngine.DebugLogHandler:LogFormat (UnityEngine.LogType,UnityEngine.Object,string,object[])
UnityEngine.Logger:Log (UnityEngine.LogType,object)
UnityEngine.Debug:Log (object)
FLOBUK.StoreSimulator.EntrepreneurTreeProductUnlockAdapter:IsProductUnlocked (FLOBUK.StoreSimulator.ProductScriptableObject) (at Assets/Systems/EntrepreneurTree/EntrepreneurTreeProductUnlockAdapter.cs:97)
FLOBUK.StoreSimulator.EntrepreneurTreeGameplayBridge:IsProductUnlocked (FLOBUK.StoreSimulator.ProductScriptableObject) (at Assets/Systems/EntrepreneurTree/EntrepreneurTreeGameplayBridge.cs:49)
FLOBUK.StoreSimulator.UIShopItemProduct:Initialize (FLOBUK.StoreSimulator.PurchasableScriptableObject) (at Assets/StoreSimulator/Scripts/UIShopItemProduct.cs:48)
FLOBUK.StoreSimulator.UIShopCategory:InstantiateItem (FLOBUK.StoreSimulator.PurchasableScriptableObject) (at Assets/StoreSimulator/Scripts/UIShopCategory.cs:164)
FLOBUK.StoreSimulator.UIShopCategory:AddItems (int) (at Assets/StoreSimulator/Scripts/UIShopCategory.cs:111)
FLOBUK.StoreSimulator.UIShopCategory:Start () (at Assets/StoreSimulator/Scripts/UIShopCategory.cs:74)

(Filename: Assets/Systems/EntrepreneurTree/EntrepreneurTreeProductUnlockAdapter.cs Line: 97)

[EntrepreneurTree] Product locked: Pasta de dientes requires product_hygiene.
UnityEngine.Debug:ExtractStackTraceNoAlloc (byte*,int,string)
UnityEngine.StackTraceUtility:ExtractStackTrace ()
UnityEngine.DebugLogHandler:Internal_Log (UnityEngine.LogType,UnityEngine.LogOption,string,UnityEngine.Object)
UnityEngine.DebugLogHandler:LogFormat (UnityEngine.LogType,UnityEngine.Object,string,object[])
UnityEngine.Logger:Log (UnityEngine.LogType,object)
UnityEngine.Debug:Log (object)
FLOBUK.StoreSimulator.EntrepreneurTreeProductUnlockAdapter:IsProductUnlocked (FLOBUK.StoreSimulator.ProductScriptableObject) (at Assets/Systems/EntrepreneurTree/EntrepreneurTreeProductUnlockAdapter.cs:97)
FLOBUK.StoreSimulator.EntrepreneurTreeGameplayBridge:IsProductUnlocked (FLOBUK.StoreSimulator.ProductScriptableObject) (at Assets/Systems/EntrepreneurTree/EntrepreneurTreeGameplayBridge.cs:49)
FLOBUK.StoreSimulator.UIShopItemProduct:Initialize (FLOBUK.StoreSimulator.PurchasableScriptableObject) (at Assets/StoreSimulator/Scripts/UIShopItemProduct.cs:48)
FLOBUK.StoreSimulator.UIShopCategory:InstantiateItem (FLOBUK.StoreSimulator.PurchasableScriptableObject) (at Assets/StoreSimulator/Scripts/UIShopCategory.cs:164)
FLOBUK.StoreSimulator.UIShopCategory:AddItems (int) (at Assets/StoreSimulator/Scripts/UIShopCategory.cs:111)
FLOBUK.StoreSimulator.UIShopCategory:Start () (at Assets/StoreSimulator/Scripts/UIShopCategory.cs:74)

(Filename: Assets/Systems/EntrepreneurTree/EntrepreneurTreeProductUnlockAdapter.cs Line: 97)

[EntrepreneurTree] Product locked: Res requires product_protein_1.
UnityEngine.Debug:ExtractStackTraceNoAlloc (byte*,int,string)
UnityEngine.StackTraceUtility:ExtractStackTrace ()
UnityEngine.DebugLogHandler:Internal_Log (UnityEngine.LogType,UnityEngine.LogOption,string,UnityEngine.Object)
UnityEngine.DebugLogHandler:LogFormat (UnityEngine.LogType,UnityEngine.Object,string,object[])
UnityEngine.Logger:Log (UnityEngine.LogType,object)
UnityEngine.Debug:Log (object)
FLOBUK.StoreSimulator.EntrepreneurTreeProductUnlockAdapter:IsProductUnlocked (FLOBUK.StoreSimulator.ProductScriptableObject) (at Assets/Systems/EntrepreneurTree/EntrepreneurTreeProductUnlockAdapter.cs:97)
FLOBUK.StoreSimulator.EntrepreneurTreeGameplayBridge:IsProductUnlocked (FLOBUK.StoreSimulator.ProductScriptableObject) (at Assets/Systems/EntrepreneurTree/EntrepreneurTreeGameplayBridge.cs:49)
FLOBUK.StoreSimulator.UIShopItemProduct:Initialize (FLOBUK.StoreSimulator.PurchasableScriptableObject) (at Assets/StoreSimulator/Scripts/UIShopItemProduct.cs:48)
FLOBUK.StoreSimulator.UIShopCategory:InstantiateItem (FLOBUK.StoreSimulator.PurchasableScriptableObject) (at Assets/StoreSimulator/Scripts/UIShopCategory.cs:164)
FLOBUK.StoreSimulator.UIShopCategory:AddItems (int) (at Assets/StoreSimulator/Scripts/UIShopCategory.cs:111)
FLOBUK.StoreSimulator.UIShopCategory:Start () (at Assets/StoreSimulator/Scripts/UIShopCategory.cs:74)

(Filename: Assets/Systems/EntrepreneurTree/EntrepreneurTreeProductUnlockAdapter.cs Line: 97)

[EntrepreneurTree] Product locked: Pollo requires product_protein_1.
UnityEngine.Debug:ExtractStackTraceNoAlloc (byte*,int,string)
UnityEngine.StackTraceUtility:ExtractStackTrace ()
UnityEngine.DebugLogHandler:Internal_Log (UnityEngine.LogType,UnityEngine.LogOption,string,UnityEngine.Object)
UnityEngine.DebugLogHandler:LogFormat (UnityEngine.LogType,UnityEngine.Object,string,object[])
UnityEngine.Logger:Log (UnityEngine.LogType,object)
UnityEngine.Debug:Log (object)
FLOBUK.StoreSimulator.EntrepreneurTreeProductUnlockAdapter:IsProductUnlocked (FLOBUK.StoreSimulator.ProductScriptableObject) (at Assets/Systems/EntrepreneurTree/EntrepreneurTreeProductUnlockAdapter.cs:97)
FLOBUK.StoreSimulator.EntrepreneurTreeGameplayBridge:IsProductUnlocked (FLOBUK.StoreSimulator.ProductScriptableObject) (at Assets/Systems/EntrepreneurTree/EntrepreneurTreeGameplayBridge.cs:49)
FLOBUK.StoreSimulator.UIShopItemProduct:Initialize (FLOBUK.StoreSimulator.PurchasableScriptableObject) (at Assets/StoreSimulator/Scripts/UIShopItemProduct.cs:48)
FLOBUK.StoreSimulator.UIShopCategory:InstantiateItem (FLOBUK.StoreSimulator.PurchasableScriptableObject) (at Assets/StoreSimulator/Scripts/UIShopCategory.cs:164)
FLOBUK.StoreSimulator.UIShopCategory:AddItems (int) (at Assets/StoreSimulator/Scripts/UIShopCategory.cs:111)
FLOBUK.StoreSimulator.UIShopCategory:Start () (at Assets/StoreSimulator/Scripts/UIShopCategory.cs:74)

(Filename: Assets/Systems/EntrepreneurTree/EntrepreneurTreeProductUnlockAdapter.cs Line: 97)

[EntrepreneurTree] Product locked: Cerdo requires product_protein_1.
UnityEngine.Debug:ExtractStackTraceNoAlloc (byte*,int,string)
UnityEngine.StackTraceUtility:ExtractStackTrace ()
UnityEngine.DebugLogHandler:Internal_Log (UnityEngine.LogType,UnityEngine.LogOption,string,UnityEngine.Object)
UnityEngine.DebugLogHandler:LogFormat (UnityEngine.LogType,UnityEngine.Object,string,object[])
UnityEngine.Logger:Log (UnityEngine.LogType,object)
UnityEngine.Debug:Log (object)
FLOBUK.StoreSimulator.EntrepreneurTreeProductUnlockAdapter:IsProductUnlocked (FLOBUK.StoreSimulator.ProductScriptableObject) (at Assets/Systems/EntrepreneurTree/EntrepreneurTreeProductUnlockAdapter.cs:97)
FLOBUK.StoreSimulator.EntrepreneurTreeGameplayBridge:IsProductUnlocked (FLOBUK.StoreSimulator.ProductScriptableObject) (at Assets/Systems/EntrepreneurTree/EntrepreneurTreeGameplayBridge.cs:49)
FLOBUK.StoreSimulator.UIShopItemProduct:Initialize (FLOBUK.StoreSimulator.PurchasableScriptableObject) (at Assets/StoreSimulator/Scripts/UIShopItemProduct.cs:48)
FLOBUK.StoreSimulator.UIShopCategory:InstantiateItem (FLOBUK.StoreSimulator.PurchasableScriptableObject) (at Assets/StoreSimulator/Scripts/UIShopCategory.cs:164)
FLOBUK.StoreSimulator.UIShopCategory:AddItems (int) (at Assets/StoreSimulator/Scripts/UIShopCategory.cs:111)
FLOBUK.StoreSimulator.UIShopCategory:Start () (at Assets/StoreSimulator/Scripts/UIShopCategory.cs:74)

(Filename: Assets/Systems/EntrepreneurTree/EntrepreneurTreeProductUnlockAdapter.cs Line: 97)

[EntrepreneurTree] Product locked: Pescado requires product_protein_1.
UnityEngine.Debug:ExtractStackTraceNoAlloc (byte*,int,string)
UnityEngine.StackTraceUtility:ExtractStackTrace ()
UnityEngine.DebugLogHandler:Internal_Log (UnityEngine.LogType,UnityEngine.LogOption,string,UnityEngine.Object)
UnityEngine.DebugLogHandler:LogFormat (UnityEngine.LogType,UnityEngine.Object,string,object[])
UnityEngine.Logger:Log (UnityEngine.LogType,object)
UnityEngine.Debug:Log (object)
FLOBUK.StoreSimulator.EntrepreneurTreeProductUnlockAdapter:IsProductUnlocked (FLOBUK.StoreSimulator.ProductScriptableObject) (at Assets/Systems/EntrepreneurTree/EntrepreneurTreeProductUnlockAdapter.cs:97)
FLOBUK.StoreSimulator.EntrepreneurTreeGameplayBridge:IsProductUnlocked (FLOBUK.StoreSimulator.ProductScriptableObject) (at Assets/Systems/EntrepreneurTree/EntrepreneurTreeGameplayBridge.cs:49)
FLOBUK.StoreSimulator.UIShopItemProduct:Initialize (FLOBUK.StoreSimulator.PurchasableScriptableObject) (at Assets/StoreSimulator/Scripts/UIShopItemProduct.cs:48)
FLOBUK.StoreSimulator.UIShopCategory:InstantiateItem (FLOBUK.StoreSimulator.PurchasableScriptableObject) (at Assets/StoreSimulator/Scripts/UIShopCategory.cs:164)
FLOBUK.StoreSimulator.UIShopCategory:AddItems (int) (at Assets/StoreSimulator/Scripts/UIShopCategory.cs:111)
FLOBUK.StoreSimulator.UIShopCategory:Start () (at Assets/StoreSimulator/Scripts/UIShopCategory.cs:74)

(Filename: Assets/Systems/EntrepreneurTree/EntrepreneurTreeProductUnlockAdapter.cs Line: 97)

[EntrepreneurTree] Product locked: Cola requires product_sodas.
UnityEngine.Debug:ExtractStackTraceNoAlloc (byte*,int,string)
UnityEngine.StackTraceUtility:ExtractStackTrace ()
UnityEngine.DebugLogHandler:Internal_Log (UnityEngine.LogType,UnityEngine.LogOption,string,UnityEngine.Object)
UnityEngine.DebugLogHandler:LogFormat (UnityEngine.LogType,UnityEngine.Object,string,object[])
UnityEngine.Logger:Log (UnityEngine.LogType,object)
UnityEngine.Debug:Log (object)
FLOBUK.StoreSimulator.EntrepreneurTreeProductUnlockAdapter:IsProductUnlocked (FLOBUK.StoreSimulator.ProductScriptableObject) (at Assets/Systems/EntrepreneurTree/EntrepreneurTreeProductUnlockAdapter.cs:97)
FLOBUK.StoreSimulator.EntrepreneurTreeGameplayBridge:IsProductUnlocked (FLOBUK.StoreSimulator.ProductScriptableObject) (at Assets/Systems/EntrepreneurTree/EntrepreneurTreeGameplayBridge.cs:49)
FLOBUK.StoreSimulator.UIShopItemProduct:Initialize (FLOBUK.StoreSimulator.PurchasableScriptableObject) (at Assets/StoreSimulator/Scripts/UIShopItemProduct.cs:48)
FLOBUK.StoreSimulator.UIShopCategory:InstantiateItem (FLOBUK.StoreSimulator.PurchasableScriptableObject) (at Assets/StoreSimulator/Scripts/UIShopCategory.cs:164)
FLOBUK.StoreSimulator.UIShopCategory:AddItems (int) (at Assets/StoreSimulator/Scripts/UIShopCategory.cs:111)
FLOBUK.StoreSimulator.UIShopCategory:Start () (at Assets/StoreSimulator/Scripts/UIShopCategory.cs:74)

(Filename: Assets/Systems/EntrepreneurTree/EntrepreneurTreeProductUnlockAdapter.cs Line: 97)

[EntrepreneurTree] Product locked: Cola sin azúcar requires product_sodas.
UnityEngine.Debug:ExtractStackTraceNoAlloc (byte*,int,string)
UnityEngine.StackTraceUtility:ExtractStackTrace ()
UnityEngine.DebugLogHandler:Internal_Log (UnityEngine.LogType,UnityEngine.LogOption,string,UnityEngine.Object)
UnityEngine.DebugLogHandler:LogFormat (UnityEngine.LogType,UnityEngine.Object,string,object[])
UnityEngine.Logger:Log (UnityEngine.LogType,object)
UnityEngine.Debug:Log (object)
FLOBUK.StoreSimulator.EntrepreneurTreeProductUnlockAdapter:IsProductUnlocked (FLOBUK.StoreSimulator.ProductScriptableObject) (at Assets/Systems/EntrepreneurTree/EntrepreneurTreeProductUnlockAdapter.cs:97)
FLOBUK.StoreSimulator.EntrepreneurTreeGameplayBridge:IsProductUnlocked (FLOBUK.StoreSimulator.ProductScriptableObject) (at Assets/Systems/EntrepreneurTree/EntrepreneurTreeGameplayBridge.cs:49)
FLOBUK.StoreSimulator.UIShopItemProduct:Initialize (FLOBUK.StoreSimulator.PurchasableScriptableObject) (at Assets/StoreSimulator/Scripts/UIShopItemProduct.cs:48)
FLOBUK.StoreSimulator.UIShopCategory:InstantiateItem (FLOBUK.StoreSimulator.PurchasableScriptableObject) (at Assets/StoreSimulator/Scripts/UIShopCategory.cs:164)
FLOBUK.StoreSimulator.UIShopCategory:AddItems (int) (at Assets/StoreSimulator/Scripts/UIShopCategory.cs:111)
FLOBUK.StoreSimulator.UIShopCategory:Start () (at Assets/StoreSimulator/Scripts/UIShopCategory.cs:74)

(Filename: Assets/Systems/EntrepreneurTree/EntrepreneurTreeProductUnlockAdapter.cs Line: 97)

[EntrepreneurTree] Product locked: Refresco de limón requires product_sodas.
UnityEngine.Debug:ExtractStackTraceNoAlloc (byte*,int,string)
UnityEngine.StackTraceUtility:ExtractStackTrace ()
UnityEngine.DebugLogHandler:Internal_Log (UnityEngine.LogType,UnityEngine.LogOption,string,UnityEngine.Object)
UnityEngine.DebugLogHandler:LogFormat (UnityEngine.LogType,UnityEngine.Object,string,object[])
UnityEngine.Logger:Log (UnityEngine.LogType,object)
UnityEngine.Debug:Log (object)
FLOBUK.StoreSimulator.EntrepreneurTreeProductUnlockAdapter:IsProductUnlocked (FLOBUK.StoreSimulator.ProductScriptableObject) (at Assets/Systems/EntrepreneurTree/EntrepreneurTreeProductUnlockAdapter.cs:97)
FLOBUK.StoreSimulator.EntrepreneurTreeGameplayBridge:IsProductUnlocked (FLOBUK.StoreSimulator.ProductScriptableObject) (at Assets/Systems/EntrepreneurTree/EntrepreneurTreeGameplayBridge.cs:49)
FLOBUK.StoreSimulator.UIShopItemProduct:Initialize (FLOBUK.StoreSimulator.PurchasableScriptableObject) (at Assets/StoreSimulator/Scripts/UIShopItemProduct.cs:48)
FLOBUK.StoreSimulator.UIShopCategory:InstantiateItem (FLOBUK.StoreSimulator.PurchasableScriptableObject) (at Assets/StoreSimulator/Scripts/UIShopCategory.cs:164)
FLOBUK.StoreSimulator.UIShopCategory:AddItems (int) (at Assets/StoreSimulator/Scripts/UIShopCategory.cs:111)
FLOBUK.StoreSimulator.UIShopCategory:Start () (at Assets/StoreSimulator/Scripts/UIShopCategory.cs:74)

(Filename: Assets/Systems/EntrepreneurTree/EntrepreneurTreeProductUnlockAdapter.cs Line: 97)

[EntrepreneurTree] Product locked: Trufa requires product_luxury_1.
UnityEngine.Debug:ExtractStackTraceNoAlloc (byte*,int,string)
UnityEngine.StackTraceUtility:ExtractStackTrace ()
UnityEngine.DebugLogHandler:Internal_Log (UnityEngine.LogType,UnityEngine.LogOption,string,UnityEngine.Object)
UnityEngine.DebugLogHandler:LogFormat (UnityEngine.LogType,UnityEngine.Object,string,object[])
UnityEngine.Logger:Log (UnityEngine.LogType,object)
UnityEngine.Debug:Log (object)
FLOBUK.StoreSimulator.EntrepreneurTreeProductUnlockAdapter:IsProductUnlocked (FLOBUK.StoreSimulator.ProductScriptableObject) (at Assets/Systems/EntrepreneurTree/EntrepreneurTreeProductUnlockAdapter.cs:97)
FLOBUK.StoreSimulator.EntrepreneurTreeGameplayBridge:IsProductUnlocked (FLOBUK.StoreSimulator.ProductScriptableObject) (at Assets/Systems/EntrepreneurTree/EntrepreneurTreeGameplayBridge.cs:49)
FLOBUK.StoreSimulator.UIShopItemProduct:Initialize (FLOBUK.StoreSimulator.PurchasableScriptableObject) (at Assets/StoreSimulator/Scripts/UIShopItemProduct.cs:48)
FLOBUK.StoreSimulator.UIShopCategory:InstantiateItem (FLOBUK.StoreSimulator.PurchasableScriptableObject) (at Assets/StoreSimulator/Scripts/UIShopCategory.cs:164)
FLOBUK.StoreSimulator.UIShopCategory:AddItems (int) (at Assets/StoreSimulator/Scripts/UIShopCategory.cs:111)
FLOBUK.StoreSimulator.UIShopCategory:Start () (at Assets/StoreSimulator/Scripts/UIShopCategory.cs:74)

(Filename: Assets/Systems/EntrepreneurTree/EntrepreneurTreeProductUnlockAdapter.cs Line: 97)

[EntrepreneurTree] Product locked: Chocolate importado requires product_luxury_1.
UnityEngine.Debug:ExtractStackTraceNoAlloc (byte*,int,string)
UnityEngine.StackTraceUtility:ExtractStackTrace ()
UnityEngine.DebugLogHandler:Internal_Log (UnityEngine.LogType,UnityEngine.LogOption,string,UnityEngine.Object)
UnityEngine.DebugLogHandler:LogFormat (UnityEngine.LogType,UnityEngine.Object,string,object[])
UnityEngine.Logger:Log (UnityEngine.LogType,object)
UnityEngine.Debug:Log (object)
FLOBUK.StoreSimulator.EntrepreneurTreeProductUnlockAdapter:IsProductUnlocked (FLOBUK.StoreSimulator.ProductScriptableObject) (at Assets/Systems/EntrepreneurTree/EntrepreneurTreeProductUnlockAdapter.cs:97)
FLOBUK.StoreSimulator.EntrepreneurTreeGameplayBridge:IsProductUnlocked (FLOBUK.StoreSimulator.ProductScriptableObject) (at Assets/Systems/EntrepreneurTree/EntrepreneurTreeGameplayBridge.cs:49)
FLOBUK.StoreSimulator.UIShopItemProduct:Initialize (FLOBUK.StoreSimulator.PurchasableScriptableObject) (at Assets/StoreSimulator/Scripts/UIShopItemProduct.cs:48)
FLOBUK.StoreSimulator.UIShopCategory:InstantiateItem (FLOBUK.StoreSimulator.PurchasableScriptableObject) (at Assets/StoreSimulator/Scripts/UIShopCategory.cs:164)
FLOBUK.StoreSimulator.UIShopCategory:AddItems (int) (at Assets/StoreSimulator/Scripts/UIShopCategory.cs:111)
FLOBUK.StoreSimulator.UIShopCategory:Start () (at Assets/StoreSimulator/Scripts/UIShopCategory.cs:74)

(Filename: Assets/Systems/EntrepreneurTree/EntrepreneurTreeProductUnlockAdapter.cs Line: 97)

[EntrepreneurTree] Product locked: Caviar requires product_luxury_1.
UnityEngine.Debug:ExtractStackTraceNoAlloc (byte*,int,string)
UnityEngine.StackTraceUtility:ExtractStackTrace ()
UnityEngine.DebugLogHandler:Internal_Log (UnityEngine.LogType,UnityEngine.LogOption,string,UnityEngine.Object)
UnityEngine.DebugLogHandler:LogFormat (UnityEngine.LogType,UnityEngine.Object,string,object[])
UnityEngine.Logger:Log (UnityEngine.LogType,object)
UnityEngine.Debug:Log (object)
FLOBUK.StoreSimulator.EntrepreneurTreeProductUnlockAdapter:IsProductUnlocked (FLOBUK.StoreSimulator.ProductScriptableObject) (at Assets/Systems/EntrepreneurTree/EntrepreneurTreeProductUnlockAdapter.cs:97)
FLOBUK.StoreSimulator.EntrepreneurTreeGameplayBridge:IsProductUnlocked (FLOBUK.StoreSimulator.ProductScriptableObject) (at Assets/Systems/EntrepreneurTree/EntrepreneurTreeGameplayBridge.cs:49)
FLOBUK.StoreSimulator.UIShopItemProduct:Initialize (FLOBUK.StoreSimulator.PurchasableScriptableObject) (at Assets/StoreSimulator/Scripts/UIShopItemProduct.cs:48)
FLOBUK.StoreSimulator.UIShopCategory:InstantiateItem (FLOBUK.StoreSimulator.PurchasableScriptableObject) (at Assets/StoreSimulator/Scripts/UIShopCategory.cs:164)
FLOBUK.StoreSimulator.UIShopCategory:AddItems (int) (at Assets/StoreSimulator/Scripts/UIShopCategory.cs:111)
FLOBUK.StoreSimulator.UIShopCategory:Start () (at Assets/StoreSimulator/Scripts/UIShopCategory.cs:74)

(Filename: Assets/Systems/EntrepreneurTree/EntrepreneurTreeProductUnlockAdapter.cs Line: 97)

[EntrepreneurTree] Product locked: Refrigerador requires product_appliances_1.
UnityEngine.Debug:ExtractStackTraceNoAlloc (byte*,int,string)
UnityEngine.StackTraceUtility:ExtractStackTrace ()
UnityEngine.DebugLogHandler:Internal_Log (UnityEngine.LogType,UnityEngine.LogOption,string,UnityEngine.Object)
UnityEngine.DebugLogHandler:LogFormat (UnityEngine.LogType,UnityEngine.Object,string,object[])
UnityEngine.Logger:Log (UnityEngine.LogType,object)
UnityEngine.Debug:Log (object)
FLOBUK.StoreSimulator.EntrepreneurTreeProductUnlockAdapter:IsProductUnlocked (FLOBUK.StoreSimulator.ProductScriptableObject) (at Assets/Systems/EntrepreneurTree/EntrepreneurTreeProductUnlockAdapter.cs:97)
FLOBUK.StoreSimulator.EntrepreneurTreeGameplayBridge:IsProductUnlocked (FLOBUK.StoreSimulator.ProductScriptableObject) (at Assets/Systems/EntrepreneurTree/EntrepreneurTreeGameplayBridge.cs:49)
FLOBUK.StoreSimulator.UIShopItemProduct:Initialize (FLOBUK.StoreSimulator.PurchasableScriptableObject) (at Assets/StoreSimulator/Scripts/UIShopItemProduct.cs:48)
FLOBUK.StoreSimulator.UIShopCategory:InstantiateItem (FLOBUK.StoreSimulator.PurchasableScriptableObject) (at Assets/StoreSimulator/Scripts/UIShopCategory.cs:164)
FLOBUK.StoreSimulator.UIShopCategory:AddItems (int) (at Assets/StoreSimulator/Scripts/UIShopCategory.cs:111)
FLOBUK.StoreSimulator.UIShopCategory:Start () (at Assets/StoreSimulator/Scripts/UIShopCategory.cs:74)

(Filename: Assets/Systems/EntrepreneurTree/EntrepreneurTreeProductUnlockAdapter.cs Line: 97)

[EntrepreneurTree] Product locked: Microondas requires product_appliances_1.
UnityEngine.Debug:ExtractStackTraceNoAlloc (byte*,int,string)
UnityEngine.StackTraceUtility:ExtractStackTrace ()
UnityEngine.DebugLogHandler:Internal_Log (UnityEngine.LogType,UnityEngine.LogOption,string,UnityEngine.Object)
UnityEngine.DebugLogHandler:LogFormat (UnityEngine.LogType,UnityEngine.Object,string,object[])
UnityEngine.Logger:Log (UnityEngine.LogType,object)
UnityEngine.Debug:Log (object)
FLOBUK.StoreSimulator.EntrepreneurTreeProductUnlockAdapter:IsProductUnlocked (FLOBUK.StoreSimulator.ProductScriptableObject) (at Assets/Systems/EntrepreneurTree/EntrepreneurTreeProductUnlockAdapter.cs:97)
FLOBUK.StoreSimulator.EntrepreneurTreeGameplayBridge:IsProductUnlocked (FLOBUK.StoreSimulator.ProductScriptableObject) (at Assets/Systems/EntrepreneurTree/EntrepreneurTreeGameplayBridge.cs:49)
FLOBUK.StoreSimulator.UIShopItemProduct:Initialize (FLOBUK.StoreSimulator.PurchasableScriptableObject) (at Assets/StoreSimulator/Scripts/UIShopItemProduct.cs:48)
FLOBUK.StoreSimulator.UIShopCategory:InstantiateItem (FLOBUK.StoreSimulator.PurchasableScriptableObject) (at Assets/StoreSimulator/Scripts/UIShopCategory.cs:164)
FLOBUK.StoreSimulator.UIShopCategory:AddItems (int) (at Assets/StoreSimulator/Scripts/UIShopCategory.cs:111)
FLOBUK.StoreSimulator.UIShopCategory:Start () (at Assets/StoreSimulator/Scripts/UIShopCategory.cs:74)

(Filename: Assets/Systems/EntrepreneurTree/EntrepreneurTreeProductUnlockAdapter.cs Line: 97)

[EntrepreneurTree] Product locked: Horno requires product_appliances_1.
UnityEngine.Debug:ExtractStackTraceNoAlloc (byte*,int,string)
UnityEngine.StackTraceUtility:ExtractStackTrace ()
UnityEngine.DebugLogHandler:Internal_Log (UnityEngine.LogType,UnityEngine.LogOption,string,UnityEngine.Object)
UnityEngine.DebugLogHandler:LogFormat (UnityEngine.LogType,UnityEngine.Object,string,object[])
UnityEngine.Logger:Log (UnityEngine.LogType,object)
UnityEngine.Debug:Log (object)
FLOBUK.StoreSimulator.EntrepreneurTreeProductUnlockAdapter:IsProductUnlocked (FLOBUK.StoreSimulator.ProductScriptableObject) (at Assets/Systems/EntrepreneurTree/EntrepreneurTreeProductUnlockAdapter.cs:97)
FLOBUK.StoreSimulator.EntrepreneurTreeGameplayBridge:IsProductUnlocked (FLOBUK.StoreSimulator.ProductScriptableObject) (at Assets/Systems/EntrepreneurTree/EntrepreneurTreeGameplayBridge.cs:49)
FLOBUK.StoreSimulator.UIShopItemProduct:Initialize (FLOBUK.StoreSimulator.PurchasableScriptableObject) (at Assets/StoreSimulator/Scripts/UIShopItemProduct.cs:48)
FLOBUK.StoreSimulator.UIShopCategory:InstantiateItem (FLOBUK.StoreSimulator.PurchasableScriptableObject) (at Assets/StoreSimulator/Scripts/UIShopCategory.cs:164)
FLOBUK.StoreSimulator.UIShopCategory:AddItems (int) (at Assets/StoreSimulator/Scripts/UIShopCategory.cs:111)
FLOBUK.StoreSimulator.UIShopCategory:Start () (at Assets/StoreSimulator/Scripts/UIShopCategory.cs:74)

(Filename: Assets/Systems/EntrepreneurTree/EntrepreneurTreeProductUnlockAdapter.cs Line: 97)

[EntrepreneurTree] Product locked: Licuadora requires product_appliances_1.
UnityEngine.Debug:ExtractStackTraceNoAlloc (byte*,int,string)
UnityEngine.StackTraceUtility:ExtractStackTrace ()
UnityEngine.DebugLogHandler:Internal_Log (UnityEngine.LogType,UnityEngine.LogOption,string,UnityEngine.Object)
UnityEngine.DebugLogHandler:LogFormat (UnityEngine.LogType,UnityEngine.Object,string,object[])
UnityEngine.Logger:Log (UnityEngine.LogType,object)
UnityEngine.Debug:Log (object)
FLOBUK.StoreSimulator.EntrepreneurTreeProductUnlockAdapter:IsProductUnlocked (FLOBUK.StoreSimulator.ProductScriptableObject) (at Assets/Systems/EntrepreneurTree/EntrepreneurTreeProductUnlockAdapter.cs:97)
FLOBUK.StoreSimulator.EntrepreneurTreeGameplayBridge:IsProductUnlocked (FLOBUK.StoreSimulator.ProductScriptableObject) (at Assets/Systems/EntrepreneurTree/EntrepreneurTreeGameplayBridge.cs:49)
FLOBUK.StoreSimulator.UIShopItemProduct:Initialize (FLOBUK.StoreSimulator.PurchasableScriptableObject) (at Assets/StoreSimulator/Scripts/UIShopItemProduct.cs:48)
FLOBUK.StoreSimulator.UIShopCategory:InstantiateItem (FLOBUK.StoreSimulator.PurchasableScriptableObject) (at Assets/StoreSimulator/Scripts/UIShopCategory.cs:164)
FLOBUK.StoreSimulator.UIShopCategory:AddItems (int) (at Assets/StoreSimulator/Scripts/UIShopCategory.cs:111)
FLOBUK.StoreSimulator.UIShopCategory:Start () (at Assets/StoreSimulator/Scripts/UIShopCategory.cs:74)

(Filename: Assets/Systems/EntrepreneurTree/EntrepreneurTreeProductUnlockAdapter.cs Line: 97)

[Security] Security level refreshed from tree: 0 / 0%
UnityEngine.Debug:ExtractStackTraceNoAlloc (byte*,int,string)
UnityEngine.StackTraceUtility:ExtractStackTrace ()
UnityEngine.DebugLogHandler:Internal_Log (UnityEngine.LogType,UnityEngine.LogOption,string,UnityEngine.Object)
UnityEngine.DebugLogHandler:LogFormat (UnityEngine.LogType,UnityEngine.Object,string,object[])
UnityEngine.Logger:Log (UnityEngine.LogType,object)
UnityEngine.Debug:Log (object)
FLOBUK.StoreSimulator.EntrepreneurTreeSecurityAdapter:RecalculateFromTree () (at Assets/Systems/EntrepreneurTree/EntrepreneurTreeSecurityAdapter.cs:180)
FLOBUK.StoreSimulator.EntrepreneurTreeSecurityAdapter:Start () (at Assets/Systems/EntrepreneurTree/EntrepreneurTreeSecurityAdapter.cs:47)

(Filename: Assets/Systems/EntrepreneurTree/EntrepreneurTreeSecurityAdapter.cs Line: 180)

[ShelfSlots] Scene scan: 4 placement(s) registered.
UnityEngine.Debug:ExtractStackTraceNoAlloc (byte*,int,string)
UnityEngine.StackTraceUtility:ExtractStackTrace ()
UnityEngine.DebugLogHandler:Internal_Log (UnityEngine.LogType,UnityEngine.LogOption,string,UnityEngine.Object)
UnityEngine.DebugLogHandler:LogFormat (UnityEngine.LogType,UnityEngine.Object,string,object[])
UnityEngine.Logger:Log (UnityEngine.LogType,object)
UnityEngine.Debug:Log (object)
FLOBUK.StoreSimulator.ShelfProductSlotSystem:ScanScene () (at Assets/Systems/Inventory/ShelfProductSlotSystem.cs:105)
FLOBUK.StoreSimulator.ShelfProductSlotSystem:Start () (at Assets/Systems/Inventory/ShelfProductSlotSystem.cs:82)

(Filename: Assets/Systems/Inventory/ShelfProductSlotSystem.cs Line: 105)

[ShelfLabelBoot] Attached ShelfProductInfoLabel to 4 placement(s).
UnityEngine.Debug:ExtractStackTraceNoAlloc (byte*,int,string)
UnityEngine.StackTraceUtility:ExtractStackTrace ()
UnityEngine.DebugLogHandler:Internal_Log (UnityEngine.LogType,UnityEngine.LogOption,string,UnityEngine.Object)
UnityEngine.DebugLogHandler:LogFormat (UnityEngine.LogType,UnityEngine.Object,string,object[])
UnityEngine.Logger:Log (UnityEngine.LogType,object)
UnityEngine.Debug:Log (object)
FLOBUK.StoreSimulator.ShelfProductInfoLabelBootstrap:AttachLabels () (at Assets/Systems/Inventory/ShelfProductInfoLabelBootstrap.cs:62)
FLOBUK.StoreSimulator.ShelfProductInfoLabelBootstrap:Start () (at Assets/Systems/Inventory/ShelfProductInfoLabelBootstrap.cs:31)

(Filename: Assets/Systems/Inventory/ShelfProductInfoLabelBootstrap.cs Line: 62)

[EmployeeNPC] AutoDiscover: EmployeeSpawnPoint found via path 'WarehouseZone/EmployeeSpawnPoint'.
UnityEngine.Debug:ExtractStackTraceNoAlloc (byte*,int,string)
UnityEngine.StackTraceUtility:ExtractStackTrace ()
UnityEngine.DebugLogHandler:Internal_Log (UnityEngine.LogType,UnityEngine.LogOption,string,UnityEngine.Object)
UnityEngine.DebugLogHandler:LogFormat (UnityEngine.LogType,UnityEngine.Object,string,object[])
UnityEngine.Logger:Log (UnityEngine.LogType,object)
UnityEngine.Debug:Log (object)
FLOBUK.StoreSimulator.EmployeeNPCSpawner:AutoDiscoverEmployeeSpawnPoint () (at Assets/Systems/EntrepreneurTree/EmployeeNPCSpawner.cs:145)
FLOBUK.StoreSimulator.EmployeeNPCSpawner:Start () (at Assets/Systems/EntrepreneurTree/EmployeeNPCSpawner.cs:88)

(Filename: Assets/Systems/EntrepreneurTree/EmployeeNPCSpawner.cs Line: 145)

[EmployeeNPC] Using 5 customer prefab(s) from CustomerSystem for employee NPC spawning.
UnityEngine.Debug:ExtractStackTraceNoAlloc (byte*,int,string)
UnityEngine.StackTraceUtility:ExtractStackTrace ()
UnityEngine.DebugLogHandler:Internal_Log (UnityEngine.LogType,UnityEngine.LogOption,string,UnityEngine.Object)
UnityEngine.DebugLogHandler:LogFormat (UnityEngine.LogType,UnityEngine.Object,string,object[])
UnityEngine.Logger:Log (UnityEngine.LogType,object)
UnityEngine.Debug:Log (object)
FLOBUK.StoreSimulator.EmployeeNPCSpawner:AutoDiscoverCustomerPrefabs () (at Assets/Systems/EntrepreneurTree/EmployeeNPCSpawner.cs:190)
FLOBUK.StoreSimulator.EmployeeNPCSpawner:Start () (at Assets/Systems/EntrepreneurTree/EmployeeNPCSpawner.cs:92)

(Filename: Assets/Systems/EntrepreneurTree/EmployeeNPCSpawner.cs Line: 190)

[WorkstationReg] Created 2 fallback workstation(s).
UnityEngine.Debug:ExtractStackTraceNoAlloc (byte*,int,string)
UnityEngine.StackTraceUtility:ExtractStackTrace ()
UnityEngine.DebugLogHandler:Internal_Log (UnityEngine.LogType,UnityEngine.LogOption,string,UnityEngine.Object)
UnityEngine.DebugLogHandler:LogFormat (UnityEngine.LogType,UnityEngine.Object,string,object[])
UnityEngine.Logger:Log (UnityEngine.LogType,object)
UnityEngine.Debug:Log (object)
FLOBUK.StoreSimulator.EmployeeWorkstationRegistry:EnsureFallbackCashierStations () (at Assets/Systems/EntrepreneurTree/EmployeeWorkstationRegistry.cs:330)
FLOBUK.StoreSimulator.EmployeeWorkstationRegistry:Start () (at Assets/Systems/EntrepreneurTree/EmployeeWorkstationRegistry.cs:72)

(Filename: Assets/Systems/EntrepreneurTree/EmployeeWorkstationRegistry.cs Line: 330)

[WarehouseZone] EmployeeNPCSpawner already has employeeSpawnPoint assigned: 'EmployeeSpawnPoint'.
UnityEngine.Debug:ExtractStackTraceNoAlloc (byte*,int,string)
UnityEngine.StackTraceUtility:ExtractStackTrace ()
UnityEngine.DebugLogHandler:Internal_Log (UnityEngine.LogType,UnityEngine.LogOption,string,UnityEngine.Object)
UnityEngine.DebugLogHandler:LogFormat (UnityEngine.LogType,UnityEngine.Object,string,object[])
UnityEngine.Logger:Log (UnityEngine.LogType,object)
UnityEngine.Debug:Log (object)
FLOBUK.StoreSimulator.WarehouseZoneBootstrap:AssignEmployeeSpawnPoint () (at Assets/Systems/EntrepreneurTree/WarehouseZoneBootstrap.cs:195)
FLOBUK.StoreSimulator.WarehouseZoneBootstrap:Start () (at Assets/Systems/EntrepreneurTree/WarehouseZoneBootstrap.cs:64)

(Filename: Assets/Systems/EntrepreneurTree/WarehouseZoneBootstrap.cs Line: 195)

Asset Pipeline Refresh (id=985a9fb3adfc44743acb034284eb03f8): Total: 0.062 seconds - Initiated by RefreshV2(NoUpdateAssetOptions)
Launched and connected shader compiler UnityShaderCompiler.exe after 0.04 seconds
[MODES] ModeService[none].Initialize
[MODES] ModeService[none].LoadModes
Created GICache directory at C:/Users/ijuan/AppData/LocalLow/Unity/Caches/GiCache. Took: 0.036s, timestamps: [21.233 - 21.269]
[EntrepreneurTree] Default node unlocked: product_basic_1
UnityEngine.Debug:ExtractStackTraceNoAlloc (byte*,int,string)
UnityEngine.StackTraceUtility:ExtractStackTrace ()
UnityEngine.DebugLogHandler:Internal_Log (UnityEngine.LogType,UnityEngine.LogOption,string,UnityEngine.Object)
UnityEngine.DebugLogHandler:LogFormat (UnityEngine.LogType,UnityEngine.Object,string,object[])
UnityEngine.Logger:Log (UnityEngine.LogType,object)
UnityEngine.Debug:Log (object)
FLOBUK.StoreSimulator.EntrepreneurTreeManager:EnsureDefaultUnlockedNodes () (at Assets/Systems/EntrepreneurTree/EntrepreneurTreeManager.cs:349)
FLOBUK.StoreSimulator.EntrepreneurTreeManager:LoadFromJSON (SimpleJSON.JSONNode) (at Assets/Systems/EntrepreneurTree/EntrepreneurTreeManager.cs:304)
FLOBUK.StoreSimulator.Editor.ShopMasterFullRequirementsPhase3Runner:TestSecurityPrerequisites () (at Assets/StoreSimulator/Editor/ShopMasterFullRequirementsPhase3Runner.cs:139)
FLOBUK.StoreSimulator.Editor.ShopMasterFullRequirementsPhase3Runner:RunImmediateChecks () (at Assets/StoreSimulator/Editor/ShopMasterFullRequirementsPhase3Runner.cs:131)
FLOBUK.StoreSimulator.Editor.ShopMasterFullRequirementsPhase3Runner:OnUpdate () (at Assets/StoreSimulator/Editor/ShopMasterFullRequirementsPhase3Runner.cs:64)
UnityEditor.EditorApplication:Internal_CallUpdateFunctions ()

(Filename: Assets/Systems/EntrepreneurTree/EntrepreneurTreeManager.cs Line: 349)

[Security] Security level refreshed from tree: 0 / 0%
UnityEngine.Debug:ExtractStackTraceNoAlloc (byte*,int,string)
UnityEngine.StackTraceUtility:ExtractStackTrace ()
UnityEngine.DebugLogHandler:Internal_Log (UnityEngine.LogType,UnityEngine.LogOption,string,UnityEngine.Object)
UnityEngine.DebugLogHandler:LogFormat (UnityEngine.LogType,UnityEngine.Object,string,object[])
UnityEngine.Logger:Log (UnityEngine.LogType,object)
UnityEngine.Debug:Log (object)
FLOBUK.StoreSimulator.EntrepreneurTreeSecurityAdapter:RecalculateFromTree () (at Assets/Systems/EntrepreneurTree/EntrepreneurTreeSecurityAdapter.cs:180)
FLOBUK.StoreSimulator.EntrepreneurTreeSecurityAdapter:RefreshFromTree () (at Assets/Systems/EntrepreneurTree/EntrepreneurTreeSecurityAdapter.cs:98)
FLOBUK.StoreSimulator.Editor.ShopMasterFullRequirementsPhase3Runner:TestSecurityPrerequisites () (at Assets/StoreSimulator/Editor/ShopMasterFullRequirementsPhase3Runner.cs:142)
FLOBUK.StoreSimulator.Editor.ShopMasterFullRequirementsPhase3Runner:RunImmediateChecks () (at Assets/StoreSimulator/Editor/ShopMasterFullRequirementsPhase3Runner.cs:131)
FLOBUK.StoreSimulator.Editor.ShopMasterFullRequirementsPhase3Runner:OnUpdate () (at Assets/StoreSimulator/Editor/ShopMasterFullRequirementsPhase3Runner.cs:64)
UnityEditor.EditorApplication:Internal_CallUpdateFunctions ()

(Filename: Assets/Systems/EntrepreneurTree/EntrepreneurTreeSecurityAdapter.cs Line: 180)

[EntrepreneurTree] Product gameplay unlock applied for group: product_basic_2
UnityEngine.Debug:ExtractStackTraceNoAlloc (byte*,int,string)
UnityEngine.StackTraceUtility:ExtractStackTrace ()
UnityEngine.DebugLogHandler:Internal_Log (UnityEngine.LogType,UnityEngine.LogOption,string,UnityEngine.Object)
UnityEngine.DebugLogHandler:LogFormat (UnityEngine.LogType,UnityEngine.Object,string,object[])
UnityEngine.Logger:Log (UnityEngine.LogType,object)
UnityEngine.Debug:Log (object)
FLOBUK.StoreSimulator.EntrepreneurTreeProductUnlockAdapter:OnProductNodeUnlocked (FLOBUK.StoreSimulator.NodeData) (at Assets/Systems/EntrepreneurTree/EntrepreneurTreeProductUnlockAdapter.cs:365)
FLOBUK.StoreSimulator.EntrepreneurTreeManager:DispatchTypedNodeUnlocked (FLOBUK.StoreSimulator.NodeData) (at Assets/Systems/EntrepreneurTree/EntrepreneurTreeManager.cs:416)
FLOBUK.StoreSimulator.EntrepreneurTreeManager:TryUnlockNode (string) (at Assets/Systems/EntrepreneurTree/EntrepreneurTreeManager.cs:167)
FLOBUK.StoreSimulator.Editor.ShopMasterFullRequirementsPhase3Runner:UnlockPath (string) (at Assets/StoreSimulator/Editor/ShopMasterFullRequirementsPhase3Runner.cs:189)
FLOBUK.StoreSimulator.Editor.ShopMasterFullRequirementsPhase3Runner:UnlockPath (string) (at Assets/StoreSimulator/Editor/ShopMasterFullRequirementsPhase3Runner.cs:188)
FLOBUK.StoreSimulator.Editor.ShopMasterFullRequirementsPhase3Runner:UnlockPath (string) (at Assets/StoreSimulator/Editor/ShopMasterFullRequirementsPhase3Runner.cs:188)
FLOBUK.StoreSimulator.Editor.ShopMasterFullRequirementsPhase3Runner:UnlockPath (string) (at Assets/StoreSimulator/Editor/ShopMasterFullRequirementsPhase3Runner.cs:188)
FLOBUK.StoreSimulator.Editor.ShopMasterFullRequirementsPhase3Runner:TestSecurityPrerequisites () (at Assets/StoreSimulator/Editor/ShopMasterFullRequirementsPhase3Runner.cs:150)
FLOBUK.StoreSimulator.Editor.ShopMasterFullRequirementsPhase3Runner:RunImmediateChecks () (at Assets/StoreSimulator/Editor/ShopMasterFullRequirementsPhase3Runner.cs:131)
FLOBUK.StoreSimulator.Editor.ShopMasterFullRequirementsPhase3Runner:OnUpdate () (at Assets/StoreSimulator/Editor/ShopMasterFullRequirementsPhase3Runner.cs:64)
UnityEditor.EditorApplication:Internal_CallUpdateFunctions ()

(Filename: Assets/Systems/EntrepreneurTree/EntrepreneurTreeProductUnlockAdapter.cs Line: 365)

[EntrepreneurTree] Starter product available: Agua/2.
UnityEngine.Debug:ExtractStackTraceNoAlloc (byte*,int,string)
UnityEngine.StackTraceUtility:ExtractStackTrace ()
UnityEngine.DebugLogHandler:Internal_Log (UnityEngine.LogType,UnityEngine.LogOption,string,UnityEngine.Object)
UnityEngine.DebugLogHandler:LogFormat (UnityEngine.LogType,UnityEngine.Object,string,object[])
UnityEngine.Logger:Log (UnityEngine.LogType,object)
UnityEngine.Debug:Log (object)
FLOBUK.StoreSimulator.EntrepreneurTreeProductUnlockAdapter:IsProductUnlocked (FLOBUK.StoreSimulator.ProductScriptableObject) (at Assets/Systems/EntrepreneurTree/EntrepreneurTreeProductUnlockAdapter.cs:99)
FLOBUK.StoreSimulator.EntrepreneurTreeGameplayBridge:IsProductUnlocked (FLOBUK.StoreSimulator.ProductScriptableObject) (at Assets/Systems/EntrepreneurTree/EntrepreneurTreeGameplayBridge.cs:49)
FLOBUK.StoreSimulator.UIShopItemProduct:Initialize (FLOBUK.StoreSimulator.PurchasableScriptableObject) (at Assets/StoreSimulator/Scripts/UIShopItemProduct.cs:48)
FLOBUK.StoreSimulator.EntrepreneurTreeProductUnlockAdapter:RefreshVisibleProductItems () (at Assets/Systems/EntrepreneurTree/EntrepreneurTreeProductUnlockAdapter.cs:388)
FLOBUK.StoreSimulator.EntrepreneurTreeProductUnlockAdapter:OnProductNodeUnlocked (FLOBUK.StoreSimulator.NodeData) (at Assets/Systems/EntrepreneurTree/EntrepreneurTreeProductUnlockAdapter.cs:366)
FLOBUK.StoreSimulator.EntrepreneurTreeManager:DispatchTypedNodeUnlocked (FLOBUK.StoreSimulator.NodeData) (at Assets/Systems/EntrepreneurTree/EntrepreneurTreeManager.cs:416)
FLOBUK.StoreSimulator.EntrepreneurTreeManager:TryUnlockNode (string) (at Assets/Systems/EntrepreneurTree/EntrepreneurTreeManager.cs:167)
FLOBUK.StoreSimulator.Editor.ShopMasterFullRequirementsPhase3Runner:UnlockPath (string) (at Assets/StoreSimulator/Editor/ShopMasterFullRequirementsPhase3Runner.cs:189)
FLOBUK.StoreSimulator.Editor.ShopMasterFullRequirementsPhase3Runner:UnlockPath (string) (at Assets/StoreSimulator/Editor/ShopMasterFullRequirementsPhase3Runner.cs:188)
FLOBUK.StoreSimulator.Editor.ShopMasterFullRequirementsPhase3Runner:UnlockPath (string) (at Assets/StoreSimulator/Editor/ShopMasterFullRequirementsPhase3Runner.cs:188)
FLOBUK.StoreSimulator.Editor.ShopMasterFullRequirementsPhase3Runner:UnlockPath (string) (at Assets/StoreSimulator/Editor/ShopMasterFullRequirementsPhase3Runner.cs:188)
FLOBUK.StoreSimulator.Editor.ShopMasterFullRequirementsPhase3Runner:TestSecurityPrerequisites () (at Assets/StoreSimulator/Editor/ShopMasterFullRequirementsPhase3Runner.cs:150)
FLOBUK.StoreSimulator.Editor.ShopMasterFullRequirementsPhase3Runner:RunImmediateChecks () (at Assets/StoreSimulator/Editor/ShopMasterFullRequirementsPhase3Runner.cs:131)
FLOBUK.StoreSimulator.Editor.ShopMasterFullRequirementsPhase3Runner:OnUpdate () (at Assets/StoreSimulator/Editor/ShopMasterFullRequirementsPhase3Runner.cs:64)
UnityEditor.EditorApplication:Internal_CallUpdateFunctions ()

(Filename: Assets/Systems/EntrepreneurTree/EntrepreneurTreeProductUnlockAdapter.cs Line: 99)

[EntrepreneurTree] Starter product available: Azúcar/4.
UnityEngine.Debug:ExtractStackTraceNoAlloc (byte*,int,string)
UnityEngine.StackTraceUtility:ExtractStackTrace ()
UnityEngine.DebugLogHandler:Internal_Log (UnityEngine.LogType,UnityEngine.LogOption,string,UnityEngine.Object)
UnityEngine.DebugLogHandler:LogFormat (UnityEngine.LogType,UnityEngine.Object,string,object[])
UnityEngine.Logger:Log (UnityEngine.LogType,object)
UnityEngine.Debug:Log (object)
FLOBUK.StoreSimulator.EntrepreneurTreeProductUnlockAdapter:IsProductUnlocked (FLOBUK.StoreSimulator.ProductScriptableObject) (at Assets/Systems/EntrepreneurTree/EntrepreneurTreeProductUnlockAdapter.cs:99)
FLOBUK.StoreSimulator.EntrepreneurTreeGameplayBridge:IsProductUnlocked (FLOBUK.StoreSimulator.ProductScriptableObject) (at Assets/Systems/EntrepreneurTree/EntrepreneurTreeGameplayBridge.cs:49)
FLOBUK.StoreSimulator.UIShopItemProduct:Initialize (FLOBUK.StoreSimulator.PurchasableScriptableObject) (at Assets/StoreSimulator/Scripts/UIShopItemProduct.cs:48)
FLOBUK.StoreSimulator.EntrepreneurTreeProductUnlockAdapter:RefreshVisibleProductItems () (at Assets/Systems/EntrepreneurTree/EntrepreneurTreeProductUnlockAdapter.cs:388)
FLOBUK.StoreSimulator.EntrepreneurTreeProductUnlockAdapter:OnProductNodeUnlocked (FLOBUK.StoreSimulator.NodeData) (at Assets/Systems/EntrepreneurTree/EntrepreneurTreeProductUnlockAdapter.cs:366)
FLOBUK.StoreSimulator.EntrepreneurTreeManager:DispatchTypedNodeUnlocked (FLOBUK.StoreSimulator.NodeData) (at Assets/Systems/EntrepreneurTree/EntrepreneurTreeManager.cs:416)
FLOBUK.StoreSimulator.EntrepreneurTreeManager:TryUnlockNode (string) (at Assets/Systems/EntrepreneurTree/EntrepreneurTreeManager.cs:167)
FLOBUK.StoreSimulator.Editor.ShopMasterFullRequirementsPhase3Runner:UnlockPath (string) (at Assets/StoreSimulator/Editor/ShopMasterFullRequirementsPhase3Runner.cs:189)
FLOBUK.StoreSimulator.Editor.ShopMasterFullRequirementsPhase3Runner:UnlockPath (string) (at Assets/StoreSimulator/Editor/ShopMasterFullRequirementsPhase3Runner.cs:188)
FLOBUK.StoreSimulator.Editor.ShopMasterFullRequirementsPhase3Runner:UnlockPath (string) (at Assets/StoreSimulator/Editor/ShopMasterFullRequirementsPhase3Runner.cs:188)
FLOBUK.StoreSimulator.Editor.ShopMasterFullRequirementsPhase3Runner:UnlockPath (string) (at Assets/StoreSimulator/Editor/ShopMasterFullRequirementsPhase3Runner.cs:188)
FLOBUK.StoreSimulator.Editor.ShopMasterFullRequirementsPhase3Runner:TestSecurityPrerequisites () (at Assets/StoreSimulator/Editor/ShopMasterFullRequirementsPhase3Runner.cs:150)
FLOBUK.StoreSimulator.Editor.ShopMasterFullRequirementsPhase3Runner:RunImmediateChecks () (at Assets/StoreSimulator/Editor/ShopMasterFullRequirementsPhase3Runner.cs:131)
FLOBUK.StoreSimulator.Editor.ShopMasterFullRequirementsPhase3Runner:OnUpdate () (at Assets/StoreSimulator/Editor/ShopMasterFullRequirementsPhase3Runner.cs:64)
UnityEditor.EditorApplication:Internal_CallUpdateFunctions ()

(Filename: Assets/Systems/EntrepreneurTree/EntrepreneurTreeProductUnlockAdapter.cs Line: 99)

[EntrepreneurTree] Starter product available: Leche/0.
UnityEngine.Debug:ExtractStackTraceNoAlloc (byte*,int,string)
UnityEngine.StackTraceUtility:ExtractStackTrace ()
UnityEngine.DebugLogHandler:Internal_Log (UnityEngine.LogType,UnityEngine.LogOption,string,UnityEngine.Object)
UnityEngine.DebugLogHandler:LogFormat (UnityEngine.LogType,UnityEngine.Object,string,object[])
UnityEngine.Logger:Log (UnityEngine.LogType,object)
UnityEngine.Debug:Log (object)
FLOBUK.StoreSimulator.EntrepreneurTreeProductUnlockAdapter:IsProductUnlocked (FLOBUK.StoreSimulator.ProductScriptableObject) (at Assets/Systems/EntrepreneurTree/EntrepreneurTreeProductUnlockAdapter.cs:99)
FLOBUK.StoreSimulator.EntrepreneurTreeGameplayBridge:IsProductUnlocked (FLOBUK.StoreSimulator.ProductScriptableObject) (at Assets/Systems/EntrepreneurTree/EntrepreneurTreeGameplayBridge.cs:49)
FLOBUK.StoreSimulator.UIShopItemProduct:Initialize (FLOBUK.StoreSimulator.PurchasableScriptableObject) (at Assets/StoreSimulator/Scripts/UIShopItemProduct.cs:48)
FLOBUK.StoreSimulator.EntrepreneurTreeProductUnlockAdapter:RefreshVisibleProductItems () (at Assets/Systems/EntrepreneurTree/EntrepreneurTreeProductUnlockAdapter.cs:388)
FLOBUK.StoreSimulator.EntrepreneurTreeProductUnlockAdapter:OnProductNodeUnlocked (FLOBUK.StoreSimulator.NodeData) (at Assets/Systems/EntrepreneurTree/EntrepreneurTreeProductUnlockAdapter.cs:366)
FLOBUK.StoreSimulator.EntrepreneurTreeManager:DispatchTypedNodeUnlocked (FLOBUK.StoreSimulator.NodeData) (at Assets/Systems/EntrepreneurTree/EntrepreneurTreeManager.cs:416)
FLOBUK.StoreSimulator.EntrepreneurTreeManager:TryUnlockNode (string) (at Assets/Systems/EntrepreneurTree/EntrepreneurTreeManager.cs:167)
FLOBUK.StoreSimulator.Editor.ShopMasterFullRequirementsPhase3Runner:UnlockPath (string) (at Assets/StoreSimulator/Editor/ShopMasterFullRequirementsPhase3Runner.cs:189)
FLOBUK.StoreSimulator.Editor.ShopMasterFullRequirementsPhase3Runner:UnlockPath (string) (at Assets/StoreSimulator/Editor/ShopMasterFullRequirementsPhase3Runner.cs:188)
FLOBUK.StoreSimulator.Editor.ShopMasterFullRequirementsPhase3Runner:UnlockPath (string) (at Assets/StoreSimulator/Editor/ShopMasterFullRequirementsPhase3Runner.cs:188)
FLOBUK.StoreSimulator.Editor.ShopMasterFullRequirementsPhase3Runner:UnlockPath (string) (at Assets/StoreSimulator/Editor/ShopMasterFullRequirementsPhase3Runner.cs:188)
FLOBUK.StoreSimulator.Editor.ShopMasterFullRequirementsPhase3Runner:TestSecurityPrerequisites () (at Assets/StoreSimulator/Editor/ShopMasterFullRequirementsPhase3Runner.cs:150)
FLOBUK.StoreSimulator.Editor.ShopMasterFullRequirementsPhase3Runner:RunImmediateChecks () (at Assets/StoreSimulator/Editor/ShopMasterFullRequirementsPhase3Runner.cs:131)
FLOBUK.StoreSimulator.Editor.ShopMasterFullRequirementsPhase3Runner:OnUpdate () (at Assets/StoreSimulator/Editor/ShopMasterFullRequirementsPhase3Runner.cs:64)
UnityEditor.EditorApplication:Internal_CallUpdateFunctions ()

(Filename: Assets/Systems/EntrepreneurTree/EntrepreneurTreeProductUnlockAdapter.cs Line: 99)

[EntrepreneurTree] Starter product available: Sal/1.
UnityEngine.Debug:ExtractStackTraceNoAlloc (byte*,int,string)
UnityEngine.StackTraceUtility:ExtractStackTrace ()
UnityEngine.DebugLogHandler:Internal_Log (UnityEngine.LogType,UnityEngine.LogOption,string,UnityEngine.Object)
UnityEngine.DebugLogHandler:LogFormat (UnityEngine.LogType,UnityEngine.Object,string,object[])
UnityEngine.Logger:Log (UnityEngine.LogType,object)
UnityEngine.Debug:Log (object)
FLOBUK.StoreSimulator.EntrepreneurTreeProductUnlockAdapter:IsProductUnlocked (FLOBUK.StoreSimulator.ProductScriptableObject) (at Assets/Systems/EntrepreneurTree/EntrepreneurTreeProductUnlockAdapter.cs:99)
FLOBUK.StoreSimulator.EntrepreneurTreeGameplayBridge:IsProductUnlocked (FLOBUK.StoreSimulator.ProductScriptableObject) (at Assets/Systems/EntrepreneurTree/EntrepreneurTreeGameplayBridge.cs:49)
FLOBUK.StoreSimulator.UIShopItemProduct:Initialize (FLOBUK.StoreSimulator.PurchasableScriptableObject) (at Assets/StoreSimulator/Scripts/UIShopItemProduct.cs:48)
FLOBUK.StoreSimulator.EntrepreneurTreeProductUnlockAdapter:RefreshVisibleProductItems () (at Assets/Systems/EntrepreneurTree/EntrepreneurTreeProductUnlockAdapter.cs:388)
FLOBUK.StoreSimulator.EntrepreneurTreeProductUnlockAdapter:OnProductNodeUnlocked (FLOBUK.StoreSimulator.NodeData) (at Assets/Systems/EntrepreneurTree/EntrepreneurTreeProductUnlockAdapter.cs:366)
FLOBUK.StoreSimulator.EntrepreneurTreeManager:DispatchTypedNodeUnlocked (FLOBUK.StoreSimulator.NodeData) (at Assets/Systems/EntrepreneurTree/EntrepreneurTreeManager.cs:416)
FLOBUK.StoreSimulator.EntrepreneurTreeManager:TryUnlockNode (string) (at Assets/Systems/EntrepreneurTree/EntrepreneurTreeManager.cs:167)
FLOBUK.StoreSimulator.Editor.ShopMasterFullRequirementsPhase3Runner:UnlockPath (string) (at Assets/StoreSimulator/Editor/ShopMasterFullRequirementsPhase3Runner.cs:189)
FLOBUK.StoreSimulator.Editor.ShopMasterFullRequirementsPhase3Runner:UnlockPath (string) (at Assets/StoreSimulator/Editor/ShopMasterFullRequirementsPhase3Runner.cs:188)
FLOBUK.StoreSimulator.Editor.ShopMasterFullRequirementsPhase3Runner:UnlockPath (string) (at Assets/StoreSimulator/Editor/ShopMasterFullRequirementsPhase3Runner.cs:188)
FLOBUK.StoreSimulator.Editor.ShopMasterFullRequirementsPhase3Runner:UnlockPath (string) (at Assets/StoreSimulator/Editor/ShopMasterFullRequirementsPhase3Runner.cs:188)
FLOBUK.StoreSimulator.Editor.ShopMasterFullRequirementsPhase3Runner:TestSecurityPrerequisites () (at Assets/StoreSimulator/Editor/ShopMasterFullRequirementsPhase3Runner.cs:150)
FLOBUK.StoreSimulator.Editor.ShopMasterFullRequirementsPhase3Runner:RunImmediateChecks () (at Assets/StoreSimulator/Editor/ShopMasterFullRequirementsPhase3Runner.cs:131)
FLOBUK.StoreSimulator.Editor.ShopMasterFullRequirementsPhase3Runner:OnUpdate () (at Assets/StoreSimulator/Editor/ShopMasterFullRequirementsPhase3Runner.cs:64)
UnityEditor.EditorApplication:Internal_CallUpdateFunctions ()

(Filename: Assets/Systems/EntrepreneurTree/EntrepreneurTreeProductUnlockAdapter.cs Line: 99)

[EntrepreneurTree] Starter product available: Pasta/3.
UnityEngine.Debug:ExtractStackTraceNoAlloc (byte*,int,string)
UnityEngine.StackTraceUtility:ExtractStackTrace ()
UnityEngine.DebugLogHandler:Internal_Log (UnityEngine.LogType,UnityEngine.LogOption,string,UnityEngine.Object)
UnityEngine.DebugLogHandler:LogFormat (UnityEngine.LogType,UnityEngine.Object,string,object[])
UnityEngine.Logger:Log (UnityEngine.LogType,object)
UnityEngine.Debug:Log (object)
FLOBUK.StoreSimulator.EntrepreneurTreeProductUnlockAdapter:IsProductUnlocked (FLOBUK.StoreSimulator.ProductScriptableObject) (at Assets/Systems/EntrepreneurTree/EntrepreneurTreeProductUnlockAdapter.cs:99)
FLOBUK.StoreSimulator.EntrepreneurTreeGameplayBridge:IsProductUnlocked (FLOBUK.StoreSimulator.ProductScriptableObject) (at Assets/Systems/EntrepreneurTree/EntrepreneurTreeGameplayBridge.cs:49)
FLOBUK.StoreSimulator.UIShopItemProduct:Initialize (FLOBUK.StoreSimulator.PurchasableScriptableObject) (at Assets/StoreSimulator/Scripts/UIShopItemProduct.cs:48)
FLOBUK.StoreSimulator.EntrepreneurTreeProductUnlockAdapter:RefreshVisibleProductItems () (at Assets/Systems/EntrepreneurTree/EntrepreneurTreeProductUnlockAdapter.cs:388)
FLOBUK.StoreSimulator.EntrepreneurTreeProductUnlockAdapter:OnProductNodeUnlocked (FLOBUK.StoreSimulator.NodeData) (at Assets/Systems/EntrepreneurTree/EntrepreneurTreeProductUnlockAdapter.cs:366)
FLOBUK.StoreSimulator.EntrepreneurTreeManager:DispatchTypedNodeUnlocked (FLOBUK.StoreSimulator.NodeData) (at Assets/Systems/EntrepreneurTree/EntrepreneurTreeManager.cs:416)
FLOBUK.StoreSimulator.EntrepreneurTreeManager:TryUnlockNode (string) (at Assets/Systems/EntrepreneurTree/EntrepreneurTreeManager.cs:167)
FLOBUK.StoreSimulator.Editor.ShopMasterFullRequirementsPhase3Runner:UnlockPath (string) (at Assets/StoreSimulator/Editor/ShopMasterFullRequirementsPhase3Runner.cs:189)
FLOBUK.StoreSimulator.Editor.ShopMasterFullRequirementsPhase3Runner:UnlockPath (string) (at Assets/StoreSimulator/Editor/ShopMasterFullRequirementsPhase3Runner.cs:188)
FLOBUK.StoreSimulator.Editor.ShopMasterFullRequirementsPhase3Runner:UnlockPath (string) (at Assets/StoreSimulator/Editor/ShopMasterFullRequirementsPhase3Runner.cs:188)
FLOBUK.StoreSimulator.Editor.ShopMasterFullRequirementsPhase3Runner:UnlockPath (string) (at Assets/StoreSimulator/Editor/ShopMasterFullRequirementsPhase3Runner.cs:188)
FLOBUK.StoreSimulator.Editor.ShopMasterFullRequirementsPhase3Runner:TestSecurityPrerequisites () (at Assets/StoreSimulator/Editor/ShopMasterFullRequirementsPhase3Runner.cs:150)
FLOBUK.StoreSimulator.Editor.ShopMasterFullRequirementsPhase3Runner:RunImmediateChecks () (at Assets/StoreSimulator/Editor/ShopMasterFullRequirementsPhase3Runner.cs:131)
FLOBUK.StoreSimulator.Editor.ShopMasterFullRequirementsPhase3Runner:OnUpdate () (at Assets/StoreSimulator/Editor/ShopMasterFullRequirementsPhase3Runner.cs:64)
UnityEditor.EditorApplication:Internal_CallUpdateFunctions ()

(Filename: Assets/Systems/EntrepreneurTree/EntrepreneurTreeProductUnlockAdapter.cs Line: 99)

[LicensesSync] License 1 (Productos Básicos 2) auto-purchased via tree node: product_basic_2.
UnityEngine.Debug:ExtractStackTraceNoAlloc (byte*,int,string)
UnityEngine.StackTraceUtility:ExtractStackTrace ()
UnityEngine.DebugLogHandler:Internal_Log (UnityEngine.LogType,UnityEngine.LogOption,string,UnityEngine.Object)
UnityEngine.DebugLogHandler:LogFormat (UnityEngine.LogType,UnityEngine.Object,string,object[])
UnityEngine.Logger:Log (UnityEngine.LogType,object)
UnityEngine.Debug:Log (object)
FLOBUK.StoreSimulator.EntrepreneurTreeLicenseBridge:ApplyLicenseForNode (string) (at Assets/Systems/EntrepreneurTree/EntrepreneurTreeLicenseBridge.cs:131)
FLOBUK.StoreSimulator.EntrepreneurTreeLicenseBridge:OnProductNodeUnlocked (FLOBUK.StoreSimulator.NodeData) (at Assets/Systems/EntrepreneurTree/EntrepreneurTreeLicenseBridge.cs:77)
FLOBUK.StoreSimulator.EntrepreneurTreeManager:DispatchTypedNodeUnlocked (FLOBUK.StoreSimulator.NodeData) (at Assets/Systems/EntrepreneurTree/EntrepreneurTreeManager.cs:416)
FLOBUK.StoreSimulator.EntrepreneurTreeManager:TryUnlockNode (string) (at Assets/Systems/EntrepreneurTree/EntrepreneurTreeManager.cs:167)
FLOBUK.StoreSimulator.Editor.ShopMasterFullRequirementsPhase3Runner:UnlockPath (string) (at Assets/StoreSimulator/Editor/ShopMasterFullRequirementsPhase3Runner.cs:189)
FLOBUK.StoreSimulator.Editor.ShopMasterFullRequirementsPhase3Runner:UnlockPath (string) (at Assets/StoreSimulator/Editor/ShopMasterFullRequirementsPhase3Runner.cs:188)
FLOBUK.StoreSimulator.Editor.ShopMasterFullRequirementsPhase3Runner:UnlockPath (string) (at Assets/StoreSimulator/Editor/ShopMasterFullRequirementsPhase3Runner.cs:188)
FLOBUK.StoreSimulator.Editor.ShopMasterFullRequirementsPhase3Runner:UnlockPath (string) (at Assets/StoreSimulator/Editor/ShopMasterFullRequirementsPhase3Runner.cs:188)
FLOBUK.StoreSimulator.Editor.ShopMasterFullRequirementsPhase3Runner:TestSecurityPrerequisites () (at Assets/StoreSimulator/Editor/ShopMasterFullRequirementsPhase3Runner.cs:150)
FLOBUK.StoreSimulator.Editor.ShopMasterFullRequirementsPhase3Runner:RunImmediateChecks () (at Assets/StoreSimulator/Editor/ShopMasterFullRequirementsPhase3Runner.cs:131)
FLOBUK.StoreSimulator.Editor.ShopMasterFullRequirementsPhase3Runner:OnUpdate () (at Assets/StoreSimulator/Editor/ShopMasterFullRequirementsPhase3Runner.cs:64)
UnityEditor.EditorApplication:Internal_CallUpdateFunctions ()

(Filename: Assets/Systems/EntrepreneurTree/EntrepreneurTreeLicenseBridge.cs Line: 131)

[EntrepreneurTree] Product node unlocked hook fired: product_basic_2
UnityEngine.Debug:ExtractStackTraceNoAlloc (byte*,int,string)
UnityEngine.StackTraceUtility:ExtractStackTrace ()
UnityEngine.DebugLogHandler:Internal_Log (UnityEngine.LogType,UnityEngine.LogOption,string,UnityEngine.Object)
UnityEngine.DebugLogHandler:LogFormat (UnityEngine.LogType,UnityEngine.Object,string,object[])
UnityEngine.Logger:Log (UnityEngine.LogType,object)
UnityEngine.Debug:Log (object)
FLOBUK.StoreSimulator.EntrepreneurTreeManager:DispatchTypedNodeUnlocked (FLOBUK.StoreSimulator.NodeData) (at Assets/Systems/EntrepreneurTree/EntrepreneurTreeManager.cs:417)
FLOBUK.StoreSimulator.EntrepreneurTreeManager:TryUnlockNode (string) (at Assets/Systems/EntrepreneurTree/EntrepreneurTreeManager.cs:167)
FLOBUK.StoreSimulator.Editor.ShopMasterFullRequirementsPhase3Runner:UnlockPath (string) (at Assets/StoreSimulator/Editor/ShopMasterFullRequirementsPhase3Runner.cs:189)
FLOBUK.StoreSimulator.Editor.ShopMasterFullRequirementsPhase3Runner:UnlockPath (string) (at Assets/StoreSimulator/Editor/ShopMasterFullRequirementsPhase3Runner.cs:188)
FLOBUK.StoreSimulator.Editor.ShopMasterFullRequirementsPhase3Runner:UnlockPath (string) (at Assets/StoreSimulator/Editor/ShopMasterFullRequirementsPhase3Runner.cs:188)
FLOBUK.StoreSimulator.Editor.ShopMasterFullRequirementsPhase3Runner:UnlockPath (string) (at Assets/StoreSimulator/Editor/ShopMasterFullRequirementsPhase3Runner.cs:188)
FLOBUK.StoreSimulator.Editor.ShopMasterFullRequirementsPhase3Runner:TestSecurityPrerequisites () (at Assets/StoreSimulator/Editor/ShopMasterFullRequirementsPhase3Runner.cs:150)
FLOBUK.StoreSimulator.Editor.ShopMasterFullRequirementsPhase3Runner:RunImmediateChecks () (at Assets/StoreSimulator/Editor/ShopMasterFullRequirementsPhase3Runner.cs:131)
FLOBUK.StoreSimulator.Editor.ShopMasterFullRequirementsPhase3Runner:OnUpdate () (at Assets/StoreSimulator/Editor/ShopMasterFullRequirementsPhase3Runner.cs:64)
UnityEditor.EditorApplication:Internal_CallUpdateFunctions ()

(Filename: Assets/Systems/EntrepreneurTree/EntrepreneurTreeManager.cs Line: 417)

[EntrepreneurTree] Product gameplay unlock applied for group: product_dairy_1
UnityEngine.Debug:ExtractStackTraceNoAlloc (byte*,int,string)
UnityEngine.StackTraceUtility:ExtractStackTrace ()
UnityEngine.DebugLogHandler:Internal_Log (UnityEngine.LogType,UnityEngine.LogOption,string,UnityEngine.Object)
UnityEngine.DebugLogHandler:LogFormat (UnityEngine.LogType,UnityEngine.Object,string,object[])
UnityEngine.Logger:Log (UnityEngine.LogType,object)
UnityEngine.Debug:Log (object)
FLOBUK.StoreSimulator.EntrepreneurTreeProductUnlockAdapter:OnProductNodeUnlocked (FLOBUK.StoreSimulator.NodeData) (at Assets/Systems/EntrepreneurTree/EntrepreneurTreeProductUnlockAdapter.cs:365)
FLOBUK.StoreSimulator.EntrepreneurTreeManager:DispatchTypedNodeUnlocked (FLOBUK.StoreSimulator.NodeData) (at Assets/Systems/EntrepreneurTree/EntrepreneurTreeManager.cs:416)
FLOBUK.StoreSimulator.EntrepreneurTreeManager:TryUnlockNode (string) (at Assets/Systems/EntrepreneurTree/EntrepreneurTreeManager.cs:167)
FLOBUK.StoreSimulator.Editor.ShopMasterFullRequirementsPhase3Runner:UnlockPath (string) (at Assets/StoreSimulator/Editor/ShopMasterFullRequirementsPhase3Runner.cs:189)
FLOBUK.StoreSimulator.Editor.ShopMasterFullRequirementsPhase3Runner:UnlockPath (string) (at Assets/StoreSimulator/Editor/ShopMasterFullRequirementsPhase3Runner.cs:188)
FLOBUK.StoreSimulator.Editor.ShopMasterFullRequirementsPhase3Runner:UnlockPath (string) (at Assets/StoreSimulator/Editor/ShopMasterFullRequirementsPhase3Runner.cs:188)
FLOBUK.StoreSimulator.Editor.ShopMasterFullRequirementsPhase3Runner:TestSecurityPrerequisites () (at Assets/StoreSimulator/Editor/ShopMasterFullRequirementsPhase3Runner.cs:150)
FLOBUK.StoreSimulator.Editor.ShopMasterFullRequirementsPhase3Runner:RunImmediateChecks () (at Assets/StoreSimulator/Editor/ShopMasterFullRequirementsPhase3Runner.cs:131)
FLOBUK.StoreSimulator.Editor.ShopMasterFullRequirementsPhase3Runner:OnUpdate () (at Assets/StoreSimulator/Editor/ShopMasterFullRequirementsPhase3Runner.cs:64)
UnityEditor.EditorApplication:Internal_CallUpdateFunctions ()

(Filename: Assets/Systems/EntrepreneurTree/EntrepreneurTreeProductUnlockAdapter.cs Line: 365)

[LicensesSync] License 3 (Lácteos 1) auto-purchased via tree node: product_dairy_1.
UnityEngine.Debug:ExtractStackTraceNoAlloc (byte*,int,string)
UnityEngine.StackTraceUtility:ExtractStackTrace ()
UnityEngine.DebugLogHandler:Internal_Log (UnityEngine.LogType,UnityEngine.LogOption,string,UnityEngine.Object)
UnityEngine.DebugLogHandler:LogFormat (UnityEngine.LogType,UnityEngine.Object,string,object[])
UnityEngine.Logger:Log (UnityEngine.LogType,object)
UnityEngine.Debug:Log (object)
FLOBUK.StoreSimulator.EntrepreneurTreeLicenseBridge:ApplyLicenseForNode (string) (at Assets/Systems/EntrepreneurTree/EntrepreneurTreeLicenseBridge.cs:131)
FLOBUK.StoreSimulator.EntrepreneurTreeLicenseBridge:OnProductNodeUnlocked (FLOBUK.StoreSimulator.NodeData) (at Assets/Systems/EntrepreneurTree/EntrepreneurTreeLicenseBridge.cs:77)
FLOBUK.StoreSimulator.EntrepreneurTreeManager:DispatchTypedNodeUnlocked (FLOBUK.StoreSimulator.NodeData) (at Assets/Systems/EntrepreneurTree/EntrepreneurTreeManager.cs:416)
FLOBUK.StoreSimulator.EntrepreneurTreeManager:TryUnlockNode (string) (at Assets/Systems/EntrepreneurTree/EntrepreneurTreeManager.cs:167)
FLOBUK.StoreSimulator.Editor.ShopMasterFullRequirementsPhase3Runner:UnlockPath (string) (at Assets/StoreSimulator/Editor/ShopMasterFullRequirementsPhase3Runner.cs:189)
FLOBUK.StoreSimulator.Editor.ShopMasterFullRequirementsPhase3Runner:UnlockPath (string) (at Assets/StoreSimulator/Editor/ShopMasterFullRequirementsPhase3Runner.cs:188)
FLOBUK.StoreSimulator.Editor.ShopMasterFullRequirementsPhase3Runner:UnlockPath (string) (at Assets/StoreSimulator/Editor/ShopMasterFullRequirementsPhase3Runner.cs:188)
FLOBUK.StoreSimulator.Editor.ShopMasterFullRequirementsPhase3Runner:TestSecurityPrerequisites () (at Assets/StoreSimulator/Editor/ShopMasterFullRequirementsPhase3Runner.cs:150)
FLOBUK.StoreSimulator.Editor.ShopMasterFullRequirementsPhase3Runner:RunImmediateChecks () (at Assets/StoreSimulator/Editor/ShopMasterFullRequirementsPhase3Runner.cs:131)
FLOBUK.StoreSimulator.Editor.ShopMasterFullRequirementsPhase3Runner:OnUpdate () (at Assets/StoreSimulator/Editor/ShopMasterFullRequirementsPhase3Runner.cs:64)
UnityEditor.EditorApplication:Internal_CallUpdateFunctions ()

(Filename: Assets/Systems/EntrepreneurTree/EntrepreneurTreeLicenseBridge.cs Line: 131)

[EntrepreneurTree] Product node unlocked hook fired: product_dairy_1
UnityEngine.Debug:ExtractStackTraceNoAlloc (byte*,int,string)
UnityEngine.StackTraceUtility:ExtractStackTrace ()
UnityEngine.DebugLogHandler:Internal_Log (UnityEngine.LogType,UnityEngine.LogOption,string,UnityEngine.Object)
UnityEngine.DebugLogHandler:LogFormat (UnityEngine.LogType,UnityEngine.Object,string,object[])
UnityEngine.Logger:Log (UnityEngine.LogType,object)
UnityEngine.Debug:Log (object)
FLOBUK.StoreSimulator.EntrepreneurTreeManager:DispatchTypedNodeUnlocked (FLOBUK.StoreSimulator.NodeData) (at Assets/Systems/EntrepreneurTree/EntrepreneurTreeManager.cs:417)
FLOBUK.StoreSimulator.EntrepreneurTreeManager:TryUnlockNode (string) (at Assets/Systems/EntrepreneurTree/EntrepreneurTreeManager.cs:167)
FLOBUK.StoreSimulator.Editor.ShopMasterFullRequirementsPhase3Runner:UnlockPath (string) (at Assets/StoreSimulator/Editor/ShopMasterFullRequirementsPhase3Runner.cs:189)
FLOBUK.StoreSimulator.Editor.ShopMasterFullRequirementsPhase3Runner:UnlockPath (string) (at Assets/StoreSimulator/Editor/ShopMasterFullRequirementsPhase3Runner.cs:188)
FLOBUK.StoreSimulator.Editor.ShopMasterFullRequirementsPhase3Runner:UnlockPath (string) (at Assets/StoreSimulator/Editor/ShopMasterFullRequirementsPhase3Runner.cs:188)
FLOBUK.StoreSimulator.Editor.ShopMasterFullRequirementsPhase3Runner:TestSecurityPrerequisites () (at Assets/StoreSimulator/Editor/ShopMasterFullRequirementsPhase3Runner.cs:150)
FLOBUK.StoreSimulator.Editor.ShopMasterFullRequirementsPhase3Runner:RunImmediateChecks () (at Assets/StoreSimulator/Editor/ShopMasterFullRequirementsPhase3Runner.cs:131)
FLOBUK.StoreSimulator.Editor.ShopMasterFullRequirementsPhase3Runner:OnUpdate () (at Assets/StoreSimulator/Editor/ShopMasterFullRequirementsPhase3Runner.cs:64)
UnityEditor.EditorApplication:Internal_CallUpdateFunctions ()

(Filename: Assets/Systems/EntrepreneurTree/EntrepreneurTreeManager.cs Line: 417)

[EntrepreneurTree] Employee gameplay unlock applied: employee_5
UnityEngine.Debug:ExtractStackTraceNoAlloc (byte*,int,string)
UnityEngine.StackTraceUtility:ExtractStackTrace ()
UnityEngine.DebugLogHandler:Internal_Log (UnityEngine.LogType,UnityEngine.LogOption,string,UnityEngine.Object)
UnityEngine.DebugLogHandler:LogFormat (UnityEngine.LogType,UnityEngine.Object,string,object[])
UnityEngine.Logger:Log (UnityEngine.LogType,object)
UnityEngine.Debug:Log (object)
FLOBUK.StoreSimulator.EntrepreneurTreeEmployeeUnlockAdapter:OnEmployeeNodeUnlocked (FLOBUK.StoreSimulator.NodeData) (at Assets/Systems/EntrepreneurTree/EntrepreneurTreeEmployeeUnlockAdapter.cs:57)
FLOBUK.StoreSimulator.EntrepreneurTreeManager:DispatchTypedNodeUnlocked (FLOBUK.StoreSimulator.NodeData) (at Assets/Systems/EntrepreneurTree/EntrepreneurTreeManager.cs:420)
FLOBUK.StoreSimulator.EntrepreneurTreeManager:TryUnlockNode (string) (at Assets/Systems/EntrepreneurTree/EntrepreneurTreeManager.cs:167)
FLOBUK.StoreSimulator.Editor.ShopMasterFullRequirementsPhase3Runner:UnlockPath (string) (at Assets/StoreSimulator/Editor/ShopMasterFullRequirementsPhase3Runner.cs:189)
FLOBUK.StoreSimulator.Editor.ShopMasterFullRequirementsPhase3Runner:UnlockPath (string) (at Assets/StoreSimulator/Editor/ShopMasterFullRequirementsPhase3Runner.cs:188)
FLOBUK.StoreSimulator.Editor.ShopMasterFullRequirementsPhase3Runner:TestSecurityPrerequisites () (at Assets/StoreSimulator/Editor/ShopMasterFullRequirementsPhase3Runner.cs:150)
FLOBUK.StoreSimulator.Editor.ShopMasterFullRequirementsPhase3Runner:RunImmediateChecks () (at Assets/StoreSimulator/Editor/ShopMasterFullRequirementsPhase3Runner.cs:131)
FLOBUK.StoreSimulator.Editor.ShopMasterFullRequirementsPhase3Runner:OnUpdate () (at Assets/StoreSimulator/Editor/ShopMasterFullRequirementsPhase3Runner.cs:64)
UnityEditor.EditorApplication:Internal_CallUpdateFunctions ()

(Filename: Assets/Systems/EntrepreneurTree/EntrepreneurTreeEmployeeUnlockAdapter.cs Line: 57)

[EntrepreneurTree] Employee node unlocked hook fired: employee_5
UnityEngine.Debug:ExtractStackTraceNoAlloc (byte*,int,string)
UnityEngine.StackTraceUtility:ExtractStackTrace ()
UnityEngine.DebugLogHandler:Internal_Log (UnityEngine.LogType,UnityEngine.LogOption,string,UnityEngine.Object)
UnityEngine.DebugLogHandler:LogFormat (UnityEngine.LogType,UnityEngine.Object,string,object[])
UnityEngine.Logger:Log (UnityEngine.LogType,object)
UnityEngine.Debug:Log (object)
FLOBUK.StoreSimulator.EntrepreneurTreeManager:DispatchTypedNodeUnlocked (FLOBUK.StoreSimulator.NodeData) (at Assets/Systems/EntrepreneurTree/EntrepreneurTreeManager.cs:421)
FLOBUK.StoreSimulator.EntrepreneurTreeManager:TryUnlockNode (string) (at Assets/Systems/EntrepreneurTree/EntrepreneurTreeManager.cs:167)
FLOBUK.StoreSimulator.Editor.ShopMasterFullRequirementsPhase3Runner:UnlockPath (string) (at Assets/StoreSimulator/Editor/ShopMasterFullRequirementsPhase3Runner.cs:189)
FLOBUK.StoreSimulator.Editor.ShopMasterFullRequirementsPhase3Runner:UnlockPath (string) (at Assets/StoreSimulator/Editor/ShopMasterFullRequirementsPhase3Runner.cs:188)
FLOBUK.StoreSimulator.Editor.ShopMasterFullRequirementsPhase3Runner:TestSecurityPrerequisites () (at Assets/StoreSimulator/Editor/ShopMasterFullRequirementsPhase3Runner.cs:150)
FLOBUK.StoreSimulator.Editor.ShopMasterFullRequirementsPhase3Runner:RunImmediateChecks () (at Assets/StoreSimulator/Editor/ShopMasterFullRequirementsPhase3Runner.cs:131)
FLOBUK.StoreSimulator.Editor.ShopMasterFullRequirementsPhase3Runner:OnUpdate () (at Assets/StoreSimulator/Editor/ShopMasterFullRequirementsPhase3Runner.cs:64)
UnityEditor.EditorApplication:Internal_CallUpdateFunctions ()

(Filename: Assets/Systems/EntrepreneurTree/EntrepreneurTreeManager.cs Line: 421)

[EntrepreneurTree] Employee gameplay unlock applied: employee_7
UnityEngine.Debug:ExtractStackTraceNoAlloc (byte*,int,string)
UnityEngine.StackTraceUtility:ExtractStackTrace ()
UnityEngine.DebugLogHandler:Internal_Log (UnityEngine.LogType,UnityEngine.LogOption,string,UnityEngine.Object)
UnityEngine.DebugLogHandler:LogFormat (UnityEngine.LogType,UnityEngine.Object,string,object[])
UnityEngine.Logger:Log (UnityEngine.LogType,object)
UnityEngine.Debug:Log (object)
FLOBUK.StoreSimulator.EntrepreneurTreeEmployeeUnlockAdapter:OnEmployeeNodeUnlocked (FLOBUK.StoreSimulator.NodeData) (at Assets/Systems/EntrepreneurTree/EntrepreneurTreeEmployeeUnlockAdapter.cs:57)
FLOBUK.StoreSimulator.EntrepreneurTreeManager:DispatchTypedNodeUnlocked (FLOBUK.StoreSimulator.NodeData) (at Assets/Systems/EntrepreneurTree/EntrepreneurTreeManager.cs:420)
FLOBUK.StoreSimulator.EntrepreneurTreeManager:TryUnlockNode (string) (at Assets/Systems/EntrepreneurTree/EntrepreneurTreeManager.cs:167)
FLOBUK.StoreSimulator.Editor.ShopMasterFullRequirementsPhase3Runner:UnlockPath (string) (at Assets/StoreSimulator/Editor/ShopMasterFullRequirementsPhase3Runner.cs:189)
FLOBUK.StoreSimulator.Editor.ShopMasterFullRequirementsPhase3Runner:TestSecurityPrerequisites () (at Assets/StoreSimulator/Editor/ShopMasterFullRequirementsPhase3Runner.cs:150)
FLOBUK.StoreSimulator.Editor.ShopMasterFullRequirementsPhase3Runner:RunImmediateChecks () (at Assets/StoreSimulator/Editor/ShopMasterFullRequirementsPhase3Runner.cs:131)
FLOBUK.StoreSimulator.Editor.ShopMasterFullRequirementsPhase3Runner:OnUpdate () (at Assets/StoreSimulator/Editor/ShopMasterFullRequirementsPhase3Runner.cs:64)
UnityEditor.EditorApplication:Internal_CallUpdateFunctions ()

(Filename: Assets/Systems/EntrepreneurTree/EntrepreneurTreeEmployeeUnlockAdapter.cs Line: 57)

[EntrepreneurTree] Employee node unlocked hook fired: employee_7
UnityEngine.Debug:ExtractStackTraceNoAlloc (byte*,int,string)
UnityEngine.StackTraceUtility:ExtractStackTrace ()
UnityEngine.DebugLogHandler:Internal_Log (UnityEngine.LogType,UnityEngine.LogOption,string,UnityEngine.Object)
UnityEngine.DebugLogHandler:LogFormat (UnityEngine.LogType,UnityEngine.Object,string,object[])
UnityEngine.Logger:Log (UnityEngine.LogType,object)
UnityEngine.Debug:Log (object)
FLOBUK.StoreSimulator.EntrepreneurTreeManager:DispatchTypedNodeUnlocked (FLOBUK.StoreSimulator.NodeData) (at Assets/Systems/EntrepreneurTree/EntrepreneurTreeManager.cs:421)
FLOBUK.StoreSimulator.EntrepreneurTreeManager:TryUnlockNode (string) (at Assets/Systems/EntrepreneurTree/EntrepreneurTreeManager.cs:167)
FLOBUK.StoreSimulator.Editor.ShopMasterFullRequirementsPhase3Runner:UnlockPath (string) (at Assets/StoreSimulator/Editor/ShopMasterFullRequirementsPhase3Runner.cs:189)
FLOBUK.StoreSimulator.Editor.ShopMasterFullRequirementsPhase3Runner:TestSecurityPrerequisites () (at Assets/StoreSimulator/Editor/ShopMasterFullRequirementsPhase3Runner.cs:150)
FLOBUK.StoreSimulator.Editor.ShopMasterFullRequirementsPhase3Runner:RunImmediateChecks () (at Assets/StoreSimulator/Editor/ShopMasterFullRequirementsPhase3Runner.cs:131)
FLOBUK.StoreSimulator.Editor.ShopMasterFullRequirementsPhase3Runner:OnUpdate () (at Assets/StoreSimulator/Editor/ShopMasterFullRequirementsPhase3Runner.cs:64)
UnityEditor.EditorApplication:Internal_CallUpdateFunctions ()

(Filename: Assets/Systems/EntrepreneurTree/EntrepreneurTreeManager.cs Line: 421)

[Security] Security level refreshed from tree: 1 / 33%
UnityEngine.Debug:ExtractStackTraceNoAlloc (byte*,int,string)
UnityEngine.StackTraceUtility:ExtractStackTrace ()
UnityEngine.DebugLogHandler:Internal_Log (UnityEngine.LogType,UnityEngine.LogOption,string,UnityEngine.Object)
UnityEngine.DebugLogHandler:LogFormat (UnityEngine.LogType,UnityEngine.Object,string,object[])
UnityEngine.Logger:Log (UnityEngine.LogType,object)
UnityEngine.Debug:Log (object)
FLOBUK.StoreSimulator.EntrepreneurTreeSecurityAdapter:RecalculateFromTree () (at Assets/Systems/EntrepreneurTree/EntrepreneurTreeSecurityAdapter.cs:180)
FLOBUK.StoreSimulator.EntrepreneurTreeSecurityAdapter:OnSecurityNodeUnlocked (FLOBUK.StoreSimulator.NodeData) (at Assets/Systems/EntrepreneurTree/EntrepreneurTreeSecurityAdapter.cs:141)
FLOBUK.StoreSimulator.EntrepreneurTreeManager:DispatchTypedNodeUnlocked (FLOBUK.StoreSimulator.NodeData) (at Assets/Systems/EntrepreneurTree/EntrepreneurTreeManager.cs:424)
FLOBUK.StoreSimulator.EntrepreneurTreeManager:TryUnlockNode (string) (at Assets/Systems/EntrepreneurTree/EntrepreneurTreeManager.cs:167)
FLOBUK.StoreSimulator.Editor.ShopMasterFullRequirementsPhase3Runner:TestSecurityPrerequisites () (at Assets/StoreSimulator/Editor/ShopMasterFullRequirementsPhase3Runner.cs:151)
FLOBUK.StoreSimulator.Editor.ShopMasterFullRequirementsPhase3Runner:RunImmediateChecks () (at Assets/StoreSimulator/Editor/ShopMasterFullRequirementsPhase3Runner.cs:131)
FLOBUK.StoreSimulator.Editor.ShopMasterFullRequirementsPhase3Runner:OnUpdate () (at Assets/StoreSimulator/Editor/ShopMasterFullRequirementsPhase3Runner.cs:64)
UnityEditor.EditorApplication:Internal_CallUpdateFunctions ()

(Filename: Assets/Systems/EntrepreneurTree/EntrepreneurTreeSecurityAdapter.cs Line: 180)

[Security] Security node unlocked: security_1 → level 1 / 33%
UnityEngine.Debug:ExtractStackTraceNoAlloc (byte*,int,string)
UnityEngine.StackTraceUtility:ExtractStackTrace ()
UnityEngine.DebugLogHandler:Internal_Log (UnityEngine.LogType,UnityEngine.LogOption,string,UnityEngine.Object)
UnityEngine.DebugLogHandler:LogFormat (UnityEngine.LogType,UnityEngine.Object,string,object[])
UnityEngine.Logger:Log (UnityEngine.LogType,object)
UnityEngine.Debug:Log (object)
FLOBUK.StoreSimulator.EntrepreneurTreeSecurityAdapter:OnSecurityNodeUnlocked (FLOBUK.StoreSimulator.NodeData) (at Assets/Systems/EntrepreneurTree/EntrepreneurTreeSecurityAdapter.cs:142)
FLOBUK.StoreSimulator.EntrepreneurTreeManager:DispatchTypedNodeUnlocked (FLOBUK.StoreSimulator.NodeData) (at Assets/Systems/EntrepreneurTree/EntrepreneurTreeManager.cs:424)
FLOBUK.StoreSimulator.EntrepreneurTreeManager:TryUnlockNode (string) (at Assets/Systems/EntrepreneurTree/EntrepreneurTreeManager.cs:167)
FLOBUK.StoreSimulator.Editor.ShopMasterFullRequirementsPhase3Runner:TestSecurityPrerequisites () (at Assets/StoreSimulator/Editor/ShopMasterFullRequirementsPhase3Runner.cs:151)
FLOBUK.StoreSimulator.Editor.ShopMasterFullRequirementsPhase3Runner:RunImmediateChecks () (at Assets/StoreSimulator/Editor/ShopMasterFullRequirementsPhase3Runner.cs:131)
FLOBUK.StoreSimulator.Editor.ShopMasterFullRequirementsPhase3Runner:OnUpdate () (at Assets/StoreSimulator/Editor/ShopMasterFullRequirementsPhase3Runner.cs:64)
UnityEditor.EditorApplication:Internal_CallUpdateFunctions ()

(Filename: Assets/Systems/EntrepreneurTree/EntrepreneurTreeSecurityAdapter.cs Line: 142)

[EntrepreneurTree] Security node unlocked hook fired: security_1 (33%)
UnityEngine.Debug:ExtractStackTraceNoAlloc (byte*,int,string)
UnityEngine.StackTraceUtility:ExtractStackTrace ()
UnityEngine.DebugLogHandler:Internal_Log (UnityEngine.LogType,UnityEngine.LogOption,string,UnityEngine.Object)
UnityEngine.DebugLogHandler:LogFormat (UnityEngine.LogType,UnityEngine.Object,string,object[])
UnityEngine.Logger:Log (UnityEngine.LogType,object)
UnityEngine.Debug:Log (object)
FLOBUK.StoreSimulator.EntrepreneurTreeManager:DispatchTypedNodeUnlocked (FLOBUK.StoreSimulator.NodeData) (at Assets/Systems/EntrepreneurTree/EntrepreneurTreeManager.cs:425)
FLOBUK.StoreSimulator.EntrepreneurTreeManager:TryUnlockNode (string) (at Assets/Systems/EntrepreneurTree/EntrepreneurTreeManager.cs:167)
FLOBUK.StoreSimulator.Editor.ShopMasterFullRequirementsPhase3Runner:TestSecurityPrerequisites () (at Assets/StoreSimulator/Editor/ShopMasterFullRequirementsPhase3Runner.cs:151)
FLOBUK.StoreSimulator.Editor.ShopMasterFullRequirementsPhase3Runner:RunImmediateChecks () (at Assets/StoreSimulator/Editor/ShopMasterFullRequirementsPhase3Runner.cs:131)
FLOBUK.StoreSimulator.Editor.ShopMasterFullRequirementsPhase3Runner:OnUpdate () (at Assets/StoreSimulator/Editor/ShopMasterFullRequirementsPhase3Runner.cs:64)
UnityEditor.EditorApplication:Internal_CallUpdateFunctions ()

(Filename: Assets/Systems/EntrepreneurTree/EntrepreneurTreeManager.cs Line: 425)

[Security] Security level refreshed from tree: 1 / 33%
UnityEngine.Debug:ExtractStackTraceNoAlloc (byte*,int,string)
UnityEngine.StackTraceUtility:ExtractStackTrace ()
UnityEngine.DebugLogHandler:Internal_Log (UnityEngine.LogType,UnityEngine.LogOption,string,UnityEngine.Object)
UnityEngine.DebugLogHandler:LogFormat (UnityEngine.LogType,UnityEngine.Object,string,object[])
UnityEngine.Logger:Log (UnityEngine.LogType,object)
UnityEngine.Debug:Log (object)
FLOBUK.StoreSimulator.EntrepreneurTreeSecurityAdapter:RecalculateFromTree () (at Assets/Systems/EntrepreneurTree/EntrepreneurTreeSecurityAdapter.cs:180)
FLOBUK.StoreSimulator.EntrepreneurTreeSecurityAdapter:RefreshFromTree () (at Assets/Systems/EntrepreneurTree/EntrepreneurTreeSecurityAdapter.cs:98)
FLOBUK.StoreSimulator.Editor.ShopMasterFullRequirementsPhase3Runner:TestSecurityPrerequisites () (at Assets/StoreSimulator/Editor/ShopMasterFullRequirementsPhase3Runner.cs:152)
FLOBUK.StoreSimulator.Editor.ShopMasterFullRequirementsPhase3Runner:RunImmediateChecks () (at Assets/StoreSimulator/Editor/ShopMasterFullRequirementsPhase3Runner.cs:131)
FLOBUK.StoreSimulator.Editor.ShopMasterFullRequirementsPhase3Runner:OnUpdate () (at Assets/StoreSimulator/Editor/ShopMasterFullRequirementsPhase3Runner.cs:64)
UnityEditor.EditorApplication:Internal_CallUpdateFunctions ()

(Filename: Assets/Systems/EntrepreneurTree/EntrepreneurTreeSecurityAdapter.cs Line: 180)

[EntrepreneurTree] Product gameplay unlock applied for group: product_basic_3
UnityEngine.Debug:ExtractStackTraceNoAlloc (byte*,int,string)
UnityEngine.StackTraceUtility:ExtractStackTrace ()
UnityEngine.DebugLogHandler:Internal_Log (UnityEngine.LogType,UnityEngine.LogOption,string,UnityEngine.Object)
UnityEngine.DebugLogHandler:LogFormat (UnityEngine.LogType,UnityEngine.Object,string,object[])
UnityEngine.Logger:Log (UnityEngine.LogType,object)
UnityEngine.Debug:Log (object)
FLOBUK.StoreSimulator.EntrepreneurTreeProductUnlockAdapter:OnProductNodeUnlocked (FLOBUK.StoreSimulator.NodeData) (at Assets/Systems/EntrepreneurTree/EntrepreneurTreeProductUnlockAdapter.cs:365)
FLOBUK.StoreSimulator.EntrepreneurTreeManager:DispatchTypedNodeUnlocked (FLOBUK.StoreSimulator.NodeData) (at Assets/Systems/EntrepreneurTree/EntrepreneurTreeManager.cs:416)
FLOBUK.StoreSimulator.EntrepreneurTreeManager:TryUnlockNode (string) (at Assets/Systems/EntrepreneurTree/EntrepreneurTreeManager.cs:167)
FLOBUK.StoreSimulator.Editor.ShopMasterFullRequirementsPhase3Runner:UnlockPath (string) (at Assets/StoreSimulator/Editor/ShopMasterFullRequirementsPhase3Runner.cs:189)
FLOBUK.StoreSimulator.Editor.ShopMasterFullRequirementsPhase3Runner:UnlockPath (string) (at Assets/StoreSimulator/Editor/ShopMasterFullRequirementsPhase3Runner.cs:188)
FLOBUK.StoreSimulator.Editor.ShopMasterFullRequirementsPhase3Runner:UnlockPath (string) (at Assets/StoreSimulator/Editor/ShopMasterFullRequirementsPhase3Runner.cs:188)
FLOBUK.StoreSimulator.Editor.ShopMasterFullRequirementsPhase3Runner:TestSecurityPrerequisites () (at Assets/StoreSimulator/Editor/ShopMasterFullRequirementsPhase3Runner.cs:157)
FLOBUK.StoreSimulator.Editor.ShopMasterFullRequirementsPhase3Runner:RunImmediateChecks () (at Assets/StoreSimulator/Editor/ShopMasterFullRequirementsPhase3Runner.cs:131)
FLOBUK.StoreSimulator.Editor.ShopMasterFullRequirementsPhase3Runner:OnUpdate () (at Assets/StoreSimulator/Editor/ShopMasterFullRequirementsPhase3Runner.cs:64)
UnityEditor.EditorApplication:Internal_CallUpdateFunctions ()

(Filename: Assets/Systems/EntrepreneurTree/EntrepreneurTreeProductUnlockAdapter.cs Line: 365)

[LicensesSync] License 2 (Productos Básicos 3) auto-purchased via tree node: product_basic_3.
UnityEngine.Debug:ExtractStackTraceNoAlloc (byte*,int,string)
UnityEngine.StackTraceUtility:ExtractStackTrace ()
UnityEngine.DebugLogHandler:Internal_Log (UnityEngine.LogType,UnityEngine.LogOption,string,UnityEngine.Object)
UnityEngine.DebugLogHandler:LogFormat (UnityEngine.LogType,UnityEngine.Object,string,object[])
UnityEngine.Logger:Log (UnityEngine.LogType,object)
UnityEngine.Debug:Log (object)
FLOBUK.StoreSimulator.EntrepreneurTreeLicenseBridge:ApplyLicenseForNode (string) (at Assets/Systems/EntrepreneurTree/EntrepreneurTreeLicenseBridge.cs:131)
FLOBUK.StoreSimulator.EntrepreneurTreeLicenseBridge:OnProductNodeUnlocked (FLOBUK.StoreSimulator.NodeData) (at Assets/Systems/EntrepreneurTree/EntrepreneurTreeLicenseBridge.cs:77)
FLOBUK.StoreSimulator.EntrepreneurTreeManager:DispatchTypedNodeUnlocked (FLOBUK.StoreSimulator.NodeData) (at Assets/Systems/EntrepreneurTree/EntrepreneurTreeManager.cs:416)
FLOBUK.StoreSimulator.EntrepreneurTreeManager:TryUnlockNode (string) (at Assets/Systems/EntrepreneurTree/EntrepreneurTreeManager.cs:167)
FLOBUK.StoreSimulator.Editor.ShopMasterFullRequirementsPhase3Runner:UnlockPath (string) (at Assets/StoreSimulator/Editor/ShopMasterFullRequirementsPhase3Runner.cs:189)
FLOBUK.StoreSimulator.Editor.ShopMasterFullRequirementsPhase3Runner:UnlockPath (string) (at Assets/StoreSimulator/Editor/ShopMasterFullRequirementsPhase3Runner.cs:188)
FLOBUK.StoreSimulator.Editor.ShopMasterFullRequirementsPhase3Runner:UnlockPath (string) (at Assets/StoreSimulator/Editor/ShopMasterFullRequirementsPhase3Runner.cs:188)
FLOBUK.StoreSimulator.Editor.ShopMasterFullRequirementsPhase3Runner:TestSecurityPrerequisites () (at Assets/StoreSimulator/Editor/ShopMasterFullRequirementsPhase3Runner.cs:157)
FLOBUK.StoreSimulator.Editor.ShopMasterFullRequirementsPhase3Runner:RunImmediateChecks () (at Assets/StoreSimulator/Editor/ShopMasterFullRequirementsPhase3Runner.cs:131)
FLOBUK.StoreSimulator.Editor.ShopMasterFullRequirementsPhase3Runner:OnUpdate () (at Assets/StoreSimulator/Editor/ShopMasterFullRequirementsPhase3Runner.cs:64)
UnityEditor.EditorApplication:Internal_CallUpdateFunctions ()

(Filename: Assets/Systems/EntrepreneurTree/EntrepreneurTreeLicenseBridge.cs Line: 131)

[EntrepreneurTree] Product node unlocked hook fired: product_basic_3
UnityEngine.Debug:ExtractStackTraceNoAlloc (byte*,int,string)
UnityEngine.StackTraceUtility:ExtractStackTrace ()
UnityEngine.DebugLogHandler:Internal_Log (UnityEngine.LogType,UnityEngine.LogOption,string,UnityEngine.Object)
UnityEngine.DebugLogHandler:LogFormat (UnityEngine.LogType,UnityEngine.Object,string,object[])
UnityEngine.Logger:Log (UnityEngine.LogType,object)
UnityEngine.Debug:Log (object)
FLOBUK.StoreSimulator.EntrepreneurTreeManager:DispatchTypedNodeUnlocked (FLOBUK.StoreSimulator.NodeData) (at Assets/Systems/EntrepreneurTree/EntrepreneurTreeManager.cs:417)
FLOBUK.StoreSimulator.EntrepreneurTreeManager:TryUnlockNode (string) (at Assets/Systems/EntrepreneurTree/EntrepreneurTreeManager.cs:167)
FLOBUK.StoreSimulator.Editor.ShopMasterFullRequirementsPhase3Runner:UnlockPath (string) (at Assets/StoreSimulator/Editor/ShopMasterFullRequirementsPhase3Runner.cs:189)
FLOBUK.StoreSimulator.Editor.ShopMasterFullRequirementsPhase3Runner:UnlockPath (string) (at Assets/StoreSimulator/Editor/ShopMasterFullRequirementsPhase3Runner.cs:188)
FLOBUK.StoreSimulator.Editor.ShopMasterFullRequirementsPhase3Runner:UnlockPath (string) (at Assets/StoreSimulator/Editor/ShopMasterFullRequirementsPhase3Runner.cs:188)
FLOBUK.StoreSimulator.Editor.ShopMasterFullRequirementsPhase3Runner:TestSecurityPrerequisites () (at Assets/StoreSimulator/Editor/ShopMasterFullRequirementsPhase3Runner.cs:157)
FLOBUK.StoreSimulator.Editor.ShopMasterFullRequirementsPhase3Runner:RunImmediateChecks () (at Assets/StoreSimulator/Editor/ShopMasterFullRequirementsPhase3Runner.cs:131)
FLOBUK.StoreSimulator.Editor.ShopMasterFullRequirementsPhase3Runner:OnUpdate () (at Assets/StoreSimulator/Editor/ShopMasterFullRequirementsPhase3Runner.cs:64)
UnityEditor.EditorApplication:Internal_CallUpdateFunctions ()

(Filename: Assets/Systems/EntrepreneurTree/EntrepreneurTreeManager.cs Line: 417)

[EntrepreneurTree] Product gameplay unlock applied for group: product_sodas
UnityEngine.Debug:ExtractStackTraceNoAlloc (byte*,int,string)
UnityEngine.StackTraceUtility:ExtractStackTrace ()
UnityEngine.DebugLogHandler:Internal_Log (UnityEngine.LogType,UnityEngine.LogOption,string,UnityEngine.Object)
UnityEngine.DebugLogHandler:LogFormat (UnityEngine.LogType,UnityEngine.Object,string,object[])
UnityEngine.Logger:Log (UnityEngine.LogType,object)
UnityEngine.Debug:Log (object)
FLOBUK.StoreSimulator.EntrepreneurTreeProductUnlockAdapter:OnProductNodeUnlocked (FLOBUK.StoreSimulator.NodeData) (at Assets/Systems/EntrepreneurTree/EntrepreneurTreeProductUnlockAdapter.cs:365)
FLOBUK.StoreSimulator.EntrepreneurTreeManager:DispatchTypedNodeUnlocked (FLOBUK.StoreSimulator.NodeData) (at Assets/Systems/EntrepreneurTree/EntrepreneurTreeManager.cs:416)
FLOBUK.StoreSimulator.EntrepreneurTreeManager:TryUnlockNode (string) (at Assets/Systems/EntrepreneurTree/EntrepreneurTreeManager.cs:167)
FLOBUK.StoreSimulator.Editor.ShopMasterFullRequirementsPhase3Runner:UnlockPath (string) (at Assets/StoreSimulator/Editor/ShopMasterFullRequirementsPhase3Runner.cs:189)
FLOBUK.StoreSimulator.Editor.ShopMasterFullRequirementsPhase3Runner:UnlockPath (string) (at Assets/StoreSimulator/Editor/ShopMasterFullRequirementsPhase3Runner.cs:188)
FLOBUK.StoreSimulator.Editor.ShopMasterFullRequirementsPhase3Runner:TestSecurityPrerequisites () (at Assets/StoreSimulator/Editor/ShopMasterFullRequirementsPhase3Runner.cs:157)
FLOBUK.StoreSimulator.Editor.ShopMasterFullRequirementsPhase3Runner:RunImmediateChecks () (at Assets/StoreSimulator/Editor/ShopMasterFullRequirementsPhase3Runner.cs:131)
FLOBUK.StoreSimulator.Editor.ShopMasterFullRequirementsPhase3Runner:OnUpdate () (at Assets/StoreSimulator/Editor/ShopMasterFullRequirementsPhase3Runner.cs:64)
UnityEditor.EditorApplication:Internal_CallUpdateFunctions ()

(Filename: Assets/Systems/EntrepreneurTree/EntrepreneurTreeProductUnlockAdapter.cs Line: 365)

[EntrepreneurTree] Product node unlocked hook fired: product_sodas
UnityEngine.Debug:ExtractStackTraceNoAlloc (byte*,int,string)
UnityEngine.StackTraceUtility:ExtractStackTrace ()
UnityEngine.DebugLogHandler:Internal_Log (UnityEngine.LogType,UnityEngine.LogOption,string,UnityEngine.Object)
UnityEngine.DebugLogHandler:LogFormat (UnityEngine.LogType,UnityEngine.Object,string,object[])
UnityEngine.Logger:Log (UnityEngine.LogType,object)
UnityEngine.Debug:Log (object)
FLOBUK.StoreSimulator.EntrepreneurTreeManager:DispatchTypedNodeUnlocked (FLOBUK.StoreSimulator.NodeData) (at Assets/Systems/EntrepreneurTree/EntrepreneurTreeManager.cs:417)
FLOBUK.StoreSimulator.EntrepreneurTreeManager:TryUnlockNode (string) (at Assets/Systems/EntrepreneurTree/EntrepreneurTreeManager.cs:167)
FLOBUK.StoreSimulator.Editor.ShopMasterFullRequirementsPhase3Runner:UnlockPath (string) (at Assets/StoreSimulator/Editor/ShopMasterFullRequirementsPhase3Runner.cs:189)
FLOBUK.StoreSimulator.Editor.ShopMasterFullRequirementsPhase3Runner:UnlockPath (string) (at Assets/StoreSimulator/Editor/ShopMasterFullRequirementsPhase3Runner.cs:188)
FLOBUK.StoreSimulator.Editor.ShopMasterFullRequirementsPhase3Runner:TestSecurityPrerequisites () (at Assets/StoreSimulator/Editor/ShopMasterFullRequirementsPhase3Runner.cs:157)
FLOBUK.StoreSimulator.Editor.ShopMasterFullRequirementsPhase3Runner:RunImmediateChecks () (at Assets/StoreSimulator/Editor/ShopMasterFullRequirementsPhase3Runner.cs:131)
FLOBUK.StoreSimulator.Editor.ShopMasterFullRequirementsPhase3Runner:OnUpdate () (at Assets/StoreSimulator/Editor/ShopMasterFullRequirementsPhase3Runner.cs:64)
UnityEditor.EditorApplication:Internal_CallUpdateFunctions ()

(Filename: Assets/Systems/EntrepreneurTree/EntrepreneurTreeManager.cs Line: 417)

[EntrepreneurTree] Employee gameplay unlock applied: employee_8
UnityEngine.Debug:ExtractStackTraceNoAlloc (byte*,int,string)
UnityEngine.StackTraceUtility:ExtractStackTrace ()
UnityEngine.DebugLogHandler:Internal_Log (UnityEngine.LogType,UnityEngine.LogOption,string,UnityEngine.Object)
UnityEngine.DebugLogHandler:LogFormat (UnityEngine.LogType,UnityEngine.Object,string,object[])
UnityEngine.Logger:Log (UnityEngine.LogType,object)
UnityEngine.Debug:Log (object)
FLOBUK.StoreSimulator.EntrepreneurTreeEmployeeUnlockAdapter:OnEmployeeNodeUnlocked (FLOBUK.StoreSimulator.NodeData) (at Assets/Systems/EntrepreneurTree/EntrepreneurTreeEmployeeUnlockAdapter.cs:57)
FLOBUK.StoreSimulator.EntrepreneurTreeManager:DispatchTypedNodeUnlocked (FLOBUK.StoreSimulator.NodeData) (at Assets/Systems/EntrepreneurTree/EntrepreneurTreeManager.cs:420)
FLOBUK.StoreSimulator.EntrepreneurTreeManager:TryUnlockNode (string) (at Assets/Systems/EntrepreneurTree/EntrepreneurTreeManager.cs:167)
FLOBUK.StoreSimulator.Editor.ShopMasterFullRequirementsPhase3Runner:UnlockPath (string) (at Assets/StoreSimulator/Editor/ShopMasterFullRequirementsPhase3Runner.cs:189)
FLOBUK.StoreSimulator.Editor.ShopMasterFullRequirementsPhase3Runner:TestSecurityPrerequisites () (at Assets/StoreSimulator/Editor/ShopMasterFullRequirementsPhase3Runner.cs:157)
FLOBUK.StoreSimulator.Editor.ShopMasterFullRequirementsPhase3Runner:RunImmediateChecks () (at Assets/StoreSimulator/Editor/ShopMasterFullRequirementsPhase3Runner.cs:131)
FLOBUK.StoreSimulator.Editor.ShopMasterFullRequirementsPhase3Runner:OnUpdate () (at Assets/StoreSimulator/Editor/ShopMasterFullRequirementsPhase3Runner.cs:64)
UnityEditor.EditorApplication:Internal_CallUpdateFunctions ()

(Filename: Assets/Systems/EntrepreneurTree/EntrepreneurTreeEmployeeUnlockAdapter.cs Line: 57)

[EntrepreneurTree] Employee node unlocked hook fired: employee_8
UnityEngine.Debug:ExtractStackTraceNoAlloc (byte*,int,string)
UnityEngine.StackTraceUtility:ExtractStackTrace ()
UnityEngine.DebugLogHandler:Internal_Log (UnityEngine.LogType,UnityEngine.LogOption,string,UnityEngine.Object)
UnityEngine.DebugLogHandler:LogFormat (UnityEngine.LogType,UnityEngine.Object,string,object[])
UnityEngine.Logger:Log (UnityEngine.LogType,object)
UnityEngine.Debug:Log (object)
FLOBUK.StoreSimulator.EntrepreneurTreeManager:DispatchTypedNodeUnlocked (FLOBUK.StoreSimulator.NodeData) (at Assets/Systems/EntrepreneurTree/EntrepreneurTreeManager.cs:421)
FLOBUK.StoreSimulator.EntrepreneurTreeManager:TryUnlockNode (string) (at Assets/Systems/EntrepreneurTree/EntrepreneurTreeManager.cs:167)
FLOBUK.StoreSimulator.Editor.ShopMasterFullRequirementsPhase3Runner:UnlockPath (string) (at Assets/StoreSimulator/Editor/ShopMasterFullRequirementsPhase3Runner.cs:189)
FLOBUK.StoreSimulator.Editor.ShopMasterFullRequirementsPhase3Runner:TestSecurityPrerequisites () (at Assets/StoreSimulator/Editor/ShopMasterFullRequirementsPhase3Runner.cs:157)
FLOBUK.StoreSimulator.Editor.ShopMasterFullRequirementsPhase3Runner:RunImmediateChecks () (at Assets/StoreSimulator/Editor/ShopMasterFullRequirementsPhase3Runner.cs:131)
FLOBUK.StoreSimulator.Editor.ShopMasterFullRequirementsPhase3Runner:OnUpdate () (at Assets/StoreSimulator/Editor/ShopMasterFullRequirementsPhase3Runner.cs:64)
UnityEditor.EditorApplication:Internal_CallUpdateFunctions ()

(Filename: Assets/Systems/EntrepreneurTree/EntrepreneurTreeManager.cs Line: 421)

[Security] Security level refreshed from tree: 2 / 66%
UnityEngine.Debug:ExtractStackTraceNoAlloc (byte*,int,string)
UnityEngine.StackTraceUtility:ExtractStackTrace ()
UnityEngine.DebugLogHandler:Internal_Log (UnityEngine.LogType,UnityEngine.LogOption,string,UnityEngine.Object)
UnityEngine.DebugLogHandler:LogFormat (UnityEngine.LogType,UnityEngine.Object,string,object[])
UnityEngine.Logger:Log (UnityEngine.LogType,object)
UnityEngine.Debug:Log (object)
FLOBUK.StoreSimulator.EntrepreneurTreeSecurityAdapter:RecalculateFromTree () (at Assets/Systems/EntrepreneurTree/EntrepreneurTreeSecurityAdapter.cs:180)
FLOBUK.StoreSimulator.EntrepreneurTreeSecurityAdapter:OnSecurityNodeUnlocked (FLOBUK.StoreSimulator.NodeData) (at Assets/Systems/EntrepreneurTree/EntrepreneurTreeSecurityAdapter.cs:141)
FLOBUK.StoreSimulator.EntrepreneurTreeManager:DispatchTypedNodeUnlocked (FLOBUK.StoreSimulator.NodeData) (at Assets/Systems/EntrepreneurTree/EntrepreneurTreeManager.cs:424)
FLOBUK.StoreSimulator.EntrepreneurTreeManager:TryUnlockNode (string) (at Assets/Systems/EntrepreneurTree/EntrepreneurTreeManager.cs:167)
FLOBUK.StoreSimulator.Editor.ShopMasterFullRequirementsPhase3Runner:TestSecurityPrerequisites () (at Assets/StoreSimulator/Editor/ShopMasterFullRequirementsPhase3Runner.cs:158)
FLOBUK.StoreSimulator.Editor.ShopMasterFullRequirementsPhase3Runner:RunImmediateChecks () (at Assets/StoreSimulator/Editor/ShopMasterFullRequirementsPhase3Runner.cs:131)
FLOBUK.StoreSimulator.Editor.ShopMasterFullRequirementsPhase3Runner:OnUpdate () (at Assets/StoreSimulator/Editor/ShopMasterFullRequirementsPhase3Runner.cs:64)
UnityEditor.EditorApplication:Internal_CallUpdateFunctions ()

(Filename: Assets/Systems/EntrepreneurTree/EntrepreneurTreeSecurityAdapter.cs Line: 180)

[Security] Security node unlocked: security_2 → level 2 / 66%
UnityEngine.Debug:ExtractStackTraceNoAlloc (byte*,int,string)
UnityEngine.StackTraceUtility:ExtractStackTrace ()
UnityEngine.DebugLogHandler:Internal_Log (UnityEngine.LogType,UnityEngine.LogOption,string,UnityEngine.Object)
UnityEngine.DebugLogHandler:LogFormat (UnityEngine.LogType,UnityEngine.Object,string,object[])
UnityEngine.Logger:Log (UnityEngine.LogType,object)
UnityEngine.Debug:Log (object)
FLOBUK.StoreSimulator.EntrepreneurTreeSecurityAdapter:OnSecurityNodeUnlocked (FLOBUK.StoreSimulator.NodeData) (at Assets/Systems/EntrepreneurTree/EntrepreneurTreeSecurityAdapter.cs:142)
FLOBUK.StoreSimulator.EntrepreneurTreeManager:DispatchTypedNodeUnlocked (FLOBUK.StoreSimulator.NodeData) (at Assets/Systems/EntrepreneurTree/EntrepreneurTreeManager.cs:424)
FLOBUK.StoreSimulator.EntrepreneurTreeManager:TryUnlockNode (string) (at Assets/Systems/EntrepreneurTree/EntrepreneurTreeManager.cs:167)
FLOBUK.StoreSimulator.Editor.ShopMasterFullRequirementsPhase3Runner:TestSecurityPrerequisites () (at Assets/StoreSimulator/Editor/ShopMasterFullRequirementsPhase3Runner.cs:158)
FLOBUK.StoreSimulator.Editor.ShopMasterFullRequirementsPhase3Runner:RunImmediateChecks () (at Assets/StoreSimulator/Editor/ShopMasterFullRequirementsPhase3Runner.cs:131)
FLOBUK.StoreSimulator.Editor.ShopMasterFullRequirementsPhase3Runner:OnUpdate () (at Assets/StoreSimulator/Editor/ShopMasterFullRequirementsPhase3Runner.cs:64)
UnityEditor.EditorApplication:Internal_CallUpdateFunctions ()

(Filename: Assets/Systems/EntrepreneurTree/EntrepreneurTreeSecurityAdapter.cs Line: 142)

[EntrepreneurTree] Security node unlocked hook fired: security_2 (66%)
UnityEngine.Debug:ExtractStackTraceNoAlloc (byte*,int,string)
UnityEngine.StackTraceUtility:ExtractStackTrace ()
UnityEngine.DebugLogHandler:Internal_Log (UnityEngine.LogType,UnityEngine.LogOption,string,UnityEngine.Object)
UnityEngine.DebugLogHandler:LogFormat (UnityEngine.LogType,UnityEngine.Object,string,object[])
UnityEngine.Logger:Log (UnityEngine.LogType,object)
UnityEngine.Debug:Log (object)
FLOBUK.StoreSimulator.EntrepreneurTreeManager:DispatchTypedNodeUnlocked (FLOBUK.StoreSimulator.NodeData) (at Assets/Systems/EntrepreneurTree/EntrepreneurTreeManager.cs:425)
FLOBUK.StoreSimulator.EntrepreneurTreeManager:TryUnlockNode (string) (at Assets/Systems/EntrepreneurTree/EntrepreneurTreeManager.cs:167)
FLOBUK.StoreSimulator.Editor.ShopMasterFullRequirementsPhase3Runner:TestSecurityPrerequisites () (at Assets/StoreSimulator/Editor/ShopMasterFullRequirementsPhase3Runner.cs:158)
FLOBUK.StoreSimulator.Editor.ShopMasterFullRequirementsPhase3Runner:RunImmediateChecks () (at Assets/StoreSimulator/Editor/ShopMasterFullRequirementsPhase3Runner.cs:131)
FLOBUK.StoreSimulator.Editor.ShopMasterFullRequirementsPhase3Runner:OnUpdate () (at Assets/StoreSimulator/Editor/ShopMasterFullRequirementsPhase3Runner.cs:64)
UnityEditor.EditorApplication:Internal_CallUpdateFunctions ()

(Filename: Assets/Systems/EntrepreneurTree/EntrepreneurTreeManager.cs Line: 425)

[Security] Security level refreshed from tree: 2 / 66%
UnityEngine.Debug:ExtractStackTraceNoAlloc (byte*,int,string)
UnityEngine.StackTraceUtility:ExtractStackTrace ()
UnityEngine.DebugLogHandler:Internal_Log (UnityEngine.LogType,UnityEngine.LogOption,string,UnityEngine.Object)
UnityEngine.DebugLogHandler:LogFormat (UnityEngine.LogType,UnityEngine.Object,string,object[])
UnityEngine.Logger:Log (UnityEngine.LogType,object)
UnityEngine.Debug:Log (object)
FLOBUK.StoreSimulator.EntrepreneurTreeSecurityAdapter:RecalculateFromTree () (at Assets/Systems/EntrepreneurTree/EntrepreneurTreeSecurityAdapter.cs:180)
FLOBUK.StoreSimulator.EntrepreneurTreeSecurityAdapter:RefreshFromTree () (at Assets/Systems/EntrepreneurTree/EntrepreneurTreeSecurityAdapter.cs:98)
FLOBUK.StoreSimulator.Editor.ShopMasterFullRequirementsPhase3Runner:TestSecurityPrerequisites () (at Assets/StoreSimulator/Editor/ShopMasterFullRequirementsPhase3Runner.cs:159)
FLOBUK.StoreSimulator.Editor.ShopMasterFullRequirementsPhase3Runner:RunImmediateChecks () (at Assets/StoreSimulator/Editor/ShopMasterFullRequirementsPhase3Runner.cs:131)
FLOBUK.StoreSimulator.Editor.ShopMasterFullRequirementsPhase3Runner:OnUpdate () (at Assets/StoreSimulator/Editor/ShopMasterFullRequirementsPhase3Runner.cs:64)
UnityEditor.EditorApplication:Internal_CallUpdateFunctions ()

(Filename: Assets/Systems/EntrepreneurTree/EntrepreneurTreeSecurityAdapter.cs Line: 180)

[EntrepreneurTree] Product gameplay unlock applied for group: product_appliances_1
UnityEngine.Debug:ExtractStackTraceNoAlloc (byte*,int,string)
UnityEngine.StackTraceUtility:ExtractStackTrace ()
UnityEngine.DebugLogHandler:Internal_Log (UnityEngine.LogType,UnityEngine.LogOption,string,UnityEngine.Object)
UnityEngine.DebugLogHandler:LogFormat (UnityEngine.LogType,UnityEngine.Object,string,object[])
UnityEngine.Logger:Log (UnityEngine.LogType,object)
UnityEngine.Debug:Log (object)
FLOBUK.StoreSimulator.EntrepreneurTreeProductUnlockAdapter:OnProductNodeUnlocked (FLOBUK.StoreSimulator.NodeData) (at Assets/Systems/EntrepreneurTree/EntrepreneurTreeProductUnlockAdapter.cs:365)
FLOBUK.StoreSimulator.EntrepreneurTreeManager:DispatchTypedNodeUnlocked (FLOBUK.StoreSimulator.NodeData) (at Assets/Systems/EntrepreneurTree/EntrepreneurTreeManager.cs:416)
FLOBUK.StoreSimulator.EntrepreneurTreeManager:TryUnlockNode (string) (at Assets/Systems/EntrepreneurTree/EntrepreneurTreeManager.cs:167)
FLOBUK.StoreSimulator.Editor.ShopMasterFullRequirementsPhase3Runner:UnlockPath (string) (at Assets/StoreSimulator/Editor/ShopMasterFullRequirementsPhase3Runner.cs:189)
FLOBUK.StoreSimulator.Editor.ShopMasterFullRequirementsPhase3Runner:UnlockPath (string) (at Assets/StoreSimulator/Editor/ShopMasterFullRequirementsPhase3Runner.cs:188)
FLOBUK.StoreSimulator.Editor.ShopMasterFullRequirementsPhase3Runner:TestSecurityPrerequisites () (at Assets/StoreSimulator/Editor/ShopMasterFullRequirementsPhase3Runner.cs:164)
FLOBUK.StoreSimulator.Editor.ShopMasterFullRequirementsPhase3Runner:RunImmediateChecks () (at Assets/StoreSimulator/Editor/ShopMasterFullRequirementsPhase3Runner.cs:131)
FLOBUK.StoreSimulator.Editor.ShopMasterFullRequirementsPhase3Runner:OnUpdate () (at Assets/StoreSimulator/Editor/ShopMasterFullRequirementsPhase3Runner.cs:64)
UnityEditor.EditorApplication:Internal_CallUpdateFunctions ()

(Filename: Assets/Systems/EntrepreneurTree/EntrepreneurTreeProductUnlockAdapter.cs Line: 365)

[EntrepreneurTree] Product node unlocked hook fired: product_appliances_1
UnityEngine.Debug:ExtractStackTraceNoAlloc (byte*,int,string)
UnityEngine.StackTraceUtility:ExtractStackTrace ()
UnityEngine.DebugLogHandler:Internal_Log (UnityEngine.LogType,UnityEngine.LogOption,string,UnityEngine.Object)
UnityEngine.DebugLogHandler:LogFormat (UnityEngine.LogType,UnityEngine.Object,string,object[])
UnityEngine.Logger:Log (UnityEngine.LogType,object)
UnityEngine.Debug:Log (object)
FLOBUK.StoreSimulator.EntrepreneurTreeManager:DispatchTypedNodeUnlocked (FLOBUK.StoreSimulator.NodeData) (at Assets/Systems/EntrepreneurTree/EntrepreneurTreeManager.cs:417)
FLOBUK.StoreSimulator.EntrepreneurTreeManager:TryUnlockNode (string) (at Assets/Systems/EntrepreneurTree/EntrepreneurTreeManager.cs:167)
FLOBUK.StoreSimulator.Editor.ShopMasterFullRequirementsPhase3Runner:UnlockPath (string) (at Assets/StoreSimulator/Editor/ShopMasterFullRequirementsPhase3Runner.cs:189)
FLOBUK.StoreSimulator.Editor.ShopMasterFullRequirementsPhase3Runner:UnlockPath (string) (at Assets/StoreSimulator/Editor/ShopMasterFullRequirementsPhase3Runner.cs:188)
FLOBUK.StoreSimulator.Editor.ShopMasterFullRequirementsPhase3Runner:TestSecurityPrerequisites () (at Assets/StoreSimulator/Editor/ShopMasterFullRequirementsPhase3Runner.cs:164)
FLOBUK.StoreSimulator.Editor.ShopMasterFullRequirementsPhase3Runner:RunImmediateChecks () (at Assets/StoreSimulator/Editor/ShopMasterFullRequirementsPhase3Runner.cs:131)
FLOBUK.StoreSimulator.Editor.ShopMasterFullRequirementsPhase3Runner:OnUpdate () (at Assets/StoreSimulator/Editor/ShopMasterFullRequirementsPhase3Runner.cs:64)
UnityEditor.EditorApplication:Internal_CallUpdateFunctions ()

(Filename: Assets/Systems/EntrepreneurTree/EntrepreneurTreeManager.cs Line: 417)

[EntrepreneurTree] Employee gameplay unlock applied: employee_14
UnityEngine.Debug:ExtractStackTraceNoAlloc (byte*,int,string)
UnityEngine.StackTraceUtility:ExtractStackTrace ()
UnityEngine.DebugLogHandler:Internal_Log (UnityEngine.LogType,UnityEngine.LogOption,string,UnityEngine.Object)
UnityEngine.DebugLogHandler:LogFormat (UnityEngine.LogType,UnityEngine.Object,string,object[])
UnityEngine.Logger:Log (UnityEngine.LogType,object)
UnityEngine.Debug:Log (object)
FLOBUK.StoreSimulator.EntrepreneurTreeEmployeeUnlockAdapter:OnEmployeeNodeUnlocked (FLOBUK.StoreSimulator.NodeData) (at Assets/Systems/EntrepreneurTree/EntrepreneurTreeEmployeeUnlockAdapter.cs:57)
FLOBUK.StoreSimulator.EntrepreneurTreeManager:DispatchTypedNodeUnlocked (FLOBUK.StoreSimulator.NodeData) (at Assets/Systems/EntrepreneurTree/EntrepreneurTreeManager.cs:420)
FLOBUK.StoreSimulator.EntrepreneurTreeManager:TryUnlockNode (string) (at Assets/Systems/EntrepreneurTree/EntrepreneurTreeManager.cs:167)
FLOBUK.StoreSimulator.Editor.ShopMasterFullRequirementsPhase3Runner:UnlockPath (string) (at Assets/StoreSimulator/Editor/ShopMasterFullRequirementsPhase3Runner.cs:189)
FLOBUK.StoreSimulator.Editor.ShopMasterFullRequirementsPhase3Runner:TestSecurityPrerequisites () (at Assets/StoreSimulator/Editor/ShopMasterFullRequirementsPhase3Runner.cs:164)
FLOBUK.StoreSimulator.Editor.ShopMasterFullRequirementsPhase3Runner:RunImmediateChecks () (at Assets/StoreSimulator/Editor/ShopMasterFullRequirementsPhase3Runner.cs:131)
FLOBUK.StoreSimulator.Editor.ShopMasterFullRequirementsPhase3Runner:OnUpdate () (at Assets/StoreSimulator/Editor/ShopMasterFullRequirementsPhase3Runner.cs:64)
UnityEditor.EditorApplication:Internal_CallUpdateFunctions ()

(Filename: Assets/Systems/EntrepreneurTree/EntrepreneurTreeEmployeeUnlockAdapter.cs Line: 57)

[EntrepreneurTree] Employee node unlocked hook fired: employee_14
UnityEngine.Debug:ExtractStackTraceNoAlloc (byte*,int,string)
UnityEngine.StackTraceUtility:ExtractStackTrace ()
UnityEngine.DebugLogHandler:Internal_Log (UnityEngine.LogType,UnityEngine.LogOption,string,UnityEngine.Object)
UnityEngine.DebugLogHandler:LogFormat (UnityEngine.LogType,UnityEngine.Object,string,object[])
UnityEngine.Logger:Log (UnityEngine.LogType,object)
UnityEngine.Debug:Log (object)
FLOBUK.StoreSimulator.EntrepreneurTreeManager:DispatchTypedNodeUnlocked (FLOBUK.StoreSimulator.NodeData) (at Assets/Systems/EntrepreneurTree/EntrepreneurTreeManager.cs:421)
FLOBUK.StoreSimulator.EntrepreneurTreeManager:TryUnlockNode (string) (at Assets/Systems/EntrepreneurTree/EntrepreneurTreeManager.cs:167)
FLOBUK.StoreSimulator.Editor.ShopMasterFullRequirementsPhase3Runner:UnlockPath (string) (at Assets/StoreSimulator/Editor/ShopMasterFullRequirementsPhase3Runner.cs:189)
FLOBUK.StoreSimulator.Editor.ShopMasterFullRequirementsPhase3Runner:TestSecurityPrerequisites () (at Assets/StoreSimulator/Editor/ShopMasterFullRequirementsPhase3Runner.cs:164)
FLOBUK.StoreSimulator.Editor.ShopMasterFullRequirementsPhase3Runner:RunImmediateChecks () (at Assets/StoreSimulator/Editor/ShopMasterFullRequirementsPhase3Runner.cs:131)
FLOBUK.StoreSimulator.Editor.ShopMasterFullRequirementsPhase3Runner:OnUpdate () (at Assets/StoreSimulator/Editor/ShopMasterFullRequirementsPhase3Runner.cs:64)
UnityEditor.EditorApplication:Internal_CallUpdateFunctions ()

(Filename: Assets/Systems/EntrepreneurTree/EntrepreneurTreeManager.cs Line: 421)

[Security] Security level refreshed from tree: 3 / 99%
UnityEngine.Debug:ExtractStackTraceNoAlloc (byte*,int,string)
UnityEngine.StackTraceUtility:ExtractStackTrace ()
UnityEngine.DebugLogHandler:Internal_Log (UnityEngine.LogType,UnityEngine.LogOption,string,UnityEngine.Object)
UnityEngine.DebugLogHandler:LogFormat (UnityEngine.LogType,UnityEngine.Object,string,object[])
UnityEngine.Logger:Log (UnityEngine.LogType,object)
UnityEngine.Debug:Log (object)
FLOBUK.StoreSimulator.EntrepreneurTreeSecurityAdapter:RecalculateFromTree () (at Assets/Systems/EntrepreneurTree/EntrepreneurTreeSecurityAdapter.cs:180)
FLOBUK.StoreSimulator.EntrepreneurTreeSecurityAdapter:OnSecurityNodeUnlocked (FLOBUK.StoreSimulator.NodeData) (at Assets/Systems/EntrepreneurTree/EntrepreneurTreeSecurityAdapter.cs:141)
FLOBUK.StoreSimulator.EntrepreneurTreeManager:DispatchTypedNodeUnlocked (FLOBUK.StoreSimulator.NodeData) (at Assets/Systems/EntrepreneurTree/EntrepreneurTreeManager.cs:424)
FLOBUK.StoreSimulator.EntrepreneurTreeManager:TryUnlockNode (string) (at Assets/Systems/EntrepreneurTree/EntrepreneurTreeManager.cs:167)
FLOBUK.StoreSimulator.Editor.ShopMasterFullRequirementsPhase3Runner:TestSecurityPrerequisites () (at Assets/StoreSimulator/Editor/ShopMasterFullRequirementsPhase3Runner.cs:165)
FLOBUK.StoreSimulator.Editor.ShopMasterFullRequirementsPhase3Runner:RunImmediateChecks () (at Assets/StoreSimulator/Editor/ShopMasterFullRequirementsPhase3Runner.cs:131)
FLOBUK.StoreSimulator.Editor.ShopMasterFullRequirementsPhase3Runner:OnUpdate () (at Assets/StoreSimulator/Editor/ShopMasterFullRequirementsPhase3Runner.cs:64)
UnityEditor.EditorApplication:Internal_CallUpdateFunctions ()

(Filename: Assets/Systems/EntrepreneurTree/EntrepreneurTreeSecurityAdapter.cs Line: 180)

[Security] Security node unlocked: security_3 → level 3 / 99%
UnityEngine.Debug:ExtractStackTraceNoAlloc (byte*,int,string)
UnityEngine.StackTraceUtility:ExtractStackTrace ()
UnityEngine.DebugLogHandler:Internal_Log (UnityEngine.LogType,UnityEngine.LogOption,string,UnityEngine.Object)
UnityEngine.DebugLogHandler:LogFormat (UnityEngine.LogType,UnityEngine.Object,string,object[])
UnityEngine.Logger:Log (UnityEngine.LogType,object)
UnityEngine.Debug:Log (object)
FLOBUK.StoreSimulator.EntrepreneurTreeSecurityAdapter:OnSecurityNodeUnlocked (FLOBUK.StoreSimulator.NodeData) (at Assets/Systems/EntrepreneurTree/EntrepreneurTreeSecurityAdapter.cs:142)
FLOBUK.StoreSimulator.EntrepreneurTreeManager:DispatchTypedNodeUnlocked (FLOBUK.StoreSimulator.NodeData) (at Assets/Systems/EntrepreneurTree/EntrepreneurTreeManager.cs:424)
FLOBUK.StoreSimulator.EntrepreneurTreeManager:TryUnlockNode (string) (at Assets/Systems/EntrepreneurTree/EntrepreneurTreeManager.cs:167)
FLOBUK.StoreSimulator.Editor.ShopMasterFullRequirementsPhase3Runner:TestSecurityPrerequisites () (at Assets/StoreSimulator/Editor/ShopMasterFullRequirementsPhase3Runner.cs:165)
FLOBUK.StoreSimulator.Editor.ShopMasterFullRequirementsPhase3Runner:RunImmediateChecks () (at Assets/StoreSimulator/Editor/ShopMasterFullRequirementsPhase3Runner.cs:131)
FLOBUK.StoreSimulator.Editor.ShopMasterFullRequirementsPhase3Runner:OnUpdate () (at Assets/StoreSimulator/Editor/ShopMasterFullRequirementsPhase3Runner.cs:64)
UnityEditor.EditorApplication:Internal_CallUpdateFunctions ()

(Filename: Assets/Systems/EntrepreneurTree/EntrepreneurTreeSecurityAdapter.cs Line: 142)

[EntrepreneurTree] Security node unlocked hook fired: security_3 (99%)
UnityEngine.Debug:ExtractStackTraceNoAlloc (byte*,int,string)
UnityEngine.StackTraceUtility:ExtractStackTrace ()
UnityEngine.DebugLogHandler:Internal_Log (UnityEngine.LogType,UnityEngine.LogOption,string,UnityEngine.Object)
UnityEngine.DebugLogHandler:LogFormat (UnityEngine.LogType,UnityEngine.Object,string,object[])
UnityEngine.Logger:Log (UnityEngine.LogType,object)
UnityEngine.Debug:Log (object)
FLOBUK.StoreSimulator.EntrepreneurTreeManager:DispatchTypedNodeUnlocked (FLOBUK.StoreSimulator.NodeData) (at Assets/Systems/EntrepreneurTree/EntrepreneurTreeManager.cs:425)
FLOBUK.StoreSimulator.EntrepreneurTreeManager:TryUnlockNode (string) (at Assets/Systems/EntrepreneurTree/EntrepreneurTreeManager.cs:167)
FLOBUK.StoreSimulator.Editor.ShopMasterFullRequirementsPhase3Runner:TestSecurityPrerequisites () (at Assets/StoreSimulator/Editor/ShopMasterFullRequirementsPhase3Runner.cs:165)
FLOBUK.StoreSimulator.Editor.ShopMasterFullRequirementsPhase3Runner:RunImmediateChecks () (at Assets/StoreSimulator/Editor/ShopMasterFullRequirementsPhase3Runner.cs:131)
FLOBUK.StoreSimulator.Editor.ShopMasterFullRequirementsPhase3Runner:OnUpdate () (at Assets/StoreSimulator/Editor/ShopMasterFullRequirementsPhase3Runner.cs:64)
UnityEditor.EditorApplication:Internal_CallUpdateFunctions ()

(Filename: Assets/Systems/EntrepreneurTree/EntrepreneurTreeManager.cs Line: 425)

[Security] Security level refreshed from tree: 3 / 99%
UnityEngine.Debug:ExtractStackTraceNoAlloc (byte*,int,string)
UnityEngine.StackTraceUtility:ExtractStackTrace ()
UnityEngine.DebugLogHandler:Internal_Log (UnityEngine.LogType,UnityEngine.LogOption,string,UnityEngine.Object)
UnityEngine.DebugLogHandler:LogFormat (UnityEngine.LogType,UnityEngine.Object,string,object[])
UnityEngine.Logger:Log (UnityEngine.LogType,object)
UnityEngine.Debug:Log (object)
FLOBUK.StoreSimulator.EntrepreneurTreeSecurityAdapter:RecalculateFromTree () (at Assets/Systems/EntrepreneurTree/EntrepreneurTreeSecurityAdapter.cs:180)
FLOBUK.StoreSimulator.EntrepreneurTreeSecurityAdapter:RefreshFromTree () (at Assets/Systems/EntrepreneurTree/EntrepreneurTreeSecurityAdapter.cs:98)
FLOBUK.StoreSimulator.Editor.ShopMasterFullRequirementsPhase3Runner:TestSecurityPrerequisites () (at Assets/StoreSimulator/Editor/ShopMasterFullRequirementsPhase3Runner.cs:166)
FLOBUK.StoreSimulator.Editor.ShopMasterFullRequirementsPhase3Runner:RunImmediateChecks () (at Assets/StoreSimulator/Editor/ShopMasterFullRequirementsPhase3Runner.cs:131)
FLOBUK.StoreSimulator.Editor.ShopMasterFullRequirementsPhase3Runner:OnUpdate () (at Assets/StoreSimulator/Editor/ShopMasterFullRequirementsPhase3Runner.cs:64)
UnityEditor.EditorApplication:Internal_CallUpdateFunctions ()

(Filename: Assets/Systems/EntrepreneurTree/EntrepreneurTreeSecurityAdapter.cs Line: 180)

[Expansion] Zone unlocked: sales_w3 is now Available.
UnityEngine.Debug:ExtractStackTraceNoAlloc (byte*,int,string)
UnityEngine.StackTraceUtility:ExtractStackTrace ()
UnityEngine.DebugLogHandler:Internal_Log (UnityEngine.LogType,UnityEngine.LogOption,string,UnityEngine.Object)
UnityEngine.DebugLogHandler:LogFormat (UnityEngine.LogType,UnityEngine.Object,string,object[])
UnityEngine.Logger:Log (UnityEngine.LogType,object)
UnityEngine.Debug:Log (object)
FLOBUK.StoreSimulator.SupermarketExpansionSystem:EvaluateBlockedZones () (at Assets/Systems/Expansion/SupermarketExpansionSystem.cs:405)
FLOBUK.StoreSimulator.SupermarketExpansionSystem:TryPurchaseZone (string,long&,string&) (at Assets/Systems/Expansion/SupermarketExpansionSystem.cs:129)
FLOBUK.StoreSimulator.Editor.ShopMasterFullRequirementsPhase3Runner:TestExpansion () (at Assets/StoreSimulator/Editor/ShopMasterFullRequirementsPhase3Runner.cs:203)
FLOBUK.StoreSimulator.Editor.ShopMasterFullRequirementsPhase3Runner:RunImmediateChecks () (at Assets/StoreSimulator/Editor/ShopMasterFullRequirementsPhase3Runner.cs:132)
FLOBUK.StoreSimulator.Editor.ShopMasterFullRequirementsPhase3Runner:OnUpdate () (at Assets/StoreSimulator/Editor/ShopMasterFullRequirementsPhase3Runner.cs:64)
UnityEditor.EditorApplication:Internal_CallUpdateFunctions ()

(Filename: Assets/Systems/Expansion/SupermarketExpansionSystem.cs Line: 405)

[Expansion] Zone unlocked: sales_s1 is now Available.
UnityEngine.Debug:ExtractStackTraceNoAlloc (byte*,int,string)
UnityEngine.StackTraceUtility:ExtractStackTrace ()
UnityEngine.DebugLogHandler:Internal_Log (UnityEngine.LogType,UnityEngine.LogOption,string,UnityEngine.Object)
UnityEngine.DebugLogHandler:LogFormat (UnityEngine.LogType,UnityEngine.Object,string,object[])
UnityEngine.Logger:Log (UnityEngine.LogType,object)
UnityEngine.Debug:Log (object)
FLOBUK.StoreSimulator.SupermarketExpansionSystem:EvaluateBlockedZones () (at Assets/Systems/Expansion/SupermarketExpansionSystem.cs:405)
FLOBUK.StoreSimulator.SupermarketExpansionSystem:TryPurchaseZone (string,long&,string&) (at Assets/Systems/Expansion/SupermarketExpansionSystem.cs:129)
FLOBUK.StoreSimulator.Editor.ShopMasterFullRequirementsPhase3Runner:TestExpansion () (at Assets/StoreSimulator/Editor/ShopMasterFullRequirementsPhase3Runner.cs:203)
FLOBUK.StoreSimulator.Editor.ShopMasterFullRequirementsPhase3Runner:RunImmediateChecks () (at Assets/StoreSimulator/Editor/ShopMasterFullRequirementsPhase3Runner.cs:132)
FLOBUK.StoreSimulator.Editor.ShopMasterFullRequirementsPhase3Runner:OnUpdate () (at Assets/StoreSimulator/Editor/ShopMasterFullRequirementsPhase3Runner.cs:64)
UnityEditor.EditorApplication:Internal_CallUpdateFunctions ()

(Filename: Assets/Systems/Expansion/SupermarketExpansionSystem.cs Line: 405)

[ExpansionBridge] Activated ExpansionObject for zone 'sales_w1' via expansion '1'.
UnityEngine.Debug:ExtractStackTraceNoAlloc (byte*,int,string)
UnityEngine.StackTraceUtility:ExtractStackTrace ()
UnityEngine.DebugLogHandler:Internal_Log (UnityEngine.LogType,UnityEngine.LogOption,string,UnityEngine.Object)
UnityEngine.DebugLogHandler:LogFormat (UnityEngine.LogType,UnityEngine.Object,string,object[])
UnityEngine.Logger:Log (UnityEngine.LogType,object)
UnityEngine.Debug:Log (object)
FLOBUK.StoreSimulator.ExpansionRealWorldBridge:TryActivateExpansionObject (FLOBUK.StoreSimulator.ExpansionZoneData) (at Assets/Systems/Expansion/ExpansionRealWorldBridge.cs:167)
FLOBUK.StoreSimulator.ExpansionRealWorldBridge:ActivateZone (FLOBUK.StoreSimulator.ExpansionZoneData) (at Assets/Systems/Expansion/ExpansionRealWorldBridge.cs:135)
FLOBUK.StoreSimulator.ExpansionRealWorldBridge:OnZonePurchased (FLOBUK.StoreSimulator.ExpansionZoneData) (at Assets/Systems/Expansion/ExpansionRealWorldBridge.cs:103)
FLOBUK.StoreSimulator.SupermarketExpansionSystem:TryPurchaseZone (string,long&,string&) (at Assets/Systems/Expansion/SupermarketExpansionSystem.cs:131)
FLOBUK.StoreSimulator.Editor.ShopMasterFullRequirementsPhase3Runner:TestExpansion () (at Assets/StoreSimulator/Editor/ShopMasterFullRequirementsPhase3Runner.cs:203)
FLOBUK.StoreSimulator.Editor.ShopMasterFullRequirementsPhase3Runner:RunImmediateChecks () (at Assets/StoreSimulator/Editor/ShopMasterFullRequirementsPhase3Runner.cs:132)
FLOBUK.StoreSimulator.Editor.ShopMasterFullRequirementsPhase3Runner:OnUpdate () (at Assets/StoreSimulator/Editor/ShopMasterFullRequirementsPhase3Runner.cs:64)
UnityEditor.EditorApplication:Internal_CallUpdateFunctions ()

(Filename: Assets/Systems/Expansion/ExpansionRealWorldBridge.cs Line: 167)

[Expansion] Zone sales_w1 purchased for $1,750.00.
UnityEngine.Debug:ExtractStackTraceNoAlloc (byte*,int,string)
UnityEngine.StackTraceUtility:ExtractStackTrace ()
UnityEngine.DebugLogHandler:Internal_Log (UnityEngine.LogType,UnityEngine.LogOption,string,UnityEngine.Object)
UnityEngine.DebugLogHandler:LogFormat (UnityEngine.LogType,UnityEngine.Object,string,object[])
UnityEngine.Logger:Log (UnityEngine.LogType,object)
UnityEngine.Debug:Log (object)
FLOBUK.StoreSimulator.SupermarketExpansionSystem:TryPurchaseZone (string,long&,string&) (at Assets/Systems/Expansion/SupermarketExpansionSystem.cs:134)
FLOBUK.StoreSimulator.Editor.ShopMasterFullRequirementsPhase3Runner:TestExpansion () (at Assets/StoreSimulator/Editor/ShopMasterFullRequirementsPhase3Runner.cs:203)
FLOBUK.StoreSimulator.Editor.ShopMasterFullRequirementsPhase3Runner:RunImmediateChecks () (at Assets/StoreSimulator/Editor/ShopMasterFullRequirementsPhase3Runner.cs:132)
FLOBUK.StoreSimulator.Editor.ShopMasterFullRequirementsPhase3Runner:OnUpdate () (at Assets/StoreSimulator/Editor/ShopMasterFullRequirementsPhase3Runner.cs:64)
UnityEditor.EditorApplication:Internal_CallUpdateFunctions ()

(Filename: Assets/Systems/Expansion/SupermarketExpansionSystem.cs Line: 134)

[Expansion] Zone unlocked: storage_n2 is now Available.
UnityEngine.Debug:ExtractStackTraceNoAlloc (byte*,int,string)
UnityEngine.StackTraceUtility:ExtractStackTrace ()
UnityEngine.DebugLogHandler:Internal_Log (UnityEngine.LogType,UnityEngine.LogOption,string,UnityEngine.Object)
UnityEngine.DebugLogHandler:LogFormat (UnityEngine.LogType,UnityEngine.Object,string,object[])
UnityEngine.Logger:Log (UnityEngine.LogType,object)
UnityEngine.Debug:Log (object)
FLOBUK.StoreSimulator.SupermarketExpansionSystem:EvaluateBlockedZones () (at Assets/Systems/Expansion/SupermarketExpansionSystem.cs:405)
FLOBUK.StoreSimulator.SupermarketExpansionSystem:TryPurchaseZone (string,long&,string&) (at Assets/Systems/Expansion/SupermarketExpansionSystem.cs:129)
FLOBUK.StoreSimulator.Editor.ShopMasterFullRequirementsPhase3Runner:TestExpansion () (at Assets/StoreSimulator/Editor/ShopMasterFullRequirementsPhase3Runner.cs:207)
FLOBUK.StoreSimulator.Editor.ShopMasterFullRequirementsPhase3Runner:RunImmediateChecks () (at Assets/StoreSimulator/Editor/ShopMasterFullRequirementsPhase3Runner.cs:132)
FLOBUK.StoreSimulator.Editor.ShopMasterFullRequirementsPhase3Runner:OnUpdate () (at Assets/StoreSimulator/Editor/ShopMasterFullRequirementsPhase3Runner.cs:64)
UnityEditor.EditorApplication:Internal_CallUpdateFunctions ()

(Filename: Assets/Systems/Expansion/SupermarketExpansionSystem.cs Line: 405)

[Expansion] Storage capacity updated: 64 m² total, 1 expansion(s), multiplier=1.15. Hook: connect to inventory system when available.
UnityEngine.Debug:ExtractStackTraceNoAlloc (byte*,int,string)
UnityEngine.StackTraceUtility:ExtractStackTrace ()
UnityEngine.DebugLogHandler:Internal_Log (UnityEngine.LogType,UnityEngine.LogOption,string,UnityEngine.Object)
UnityEngine.DebugLogHandler:LogFormat (UnityEngine.LogType,UnityEngine.Object,string,object[])
UnityEngine.Logger:Log (UnityEngine.LogType,object)
UnityEngine.Debug:Log (object)
FLOBUK.StoreSimulator.ExpansionStorageCapacityAdapter:LogStorageUpdate () (at Assets/Systems/Expansion/ExpansionStorageCapacityAdapter.cs:106)
FLOBUK.StoreSimulator.ExpansionStorageCapacityAdapter:OnZonePurchased (FLOBUK.StoreSimulator.ExpansionZoneData) (at Assets/Systems/Expansion/ExpansionStorageCapacityAdapter.cs:52)
FLOBUK.StoreSimulator.SupermarketExpansionSystem:TryPurchaseZone (string,long&,string&) (at Assets/Systems/Expansion/SupermarketExpansionSystem.cs:131)
FLOBUK.StoreSimulator.Editor.ShopMasterFullRequirementsPhase3Runner:TestExpansion () (at Assets/StoreSimulator/Editor/ShopMasterFullRequirementsPhase3Runner.cs:207)
FLOBUK.StoreSimulator.Editor.ShopMasterFullRequirementsPhase3Runner:RunImmediateChecks () (at Assets/StoreSimulator/Editor/ShopMasterFullRequirementsPhase3Runner.cs:132)
FLOBUK.StoreSimulator.Editor.ShopMasterFullRequirementsPhase3Runner:OnUpdate () (at Assets/StoreSimulator/Editor/ShopMasterFullRequirementsPhase3Runner.cs:64)
UnityEditor.EditorApplication:Internal_CallUpdateFunctions ()

(Filename: Assets/Systems/Expansion/ExpansionStorageCapacityAdapter.cs Line: 106)

[Expansion] Zone storage_n1 purchased for $2,500.00.
UnityEngine.Debug:ExtractStackTraceNoAlloc (byte*,int,string)
UnityEngine.StackTraceUtility:ExtractStackTrace ()
UnityEngine.DebugLogHandler:Internal_Log (UnityEngine.LogType,UnityEngine.LogOption,string,UnityEngine.Object)
UnityEngine.DebugLogHandler:LogFormat (UnityEngine.LogType,UnityEngine.Object,string,object[])
UnityEngine.Logger:Log (UnityEngine.LogType,object)
UnityEngine.Debug:Log (object)
FLOBUK.StoreSimulator.SupermarketExpansionSystem:TryPurchaseZone (string,long&,string&) (at Assets/Systems/Expansion/SupermarketExpansionSystem.cs:134)
FLOBUK.StoreSimulator.Editor.ShopMasterFullRequirementsPhase3Runner:TestExpansion () (at Assets/StoreSimulator/Editor/ShopMasterFullRequirementsPhase3Runner.cs:207)
FLOBUK.StoreSimulator.Editor.ShopMasterFullRequirementsPhase3Runner:RunImmediateChecks () (at Assets/StoreSimulator/Editor/ShopMasterFullRequirementsPhase3Runner.cs:132)
FLOBUK.StoreSimulator.Editor.ShopMasterFullRequirementsPhase3Runner:OnUpdate () (at Assets/StoreSimulator/Editor/ShopMasterFullRequirementsPhase3Runner.cs:64)
UnityEditor.EditorApplication:Internal_CallUpdateFunctions ()

(Filename: Assets/Systems/Expansion/SupermarketExpansionSystem.cs Line: 134)

[Expansion] Purchase blocked: insufficient funds for sales_w2. Missing $1,750.00.
UnityEngine.Debug:ExtractStackTraceNoAlloc (byte*,int,string)
UnityEngine.StackTraceUtility:ExtractStackTrace ()
UnityEngine.DebugLogHandler:Internal_Log (UnityEngine.LogType,UnityEngine.LogOption,string,UnityEngine.Object)
UnityEngine.DebugLogHandler:LogFormat (UnityEngine.LogType,UnityEngine.Object,string,object[])
UnityEngine.Logger:Log (UnityEngine.LogType,object)
UnityEngine.Debug:Log (object)
FLOBUK.StoreSimulator.SupermarketExpansionSystem:TryPurchaseZone (string,long&,string&) (at Assets/Systems/Expansion/SupermarketExpansionSystem.cs:119)
FLOBUK.StoreSimulator.Editor.ShopMasterFullRequirementsPhase3Runner:TestExpansion () (at Assets/StoreSimulator/Editor/ShopMasterFullRequirementsPhase3Runner.cs:212)
FLOBUK.StoreSimulator.Editor.ShopMasterFullRequirementsPhase3Runner:RunImmediateChecks () (at Assets/StoreSimulator/Editor/ShopMasterFullRequirementsPhase3Runner.cs:132)
FLOBUK.StoreSimulator.Editor.ShopMasterFullRequirementsPhase3Runner:OnUpdate () (at Assets/StoreSimulator/Editor/ShopMasterFullRequirementsPhase3Runner.cs:64)
UnityEditor.EditorApplication:Internal_CallUpdateFunctions ()

(Filename: Assets/Systems/Expansion/SupermarketExpansionSystem.cs Line: 119)

[Pricing] Leche → precio actualizado: $1.00
UnityEngine.Debug:ExtractStackTraceNoAlloc (byte*,int,string)
UnityEngine.StackTraceUtility:ExtractStackTrace ()
UnityEngine.DebugLogHandler:Internal_Log (UnityEngine.LogType,UnityEngine.LogOption,string,UnityEngine.Object)
UnityEngine.DebugLogHandler:LogFormat (UnityEngine.LogType,UnityEngine.Object,string,object[])
UnityEngine.Logger:Log (UnityEngine.LogType,object)
UnityEngine.Debug:Log (object)
FLOBUK.StoreSimulator.ProductPricingSystem:TrySetCurrentPrice (FLOBUK.StoreSimulator.ProductScriptableObject,long,string&) (at Assets/Systems/Pricing/ProductPricingSystem.cs:135)
FLOBUK.StoreSimulator.Editor.ShopMasterFullRequirementsPhase3Runner:TestPricing () (at Assets/StoreSimulator/Editor/ShopMasterFullRequirementsPhase3Runner.cs:227)
FLOBUK.StoreSimulator.Editor.ShopMasterFullRequirementsPhase3Runner:RunImmediateChecks () (at Assets/StoreSimulator/Editor/ShopMasterFullRequirementsPhase3Runner.cs:133)
FLOBUK.StoreSimulator.Editor.ShopMasterFullRequirementsPhase3Runner:OnUpdate () (at Assets/StoreSimulator/Editor/ShopMasterFullRequirementsPhase3Runner.cs:64)
UnityEditor.EditorApplication:Internal_CallUpdateFunctions ()

(Filename: Assets/Systems/Pricing/ProductPricingSystem.cs Line: 135)

[Pricing] Leche → precio actualizado: $2.00
UnityEngine.Debug:ExtractStackTraceNoAlloc (byte*,int,string)
UnityEngine.StackTraceUtility:ExtractStackTrace ()
UnityEngine.DebugLogHandler:Internal_Log (UnityEngine.LogType,UnityEngine.LogOption,string,UnityEngine.Object)
UnityEngine.DebugLogHandler:LogFormat (UnityEngine.LogType,UnityEngine.Object,string,object[])
UnityEngine.Logger:Log (UnityEngine.LogType,object)
UnityEngine.Debug:Log (object)
FLOBUK.StoreSimulator.ProductPricingSystem:TrySetCurrentPrice (FLOBUK.StoreSimulator.ProductScriptableObject,long,string&) (at Assets/Systems/Pricing/ProductPricingSystem.cs:135)
FLOBUK.StoreSimulator.Editor.ShopMasterFullRequirementsPhase3Runner:TestPricing () (at Assets/StoreSimulator/Editor/ShopMasterFullRequirementsPhase3Runner.cs:230)
FLOBUK.StoreSimulator.Editor.ShopMasterFullRequirementsPhase3Runner:RunImmediateChecks () (at Assets/StoreSimulator/Editor/ShopMasterFullRequirementsPhase3Runner.cs:133)
FLOBUK.StoreSimulator.Editor.ShopMasterFullRequirementsPhase3Runner:OnUpdate () (at Assets/StoreSimulator/Editor/ShopMasterFullRequirementsPhase3Runner.cs:64)
UnityEditor.EditorApplication:Internal_CallUpdateFunctions ()

(Filename: Assets/Systems/Pricing/ProductPricingSystem.cs Line: 135)

[Pricing] Leche → precio actualizado: $0.00
UnityEngine.Debug:ExtractStackTraceNoAlloc (byte*,int,string)
UnityEngine.StackTraceUtility:ExtractStackTrace ()
UnityEngine.DebugLogHandler:Internal_Log (UnityEngine.LogType,UnityEngine.LogOption,string,UnityEngine.Object)
UnityEngine.DebugLogHandler:LogFormat (UnityEngine.LogType,UnityEngine.Object,string,object[])
UnityEngine.Logger:Log (UnityEngine.LogType,object)
UnityEngine.Debug:Log (object)
FLOBUK.StoreSimulator.ProductPricingSystem:TrySetCurrentPrice (FLOBUK.StoreSimulator.ProductScriptableObject,long,string&) (at Assets/Systems/Pricing/ProductPricingSystem.cs:135)
FLOBUK.StoreSimulator.Editor.ShopMasterFullRequirementsPhase3Runner:TestPricing () (at Assets/StoreSimulator/Editor/ShopMasterFullRequirementsPhase3Runner.cs:235)
FLOBUK.StoreSimulator.Editor.ShopMasterFullRequirementsPhase3Runner:RunImmediateChecks () (at Assets/StoreSimulator/Editor/ShopMasterFullRequirementsPhase3Runner.cs:133)
FLOBUK.StoreSimulator.Editor.ShopMasterFullRequirementsPhase3Runner:OnUpdate () (at Assets/StoreSimulator/Editor/ShopMasterFullRequirementsPhase3Runner.cs:64)
UnityEditor.EditorApplication:Internal_CallUpdateFunctions ()

(Filename: Assets/Systems/Pricing/ProductPricingSystem.cs Line: 135)

[Pricing] Leche → precio actualizado: $1.00
UnityEngine.Debug:ExtractStackTraceNoAlloc (byte*,int,string)
UnityEngine.StackTraceUtility:ExtractStackTrace ()
UnityEngine.DebugLogHandler:Internal_Log (UnityEngine.LogType,UnityEngine.LogOption,string,UnityEngine.Object)
UnityEngine.DebugLogHandler:LogFormat (UnityEngine.LogType,UnityEngine.Object,string,object[])
UnityEngine.Logger:Log (UnityEngine.LogType,object)
UnityEngine.Debug:Log (object)
FLOBUK.StoreSimulator.ProductPricingSystem:TrySetCurrentPrice (FLOBUK.StoreSimulator.ProductScriptableObject,long,string&) (at Assets/Systems/Pricing/ProductPricingSystem.cs:135)
FLOBUK.StoreSimulator.Editor.ShopMasterFullRequirementsPhase3Runner:TestPricing () (at Assets/StoreSimulator/Editor/ShopMasterFullRequirementsPhase3Runner.cs:239)
FLOBUK.StoreSimulator.Editor.ShopMasterFullRequirementsPhase3Runner:RunImmediateChecks () (at Assets/StoreSimulator/Editor/ShopMasterFullRequirementsPhase3Runner.cs:133)
FLOBUK.StoreSimulator.Editor.ShopMasterFullRequirementsPhase3Runner:OnUpdate () (at Assets/StoreSimulator/Editor/ShopMasterFullRequirementsPhase3Runner.cs:64)
UnityEditor.EditorApplication:Internal_CallUpdateFunctions ()

(Filename: Assets/Systems/Pricing/ProductPricingSystem.cs Line: 135)

[SaveSystem] Save completed: C:/Users/ijuan/AppData/LocalLow/DefaultCompany/Animo\phase3_full_requirements_audit.dat
UnityEngine.Debug:ExtractStackTraceNoAlloc (byte*,int,string)
UnityEngine.StackTraceUtility:ExtractStackTrace ()
UnityEngine.DebugLogHandler:Internal_Log (UnityEngine.LogType,UnityEngine.LogOption,string,UnityEngine.Object)
UnityEngine.DebugLogHandler:LogFormat (UnityEngine.LogType,UnityEngine.Object,string,object[])
UnityEngine.Logger:Log (UnityEngine.LogType,object)
UnityEngine.Debug:Log (object)
FLOBUK.StoreSimulator.SaveGameSystem:Save (string) (at Assets/StoreSimulator/Scripts/SaveGameSystem.cs:103)
FLOBUK.StoreSimulator.Editor.ShopMasterFullRequirementsPhase3Runner:TestAtomicSaveAndBackup () (at Assets/StoreSimulator/Editor/ShopMasterFullRequirementsPhase3Runner.cs:248)
FLOBUK.StoreSimulator.Editor.ShopMasterFullRequirementsPhase3Runner:RunImmediateChecks () (at Assets/StoreSimulator/Editor/ShopMasterFullRequirementsPhase3Runner.cs:134)
FLOBUK.StoreSimulator.Editor.ShopMasterFullRequirementsPhase3Runner:OnUpdate () (at Assets/StoreSimulator/Editor/ShopMasterFullRequirementsPhase3Runner.cs:64)
UnityEditor.EditorApplication:Internal_CallUpdateFunctions ()

(Filename: Assets/StoreSimulator/Scripts/SaveGameSystem.cs Line: 103)

[EntrepreneurTree] Progress saved: C:/Users/ijuan/AppData/LocalLow/DefaultCompany/Animo\entrepreneurTree.dat
UnityEngine.Debug:ExtractStackTraceNoAlloc (byte*,int,string)
UnityEngine.StackTraceUtility:ExtractStackTrace ()
UnityEngine.DebugLogHandler:Internal_Log (UnityEngine.LogType,UnityEngine.LogOption,string,UnityEngine.Object)
UnityEngine.DebugLogHandler:LogFormat (UnityEngine.LogType,UnityEngine.Object,string,object[])
UnityEngine.Logger:Log (UnityEngine.LogType,object)
UnityEngine.Debug:Log (object)
FLOBUK.StoreSimulator.EntrepreneurTreeSaveIntegration:OnSave () (at Assets/Systems/EntrepreneurTree/EntrepreneurTreeSaveIntegration.cs:71)
FLOBUK.StoreSimulator.SaveGameSystem:InvokeEventSafe (System.Action,string) (at Assets/StoreSimulator/Scripts/SaveGameSystem.cs:259)
FLOBUK.StoreSimulator.SaveGameSystem:Save (string) (at Assets/StoreSimulator/Scripts/SaveGameSystem.cs:115)
FLOBUK.StoreSimulator.Editor.ShopMasterFullRequirementsPhase3Runner:TestAtomicSaveAndBackup () (at Assets/StoreSimulator/Editor/ShopMasterFullRequirementsPhase3Runner.cs:248)
FLOBUK.StoreSimulator.Editor.ShopMasterFullRequirementsPhase3Runner:RunImmediateChecks () (at Assets/StoreSimulator/Editor/ShopMasterFullRequirementsPhase3Runner.cs:134)
FLOBUK.StoreSimulator.Editor.ShopMasterFullRequirementsPhase3Runner:OnUpdate () (at Assets/StoreSimulator/Editor/ShopMasterFullRequirementsPhase3Runner.cs:64)
UnityEditor.EditorApplication:Internal_CallUpdateFunctions ()

(Filename: Assets/Systems/EntrepreneurTree/EntrepreneurTreeSaveIntegration.cs Line: 71)

[Expansion] Expansion data saved (5 zones).
UnityEngine.Debug:ExtractStackTraceNoAlloc (byte*,int,string)
UnityEngine.StackTraceUtility:ExtractStackTrace ()
UnityEngine.DebugLogHandler:Internal_Log (UnityEngine.LogType,UnityEngine.LogOption,string,UnityEngine.Object)
UnityEngine.DebugLogHandler:LogFormat (UnityEngine.LogType,UnityEngine.Object,string,object[])
UnityEngine.Logger:Log (UnityEngine.LogType,object)
UnityEngine.Debug:Log (object)
FLOBUK.StoreSimulator.SupermarketExpansionSystem:OnSave () (at Assets/Systems/Expansion/SupermarketExpansionSystem.cs:437)
FLOBUK.StoreSimulator.SaveGameSystem:InvokeEventSafe (System.Action,string) (at Assets/StoreSimulator/Scripts/SaveGameSystem.cs:259)
FLOBUK.StoreSimulator.SaveGameSystem:Save (string) (at Assets/StoreSimulator/Scripts/SaveGameSystem.cs:115)
FLOBUK.StoreSimulator.Editor.ShopMasterFullRequirementsPhase3Runner:TestAtomicSaveAndBackup () (at Assets/StoreSimulator/Editor/ShopMasterFullRequirementsPhase3Runner.cs:248)
FLOBUK.StoreSimulator.Editor.ShopMasterFullRequirementsPhase3Runner:RunImmediateChecks () (at Assets/StoreSimulator/Editor/ShopMasterFullRequirementsPhase3Runner.cs:134)
FLOBUK.StoreSimulator.Editor.ShopMasterFullRequirementsPhase3Runner:OnUpdate () (at Assets/StoreSimulator/Editor/ShopMasterFullRequirementsPhase3Runner.cs:64)
UnityEditor.EditorApplication:Internal_CallUpdateFunctions ()

(Filename: Assets/Systems/Expansion/SupermarketExpansionSystem.cs Line: 437)

[ShelfSlots] Saved 0 slot assignment(s).
UnityEngine.Debug:ExtractStackTraceNoAlloc (byte*,int,string)
UnityEngine.StackTraceUtility:ExtractStackTrace ()
UnityEngine.DebugLogHandler:Internal_Log (UnityEngine.LogType,UnityEngine.LogOption,string,UnityEngine.Object)
UnityEngine.DebugLogHandler:LogFormat (UnityEngine.LogType,UnityEngine.Object,string,object[])
UnityEngine.Logger:Log (UnityEngine.LogType,object)
UnityEngine.Debug:Log (object)
FLOBUK.StoreSimulator.ShelfProductSlotSystem:OnSave () (at Assets/Systems/Inventory/ShelfProductSlotSystem.cs:304)
FLOBUK.StoreSimulator.SaveGameSystem:InvokeEventSafe (System.Action,string) (at Assets/StoreSimulator/Scripts/SaveGameSystem.cs:259)
FLOBUK.StoreSimulator.SaveGameSystem:Save (string) (at Assets/StoreSimulator/Scripts/SaveGameSystem.cs:115)
FLOBUK.StoreSimulator.Editor.ShopMasterFullRequirementsPhase3Runner:TestAtomicSaveAndBackup () (at Assets/StoreSimulator/Editor/ShopMasterFullRequirementsPhase3Runner.cs:248)
FLOBUK.StoreSimulator.Editor.ShopMasterFullRequirementsPhase3Runner:RunImmediateChecks () (at Assets/StoreSimulator/Editor/ShopMasterFullRequirementsPhase3Runner.cs:134)
FLOBUK.StoreSimulator.Editor.ShopMasterFullRequirementsPhase3Runner:OnUpdate () (at Assets/StoreSimulator/Editor/ShopMasterFullRequirementsPhase3Runner.cs:64)
UnityEditor.EditorApplication:Internal_CallUpdateFunctions ()

(Filename: Assets/Systems/Inventory/ShelfProductSlotSystem.cs Line: 304)

[SaveSystem] Save completed: C:/Users/ijuan/AppData/LocalLow/DefaultCompany/Animo\phase3_full_requirements_audit.dat
UnityEngine.Debug:ExtractStackTraceNoAlloc (byte*,int,string)
UnityEngine.StackTraceUtility:ExtractStackTrace ()
UnityEngine.DebugLogHandler:Internal_Log (UnityEngine.LogType,UnityEngine.LogOption,string,UnityEngine.Object)
UnityEngine.DebugLogHandler:LogFormat (UnityEngine.LogType,UnityEngine.Object,string,object[])
UnityEngine.Logger:Log (UnityEngine.LogType,object)
UnityEngine.Debug:Log (object)
FLOBUK.StoreSimulator.SaveGameSystem:Save (string) (at Assets/StoreSimulator/Scripts/SaveGameSystem.cs:103)
FLOBUK.StoreSimulator.Editor.ShopMasterFullRequirementsPhase3Runner:TestAtomicSaveAndBackup () (at Assets/StoreSimulator/Editor/ShopMasterFullRequirementsPhase3Runner.cs:249)
FLOBUK.StoreSimulator.Editor.ShopMasterFullRequirementsPhase3Runner:RunImmediateChecks () (at Assets/StoreSimulator/Editor/ShopMasterFullRequirementsPhase3Runner.cs:134)
FLOBUK.StoreSimulator.Editor.ShopMasterFullRequirementsPhase3Runner:OnUpdate () (at Assets/StoreSimulator/Editor/ShopMasterFullRequirementsPhase3Runner.cs:64)
UnityEditor.EditorApplication:Internal_CallUpdateFunctions ()

(Filename: Assets/StoreSimulator/Scripts/SaveGameSystem.cs Line: 103)

[EntrepreneurTree] Progress saved: C:/Users/ijuan/AppData/LocalLow/DefaultCompany/Animo\entrepreneurTree.dat
UnityEngine.Debug:ExtractStackTraceNoAlloc (byte*,int,string)
UnityEngine.StackTraceUtility:ExtractStackTrace ()
UnityEngine.DebugLogHandler:Internal_Log (UnityEngine.LogType,UnityEngine.LogOption,string,UnityEngine.Object)
UnityEngine.DebugLogHandler:LogFormat (UnityEngine.LogType,UnityEngine.Object,string,object[])
UnityEngine.Logger:Log (UnityEngine.LogType,object)
UnityEngine.Debug:Log (object)
FLOBUK.StoreSimulator.EntrepreneurTreeSaveIntegration:OnSave () (at Assets/Systems/EntrepreneurTree/EntrepreneurTreeSaveIntegration.cs:71)
FLOBUK.StoreSimulator.SaveGameSystem:InvokeEventSafe (System.Action,string) (at Assets/StoreSimulator/Scripts/SaveGameSystem.cs:259)
FLOBUK.StoreSimulator.SaveGameSystem:Save (string) (at Assets/StoreSimulator/Scripts/SaveGameSystem.cs:115)
FLOBUK.StoreSimulator.Editor.ShopMasterFullRequirementsPhase3Runner:TestAtomicSaveAndBackup () (at Assets/StoreSimulator/Editor/ShopMasterFullRequirementsPhase3Runner.cs:249)
FLOBUK.StoreSimulator.Editor.ShopMasterFullRequirementsPhase3Runner:RunImmediateChecks () (at Assets/StoreSimulator/Editor/ShopMasterFullRequirementsPhase3Runner.cs:134)
FLOBUK.StoreSimulator.Editor.ShopMasterFullRequirementsPhase3Runner:OnUpdate () (at Assets/StoreSimulator/Editor/ShopMasterFullRequirementsPhase3Runner.cs:64)
UnityEditor.EditorApplication:Internal_CallUpdateFunctions ()

(Filename: Assets/Systems/EntrepreneurTree/EntrepreneurTreeSaveIntegration.cs Line: 71)

[Expansion] Expansion data saved (5 zones).
UnityEngine.Debug:ExtractStackTraceNoAlloc (byte*,int,string)
UnityEngine.StackTraceUtility:ExtractStackTrace ()
UnityEngine.DebugLogHandler:Internal_Log (UnityEngine.LogType,UnityEngine.LogOption,string,UnityEngine.Object)
UnityEngine.DebugLogHandler:LogFormat (UnityEngine.LogType,UnityEngine.Object,string,object[])
UnityEngine.Logger:Log (UnityEngine.LogType,object)
UnityEngine.Debug:Log (object)
FLOBUK.StoreSimulator.SupermarketExpansionSystem:OnSave () (at Assets/Systems/Expansion/SupermarketExpansionSystem.cs:437)
FLOBUK.StoreSimulator.SaveGameSystem:InvokeEventSafe (System.Action,string) (at Assets/StoreSimulator/Scripts/SaveGameSystem.cs:259)
FLOBUK.StoreSimulator.SaveGameSystem:Save (string) (at Assets/StoreSimulator/Scripts/SaveGameSystem.cs:115)
FLOBUK.StoreSimulator.Editor.ShopMasterFullRequirementsPhase3Runner:TestAtomicSaveAndBackup () (at Assets/StoreSimulator/Editor/ShopMasterFullRequirementsPhase3Runner.cs:249)
FLOBUK.StoreSimulator.Editor.ShopMasterFullRequirementsPhase3Runner:RunImmediateChecks () (at Assets/StoreSimulator/Editor/ShopMasterFullRequirementsPhase3Runner.cs:134)
FLOBUK.StoreSimulator.Editor.ShopMasterFullRequirementsPhase3Runner:OnUpdate () (at Assets/StoreSimulator/Editor/ShopMasterFullRequirementsPhase3Runner.cs:64)
UnityEditor.EditorApplication:Internal_CallUpdateFunctions ()

(Filename: Assets/Systems/Expansion/SupermarketExpansionSystem.cs Line: 437)

[ShelfSlots] Saved 0 slot assignment(s).
UnityEngine.Debug:ExtractStackTraceNoAlloc (byte*,int,string)
UnityEngine.StackTraceUtility:ExtractStackTrace ()
UnityEngine.DebugLogHandler:Internal_Log (UnityEngine.LogType,UnityEngine.LogOption,string,UnityEngine.Object)
UnityEngine.DebugLogHandler:LogFormat (UnityEngine.LogType,UnityEngine.Object,string,object[])
UnityEngine.Logger:Log (UnityEngine.LogType,object)
UnityEngine.Debug:Log (object)
FLOBUK.StoreSimulator.ShelfProductSlotSystem:OnSave () (at Assets/Systems/Inventory/ShelfProductSlotSystem.cs:304)
FLOBUK.StoreSimulator.SaveGameSystem:InvokeEventSafe (System.Action,string) (at Assets/StoreSimulator/Scripts/SaveGameSystem.cs:259)
FLOBUK.StoreSimulator.SaveGameSystem:Save (string) (at Assets/StoreSimulator/Scripts/SaveGameSystem.cs:115)
FLOBUK.StoreSimulator.Editor.ShopMasterFullRequirementsPhase3Runner:TestAtomicSaveAndBackup () (at Assets/StoreSimulator/Editor/ShopMasterFullRequirementsPhase3Runner.cs:249)
FLOBUK.StoreSimulator.Editor.ShopMasterFullRequirementsPhase3Runner:RunImmediateChecks () (at Assets/StoreSimulator/Editor/ShopMasterFullRequirementsPhase3Runner.cs:134)
FLOBUK.StoreSimulator.Editor.ShopMasterFullRequirementsPhase3Runner:OnUpdate () (at Assets/StoreSimulator/Editor/ShopMasterFullRequirementsPhase3Runner.cs:64)
UnityEditor.EditorApplication:Internal_CallUpdateFunctions ()

(Filename: Assets/Systems/Inventory/ShelfProductSlotSystem.cs Line: 304)

[SaveSystem] Primary save JSON parse returned null: C:/Users/ijuan/AppData/LocalLow/DefaultCompany/Animo\phase3_full_requirements_audit.dat
UnityEngine.Debug:ExtractStackTraceNoAlloc (byte*,int,string)
UnityEngine.StackTraceUtility:ExtractStackTrace ()
UnityEngine.DebugLogHandler:Internal_Log (UnityEngine.LogType,UnityEngine.LogOption,string,UnityEngine.Object)
UnityEngine.DebugLogHandler:LogFormat (UnityEngine.LogType,UnityEngine.Object,string,object[])
UnityEngine.Logger:Log (UnityEngine.LogType,object)
UnityEngine.Debug:LogWarning (object)
FLOBUK.StoreSimulator.SaveGameSystem:TryParseSaveData (string,string,bool) (at Assets/StoreSimulator/Scripts/SaveGameSystem.cs:298)
FLOBUK.StoreSimulator.SaveGameSystem:Load (string) (at Assets/StoreSimulator/Scripts/SaveGameSystem.cs:154)
FLOBUK.StoreSimulator.Editor.ShopMasterFullRequirementsPhase3Runner:TestAtomicSaveAndBackup () (at Assets/StoreSimulator/Editor/ShopMasterFullRequirementsPhase3Runner.cs:253)
FLOBUK.StoreSimulator.Editor.ShopMasterFullRequirementsPhase3Runner:RunImmediateChecks () (at Assets/StoreSimulator/Editor/ShopMasterFullRequirementsPhase3Runner.cs:134)
FLOBUK.StoreSimulator.Editor.ShopMasterFullRequirementsPhase3Runner:OnUpdate () (at Assets/StoreSimulator/Editor/ShopMasterFullRequirementsPhase3Runner.cs:64)
UnityEditor.EditorApplication:Internal_CallUpdateFunctions ()

(Filename: Assets/StoreSimulator/Scripts/SaveGameSystem.cs Line: 298)

[SaveSystem] Loading backup save: C:/Users/ijuan/AppData/LocalLow/DefaultCompany/Animo\phase3_full_requirements_audit.dat.bak
UnityEngine.Debug:ExtractStackTraceNoAlloc (byte*,int,string)
UnityEngine.StackTraceUtility:ExtractStackTrace ()
UnityEngine.DebugLogHandler:Internal_Log (UnityEngine.LogType,UnityEngine.LogOption,string,UnityEngine.Object)
UnityEngine.DebugLogHandler:LogFormat (UnityEngine.LogType,UnityEngine.Object,string,object[])
UnityEngine.Logger:Log (UnityEngine.LogType,object)
UnityEngine.Debug:LogWarning (object)
FLOBUK.StoreSimulator.SaveGameSystem:TryReadBackup (string) (at Assets/StoreSimulator/Scripts/SaveGameSystem.cs:277)
FLOBUK.StoreSimulator.SaveGameSystem:Load (string) (at Assets/StoreSimulator/Scripts/SaveGameSystem.cs:157)
FLOBUK.StoreSimulator.Editor.ShopMasterFullRequirementsPhase3Runner:TestAtomicSaveAndBackup () (at Assets/StoreSimulator/Editor/ShopMasterFullRequirementsPhase3Runner.cs:253)
FLOBUK.StoreSimulator.Editor.ShopMasterFullRequirementsPhase3Runner:RunImmediateChecks () (at Assets/StoreSimulator/Editor/ShopMasterFullRequirementsPhase3Runner.cs:134)
FLOBUK.StoreSimulator.Editor.ShopMasterFullRequirementsPhase3Runner:OnUpdate () (at Assets/StoreSimulator/Editor/ShopMasterFullRequirementsPhase3Runner.cs:64)
UnityEditor.EditorApplication:Internal_CallUpdateFunctions ()

(Filename: Assets/StoreSimulator/Scripts/SaveGameSystem.cs Line: 277)

[SaveSystem] Primary save was invalid. Backup loaded successfully.
UnityEngine.Debug:ExtractStackTraceNoAlloc (byte*,int,string)
UnityEngine.StackTraceUtility:ExtractStackTrace ()
UnityEngine.DebugLogHandler:Internal_Log (UnityEngine.LogType,UnityEngine.LogOption,string,UnityEngine.Object)
UnityEngine.DebugLogHandler:LogFormat (UnityEngine.LogType,UnityEngine.Object,string,object[])
UnityEngine.Logger:Log (UnityEngine.LogType,object)
UnityEngine.Debug:LogWarning (object)
FLOBUK.StoreSimulator.SaveGameSystem:Load (string) (at Assets/StoreSimulator/Scripts/SaveGameSystem.cs:168)
FLOBUK.StoreSimulator.Editor.ShopMasterFullRequirementsPhase3Runner:TestAtomicSaveAndBackup () (at Assets/StoreSimulator/Editor/ShopMasterFullRequirementsPhase3Runner.cs:253)
FLOBUK.StoreSimulator.Editor.ShopMasterFullRequirementsPhase3Runner:RunImmediateChecks () (at Assets/StoreSimulator/Editor/ShopMasterFullRequirementsPhase3Runner.cs:134)
FLOBUK.StoreSimulator.Editor.ShopMasterFullRequirementsPhase3Runner:OnUpdate () (at Assets/StoreSimulator/Editor/ShopMasterFullRequirementsPhase3Runner.cs:64)
UnityEditor.EditorApplication:Internal_CallUpdateFunctions ()

(Filename: Assets/StoreSimulator/Scripts/SaveGameSystem.cs Line: 168)

[EmployeeApp] Employee roster loaded. hired=0, cashiers=0, restockers=0.
UnityEngine.Debug:ExtractStackTraceNoAlloc (byte*,int,string)
UnityEngine.StackTraceUtility:ExtractStackTrace ()
UnityEngine.DebugLogHandler:Internal_Log (UnityEngine.LogType,UnityEngine.LogOption,string,UnityEngine.Object)
UnityEngine.DebugLogHandler:LogFormat (UnityEngine.LogType,UnityEngine.Object,string,object[])
UnityEngine.Logger:Log (UnityEngine.LogType,object)
UnityEngine.Debug:Log (object)
FLOBUK.StoreSimulator.EntrepreneurEmployeeSystem:LoadFromJSON (SimpleJSON.JSONNode) (at Assets/Systems/EntrepreneurTree/EntrepreneurEmployeeSystem.cs:315)
FLOBUK.StoreSimulator.EntrepreneurTreeSaveIntegration:OnLoad () (at Assets/Systems/EntrepreneurTree/EntrepreneurTreeSaveIntegration.cs:149)
FLOBUK.StoreSimulator.SaveGameSystem:InvokeEventSafe (System.Action,string) (at Assets/StoreSimulator/Scripts/SaveGameSystem.cs:259)
FLOBUK.StoreSimulator.SaveGameSystem:OnSceneLoaded (UnityEngine.SceneManagement.Scene,UnityEngine.SceneManagement.LoadSceneMode) (at Assets/StoreSimulator/Scripts/SaveGameSystem.cs:337)
System.Reflection.RuntimeMethodInfo:Invoke (object,System.Reflection.BindingFlags,System.Reflection.Binder,object[],System.Globalization.CultureInfo)
System.Reflection.MethodBase:Invoke (object,object[])
FLOBUK.StoreSimulator.Editor.ShopMasterFullRequirementsPhase3Runner:InvokePrivate (object,string,object[]) (at Assets/StoreSimulator/Editor/ShopMasterFullRequirementsPhase3Runner.cs:398)
FLOBUK.StoreSimulator.Editor.ShopMasterFullRequirementsPhase3Runner:TestAtomicSaveAndBackup () (at Assets/StoreSimulator/Editor/ShopMasterFullRequirementsPhase3Runner.cs:254)
FLOBUK.StoreSimulator.Editor.ShopMasterFullRequirementsPhase3Runner:RunImmediateChecks () (at Assets/StoreSimulator/Editor/ShopMasterFullRequirementsPhase3Runner.cs:134)
FLOBUK.StoreSimulator.Editor.ShopMasterFullRequirementsPhase3Runner:OnUpdate () (at Assets/StoreSimulator/Editor/ShopMasterFullRequirementsPhase3Runner.cs:64)
UnityEditor.EditorApplication:Internal_CallUpdateFunctions ()

(Filename: Assets/Systems/EntrepreneurTree/EntrepreneurEmployeeSystem.cs Line: 315)

[WorkstationReg] Workstation assignments loaded. count=0
UnityEngine.Debug:ExtractStackTraceNoAlloc (byte*,int,string)
UnityEngine.StackTraceUtility:ExtractStackTrace ()
UnityEngine.DebugLogHandler:Internal_Log (UnityEngine.LogType,UnityEngine.LogOption,string,UnityEngine.Object)
UnityEngine.DebugLogHandler:LogFormat (UnityEngine.LogType,UnityEngine.Object,string,object[])
UnityEngine.Logger:Log (UnityEngine.LogType,object)
UnityEngine.Debug:Log (object)
FLOBUK.StoreSimulator.EmployeeWorkstationRegistry:LoadFromJSON (SimpleJSON.JSONNode) (at Assets/Systems/EntrepreneurTree/EmployeeWorkstationRegistry.cs:251)
FLOBUK.StoreSimulator.EntrepreneurTreeSaveIntegration:OnLoad () (at Assets/Systems/EntrepreneurTree/EntrepreneurTreeSaveIntegration.cs:151)
FLOBUK.StoreSimulator.SaveGameSystem:InvokeEventSafe (System.Action,string) (at Assets/StoreSimulator/Scripts/SaveGameSystem.cs:259)
FLOBUK.StoreSimulator.SaveGameSystem:OnSceneLoaded (UnityEngine.SceneManagement.Scene,UnityEngine.SceneManagement.LoadSceneMode) (at Assets/StoreSimulator/Scripts/SaveGameSystem.cs:337)
System.Reflection.RuntimeMethodInfo:Invoke (object,System.Reflection.BindingFlags,System.Reflection.Binder,object[],System.Globalization.CultureInfo)
System.Reflection.MethodBase:Invoke (object,object[])
FLOBUK.StoreSimulator.Editor.ShopMasterFullRequirementsPhase3Runner:InvokePrivate (object,string,object[]) (at Assets/StoreSimulator/Editor/ShopMasterFullRequirementsPhase3Runner.cs:398)
FLOBUK.StoreSimulator.Editor.ShopMasterFullRequirementsPhase3Runner:TestAtomicSaveAndBackup () (at Assets/StoreSimulator/Editor/ShopMasterFullRequirementsPhase3Runner.cs:254)
FLOBUK.StoreSimulator.Editor.ShopMasterFullRequirementsPhase3Runner:RunImmediateChecks () (at Assets/StoreSimulator/Editor/ShopMasterFullRequirementsPhase3Runner.cs:134)
FLOBUK.StoreSimulator.Editor.ShopMasterFullRequirementsPhase3Runner:OnUpdate () (at Assets/StoreSimulator/Editor/ShopMasterFullRequirementsPhase3Runner.cs:64)
UnityEditor.EditorApplication:Internal_CallUpdateFunctions ()

(Filename: Assets/Systems/EntrepreneurTree/EmployeeWorkstationRegistry.cs Line: 251)

[EntrepreneurTree] Progress loaded successfully.
UnityEngine.Debug:ExtractStackTraceNoAlloc (byte*,int,string)
UnityEngine.StackTraceUtility:ExtractStackTrace ()
UnityEngine.DebugLogHandler:Internal_Log (UnityEngine.LogType,UnityEngine.LogOption,string,UnityEngine.Object)
UnityEngine.DebugLogHandler:LogFormat (UnityEngine.LogType,UnityEngine.Object,string,object[])
UnityEngine.Logger:Log (UnityEngine.LogType,object)
UnityEngine.Debug:Log (object)
FLOBUK.StoreSimulator.EntrepreneurTreeSaveIntegration:OnLoad () (at Assets/Systems/EntrepreneurTree/EntrepreneurTreeSaveIntegration.cs:152)
FLOBUK.StoreSimulator.SaveGameSystem:InvokeEventSafe (System.Action,string) (at Assets/StoreSimulator/Scripts/SaveGameSystem.cs:259)
FLOBUK.StoreSimulator.SaveGameSystem:OnSceneLoaded (UnityEngine.SceneManagement.Scene,UnityEngine.SceneManagement.LoadSceneMode) (at Assets/StoreSimulator/Scripts/SaveGameSystem.cs:337)
System.Reflection.RuntimeMethodInfo:Invoke (object,System.Reflection.BindingFlags,System.Reflection.Binder,object[],System.Globalization.CultureInfo)
System.Reflection.MethodBase:Invoke (object,object[])
FLOBUK.StoreSimulator.Editor.ShopMasterFullRequirementsPhase3Runner:InvokePrivate (object,string,object[]) (at Assets/StoreSimulator/Editor/ShopMasterFullRequirementsPhase3Runner.cs:398)
FLOBUK.StoreSimulator.Editor.ShopMasterFullRequirementsPhase3Runner:TestAtomicSaveAndBackup () (at Assets/StoreSimulator/Editor/ShopMasterFullRequirementsPhase3Runner.cs:254)
FLOBUK.StoreSimulator.Editor.ShopMasterFullRequirementsPhase3Runner:RunImmediateChecks () (at Assets/StoreSimulator/Editor/ShopMasterFullRequirementsPhase3Runner.cs:134)
FLOBUK.StoreSimulator.Editor.ShopMasterFullRequirementsPhase3Runner:OnUpdate () (at Assets/StoreSimulator/Editor/ShopMasterFullRequirementsPhase3Runner.cs:64)
UnityEditor.EditorApplication:Internal_CallUpdateFunctions ()

(Filename: Assets/Systems/EntrepreneurTree/EntrepreneurTreeSaveIntegration.cs Line: 152)

[EntrepreneurTree] Starter node unlocked: product_basic_1.
UnityEngine.Debug:ExtractStackTraceNoAlloc (byte*,int,string)
UnityEngine.StackTraceUtility:ExtractStackTrace ()
UnityEngine.DebugLogHandler:Internal_Log (UnityEngine.LogType,UnityEngine.LogOption,string,UnityEngine.Object)
UnityEngine.DebugLogHandler:LogFormat (UnityEngine.LogType,UnityEngine.Object,string,object[])
UnityEngine.Logger:Log (UnityEngine.LogType,object)
UnityEngine.Debug:Log (object)
FLOBUK.StoreSimulator.EntrepreneurTreeProductUnlockAdapter:RefreshUnlockedGroupsFromTree () (at Assets/Systems/EntrepreneurTree/EntrepreneurTreeProductUnlockAdapter.cs:355)
FLOBUK.StoreSimulator.EntrepreneurTreeProductUnlockAdapter:OnDataLoaded () (at Assets/Systems/EntrepreneurTree/EntrepreneurTreeProductUnlockAdapter.cs:373)
FLOBUK.StoreSimulator.SaveGameSystem:InvokeEventSafe (System.Action,string) (at Assets/StoreSimulator/Scripts/SaveGameSystem.cs:259)
FLOBUK.StoreSimulator.SaveGameSystem:OnSceneLoaded (UnityEngine.SceneManagement.Scene,UnityEngine.SceneManagement.LoadSceneMode) (at Assets/StoreSimulator/Scripts/SaveGameSystem.cs:337)
System.Reflection.RuntimeMethodInfo:Invoke (object,System.Reflection.BindingFlags,System.Reflection.Binder,object[],System.Globalization.CultureInfo)
System.Reflection.MethodBase:Invoke (object,object[])
FLOBUK.StoreSimulator.Editor.ShopMasterFullRequirementsPhase3Runner:InvokePrivate (object,string,object[]) (at Assets/StoreSimulator/Editor/ShopMasterFullRequirementsPhase3Runner.cs:398)
FLOBUK.StoreSimulator.Editor.ShopMasterFullRequirementsPhase3Runner:TestAtomicSaveAndBackup () (at Assets/StoreSimulator/Editor/ShopMasterFullRequirementsPhase3Runner.cs:254)
FLOBUK.StoreSimulator.Editor.ShopMasterFullRequirementsPhase3Runner:RunImmediateChecks () (at Assets/StoreSimulator/Editor/ShopMasterFullRequirementsPhase3Runner.cs:134)
FLOBUK.StoreSimulator.Editor.ShopMasterFullRequirementsPhase3Runner:OnUpdate () (at Assets/StoreSimulator/Editor/ShopMasterFullRequirementsPhase3Runner.cs:64)
UnityEditor.EditorApplication:Internal_CallUpdateFunctions ()

(Filename: Assets/Systems/EntrepreneurTree/EntrepreneurTreeProductUnlockAdapter.cs Line: 355)

[EntrepreneurTree] Product gameplay unlock state reapplied after load.
UnityEngine.Debug:ExtractStackTraceNoAlloc (byte*,int,string)
UnityEngine.StackTraceUtility:ExtractStackTrace ()
UnityEngine.DebugLogHandler:Internal_Log (UnityEngine.LogType,UnityEngine.LogOption,string,UnityEngine.Object)
UnityEngine.DebugLogHandler:LogFormat (UnityEngine.LogType,UnityEngine.Object,string,object[])
UnityEngine.Logger:Log (UnityEngine.LogType,object)
UnityEngine.Debug:Log (object)
FLOBUK.StoreSimulator.EntrepreneurTreeProductUnlockAdapter:OnDataLoaded () (at Assets/Systems/EntrepreneurTree/EntrepreneurTreeProductUnlockAdapter.cs:375)
FLOBUK.StoreSimulator.SaveGameSystem:InvokeEventSafe (System.Action,string) (at Assets/StoreSimulator/Scripts/SaveGameSystem.cs:259)
FLOBUK.StoreSimulator.SaveGameSystem:OnSceneLoaded (UnityEngine.SceneManagement.Scene,UnityEngine.SceneManagement.LoadSceneMode) (at Assets/StoreSimulator/Scripts/SaveGameSystem.cs:337)
System.Reflection.RuntimeMethodInfo:Invoke (object,System.Reflection.BindingFlags,System.Reflection.Binder,object[],System.Globalization.CultureInfo)
System.Reflection.MethodBase:Invoke (object,object[])
FLOBUK.StoreSimulator.Editor.ShopMasterFullRequirementsPhase3Runner:InvokePrivate (object,string,object[]) (at Assets/StoreSimulator/Editor/ShopMasterFullRequirementsPhase3Runner.cs:398)
FLOBUK.StoreSimulator.Editor.ShopMasterFullRequirementsPhase3Runner:TestAtomicSaveAndBackup () (at Assets/StoreSimulator/Editor/ShopMasterFullRequirementsPhase3Runner.cs:254)
FLOBUK.StoreSimulator.Editor.ShopMasterFullRequirementsPhase3Runner:RunImmediateChecks () (at Assets/StoreSimulator/Editor/ShopMasterFullRequirementsPhase3Runner.cs:134)
FLOBUK.StoreSimulator.Editor.ShopMasterFullRequirementsPhase3Runner:OnUpdate () (at Assets/StoreSimulator/Editor/ShopMasterFullRequirementsPhase3Runner.cs:64)
UnityEditor.EditorApplication:Internal_CallUpdateFunctions ()

(Filename: Assets/Systems/EntrepreneurTree/EntrepreneurTreeProductUnlockAdapter.cs Line: 375)

[EntrepreneurTree] Employee gameplay unlock state reapplied after load.
UnityEngine.Debug:ExtractStackTraceNoAlloc (byte*,int,string)
UnityEngine.StackTraceUtility:ExtractStackTrace ()
UnityEngine.DebugLogHandler:Internal_Log (UnityEngine.LogType,UnityEngine.LogOption,string,UnityEngine.Object)
UnityEngine.DebugLogHandler:LogFormat (UnityEngine.LogType,UnityEngine.Object,string,object[])
UnityEngine.Logger:Log (UnityEngine.LogType,object)
UnityEngine.Debug:Log (object)
FLOBUK.StoreSimulator.EntrepreneurTreeEmployeeUnlockAdapter:OnDataLoaded () (at Assets/Systems/EntrepreneurTree/EntrepreneurTreeEmployeeUnlockAdapter.cs:64)
FLOBUK.StoreSimulator.SaveGameSystem:InvokeEventSafe (System.Action,string) (at Assets/StoreSimulator/Scripts/SaveGameSystem.cs:259)
FLOBUK.StoreSimulator.SaveGameSystem:OnSceneLoaded (UnityEngine.SceneManagement.Scene,UnityEngine.SceneManagement.LoadSceneMode) (at Assets/StoreSimulator/Scripts/SaveGameSystem.cs:337)
System.Reflection.RuntimeMethodInfo:Invoke (object,System.Reflection.BindingFlags,System.Reflection.Binder,object[],System.Globalization.CultureInfo)
System.Reflection.MethodBase:Invoke (object,object[])
FLOBUK.StoreSimulator.Editor.ShopMasterFullRequirementsPhase3Runner:InvokePrivate (object,string,object[]) (at Assets/StoreSimulator/Editor/ShopMasterFullRequirementsPhase3Runner.cs:398)
FLOBUK.StoreSimulator.Editor.ShopMasterFullRequirementsPhase3Runner:TestAtomicSaveAndBackup () (at Assets/StoreSimulator/Editor/ShopMasterFullRequirementsPhase3Runner.cs:254)
FLOBUK.StoreSimulator.Editor.ShopMasterFullRequirementsPhase3Runner:RunImmediateChecks () (at Assets/StoreSimulator/Editor/ShopMasterFullRequirementsPhase3Runner.cs:134)
FLOBUK.StoreSimulator.Editor.ShopMasterFullRequirementsPhase3Runner:OnUpdate () (at Assets/StoreSimulator/Editor/ShopMasterFullRequirementsPhase3Runner.cs:64)
UnityEditor.EditorApplication:Internal_CallUpdateFunctions ()

(Filename: Assets/Systems/EntrepreneurTree/EntrepreneurTreeEmployeeUnlockAdapter.cs Line: 64)

[Security] Security level refreshed from tree: 3 / 99%
UnityEngine.Debug:ExtractStackTraceNoAlloc (byte*,int,string)
UnityEngine.StackTraceUtility:ExtractStackTrace ()
UnityEngine.DebugLogHandler:Internal_Log (UnityEngine.LogType,UnityEngine.LogOption,string,UnityEngine.Object)
UnityEngine.DebugLogHandler:LogFormat (UnityEngine.LogType,UnityEngine.Object,string,object[])
UnityEngine.Logger:Log (UnityEngine.LogType,object)
UnityEngine.Debug:Log (object)
FLOBUK.StoreSimulator.EntrepreneurTreeSecurityAdapter:RecalculateFromTree () (at Assets/Systems/EntrepreneurTree/EntrepreneurTreeSecurityAdapter.cs:180)
FLOBUK.StoreSimulator.EntrepreneurTreeSecurityAdapter:OnDataLoaded () (at Assets/Systems/EntrepreneurTree/EntrepreneurTreeSecurityAdapter.cs:148)
FLOBUK.StoreSimulator.SaveGameSystem:InvokeEventSafe (System.Action,string) (at Assets/StoreSimulator/Scripts/SaveGameSystem.cs:259)
FLOBUK.StoreSimulator.SaveGameSystem:OnSceneLoaded (UnityEngine.SceneManagement.Scene,UnityEngine.SceneManagement.LoadSceneMode) (at Assets/StoreSimulator/Scripts/SaveGameSystem.cs:337)
System.Reflection.RuntimeMethodInfo:Invoke (object,System.Reflection.BindingFlags,System.Reflection.Binder,object[],System.Globalization.CultureInfo)
System.Reflection.MethodBase:Invoke (object,object[])
FLOBUK.StoreSimulator.Editor.ShopMasterFullRequirementsPhase3Runner:InvokePrivate (object,string,object[]) (at Assets/StoreSimulator/Editor/ShopMasterFullRequirementsPhase3Runner.cs:398)
FLOBUK.StoreSimulator.Editor.ShopMasterFullRequirementsPhase3Runner:TestAtomicSaveAndBackup () (at Assets/StoreSimulator/Editor/ShopMasterFullRequirementsPhase3Runner.cs:254)
FLOBUK.StoreSimulator.Editor.ShopMasterFullRequirementsPhase3Runner:RunImmediateChecks () (at Assets/StoreSimulator/Editor/ShopMasterFullRequirementsPhase3Runner.cs:134)
FLOBUK.StoreSimulator.Editor.ShopMasterFullRequirementsPhase3Runner:OnUpdate () (at Assets/StoreSimulator/Editor/ShopMasterFullRequirementsPhase3Runner.cs:64)
UnityEditor.EditorApplication:Internal_CallUpdateFunctions ()

(Filename: Assets/Systems/EntrepreneurTree/EntrepreneurTreeSecurityAdapter.cs Line: 180)

[Security] Security level restored after load: 3 / 99%
UnityEngine.Debug:ExtractStackTraceNoAlloc (byte*,int,string)
UnityEngine.StackTraceUtility:ExtractStackTrace ()
UnityEngine.DebugLogHandler:Internal_Log (UnityEngine.LogType,UnityEngine.LogOption,string,UnityEngine.Object)
UnityEngine.DebugLogHandler:LogFormat (UnityEngine.LogType,UnityEngine.Object,string,object[])
UnityEngine.Logger:Log (UnityEngine.LogType,object)
UnityEngine.Debug:Log (object)
FLOBUK.StoreSimulator.EntrepreneurTreeSecurityAdapter:OnDataLoaded () (at Assets/Systems/EntrepreneurTree/EntrepreneurTreeSecurityAdapter.cs:149)
FLOBUK.StoreSimulator.SaveGameSystem:InvokeEventSafe (System.Action,string) (at Assets/StoreSimulator/Scripts/SaveGameSystem.cs:259)
FLOBUK.StoreSimulator.SaveGameSystem:OnSceneLoaded (UnityEngine.SceneManagement.Scene,UnityEngine.SceneManagement.LoadSceneMode) (at Assets/StoreSimulator/Scripts/SaveGameSystem.cs:337)
System.Reflection.RuntimeMethodInfo:Invoke (object,System.Reflection.BindingFlags,System.Reflection.Binder,object[],System.Globalization.CultureInfo)
System.Reflection.MethodBase:Invoke (object,object[])
FLOBUK.StoreSimulator.Editor.ShopMasterFullRequirementsPhase3Runner:InvokePrivate (object,string,object[]) (at Assets/StoreSimulator/Editor/ShopMasterFullRequirementsPhase3Runner.cs:398)
FLOBUK.StoreSimulator.Editor.ShopMasterFullRequirementsPhase3Runner:TestAtomicSaveAndBackup () (at Assets/StoreSimulator/Editor/ShopMasterFullRequirementsPhase3Runner.cs:254)
FLOBUK.StoreSimulator.Editor.ShopMasterFullRequirementsPhase3Runner:RunImmediateChecks () (at Assets/StoreSimulator/Editor/ShopMasterFullRequirementsPhase3Runner.cs:134)
FLOBUK.StoreSimulator.Editor.ShopMasterFullRequirementsPhase3Runner:OnUpdate () (at Assets/StoreSimulator/Editor/ShopMasterFullRequirementsPhase3Runner.cs:64)
UnityEditor.EditorApplication:Internal_CallUpdateFunctions ()

(Filename: Assets/Systems/EntrepreneurTree/EntrepreneurTreeSecurityAdapter.cs Line: 149)

[EntrepreneurTree] Upgrade gameplay state reapplied after load.
UnityEngine.Debug:ExtractStackTraceNoAlloc (byte*,int,string)
UnityEngine.StackTraceUtility:ExtractStackTrace ()
UnityEngine.DebugLogHandler:Internal_Log (UnityEngine.LogType,UnityEngine.LogOption,string,UnityEngine.Object)
UnityEngine.DebugLogHandler:LogFormat (UnityEngine.LogType,UnityEngine.Object,string,object[])
UnityEngine.Logger:Log (UnityEngine.LogType,object)
UnityEngine.Debug:Log (object)
FLOBUK.StoreSimulator.EntrepreneurTreeUpgradeAdapter:OnDataLoaded () (at Assets/Systems/EntrepreneurTree/EntrepreneurTreeUpgradeAdapter.cs:131)
FLOBUK.StoreSimulator.SaveGameSystem:InvokeEventSafe (System.Action,string) (at Assets/StoreSimulator/Scripts/SaveGameSystem.cs:259)
FLOBUK.StoreSimulator.SaveGameSystem:OnSceneLoaded (UnityEngine.SceneManagement.Scene,UnityEngine.SceneManagement.LoadSceneMode) (at Assets/StoreSimulator/Scripts/SaveGameSystem.cs:337)
System.Reflection.RuntimeMethodInfo:Invoke (object,System.Reflection.BindingFlags,System.Reflection.Binder,object[],System.Globalization.CultureInfo)
System.Reflection.MethodBase:Invoke (object,object[])
FLOBUK.StoreSimulator.Editor.ShopMasterFullRequirementsPhase3Runner:InvokePrivate (object,string,object[]) (at Assets/StoreSimulator/Editor/ShopMasterFullRequirementsPhase3Runner.cs:398)
FLOBUK.StoreSimulator.Editor.ShopMasterFullRequirementsPhase3Runner:TestAtomicSaveAndBackup () (at Assets/StoreSimulator/Editor/ShopMasterFullRequirementsPhase3Runner.cs:254)
FLOBUK.StoreSimulator.Editor.ShopMasterFullRequirementsPhase3Runner:RunImmediateChecks () (at Assets/StoreSimulator/Editor/ShopMasterFullRequirementsPhase3Runner.cs:134)
FLOBUK.StoreSimulator.Editor.ShopMasterFullRequirementsPhase3Runner:OnUpdate () (at Assets/StoreSimulator/Editor/ShopMasterFullRequirementsPhase3Runner.cs:64)
UnityEditor.EditorApplication:Internal_CallUpdateFunctions ()

(Filename: Assets/Systems/EntrepreneurTree/EntrepreneurTreeUpgradeAdapter.cs Line: 131)

[LicensesSync] License 0 (Productos Básicos 1) auto-purchased via tree node: product_basic_1.
UnityEngine.Debug:ExtractStackTraceNoAlloc (byte*,int,string)
UnityEngine.StackTraceUtility:ExtractStackTrace ()
UnityEngine.DebugLogHandler:Internal_Log (UnityEngine.LogType,UnityEngine.LogOption,string,UnityEngine.Object)
UnityEngine.DebugLogHandler:LogFormat (UnityEngine.LogType,UnityEngine.Object,string,object[])
UnityEngine.Logger:Log (UnityEngine.LogType,object)
UnityEngine.Debug:Log (object)
FLOBUK.StoreSimulator.EntrepreneurTreeLicenseBridge:ApplyLicenseForNode (string) (at Assets/Systems/EntrepreneurTree/EntrepreneurTreeLicenseBridge.cs:131)
FLOBUK.StoreSimulator.EntrepreneurTreeLicenseBridge:SyncAllUnlockedNodes () (at Assets/Systems/EntrepreneurTree/EntrepreneurTreeLicenseBridge.cs:100)
FLOBUK.StoreSimulator.EntrepreneurTreeLicenseBridge:OnDataLoaded () (at Assets/Systems/EntrepreneurTree/EntrepreneurTreeLicenseBridge.cs:82)
FLOBUK.StoreSimulator.SaveGameSystem:InvokeEventSafe (System.Action,string) (at Assets/StoreSimulator/Scripts/SaveGameSystem.cs:259)
FLOBUK.StoreSimulator.SaveGameSystem:OnSceneLoaded (UnityEngine.SceneManagement.Scene,UnityEngine.SceneManagement.LoadSceneMode) (at Assets/StoreSimulator/Scripts/SaveGameSystem.cs:337)
System.Reflection.RuntimeMethodInfo:Invoke (object,System.Reflection.BindingFlags,System.Reflection.Binder,object[],System.Globalization.CultureInfo)
System.Reflection.MethodBase:Invoke (object,object[])
FLOBUK.StoreSimulator.Editor.ShopMasterFullRequirementsPhase3Runner:InvokePrivate (object,string,object[]) (at Assets/StoreSimulator/Editor/ShopMasterFullRequirementsPhase3Runner.cs:398)
FLOBUK.StoreSimulator.Editor.ShopMasterFullRequirementsPhase3Runner:TestAtomicSaveAndBackup () (at Assets/StoreSimulator/Editor/ShopMasterFullRequirementsPhase3Runner.cs:254)
FLOBUK.StoreSimulator.Editor.ShopMasterFullRequirementsPhase3Runner:RunImmediateChecks () (at Assets/StoreSimulator/Editor/ShopMasterFullRequirementsPhase3Runner.cs:134)
FLOBUK.StoreSimulator.Editor.ShopMasterFullRequirementsPhase3Runner:OnUpdate () (at Assets/StoreSimulator/Editor/ShopMasterFullRequirementsPhase3Runner.cs:64)
UnityEditor.EditorApplication:Internal_CallUpdateFunctions ()

(Filename: Assets/Systems/EntrepreneurTree/EntrepreneurTreeLicenseBridge.cs Line: 131)

[LicensesSync] License state re-synced after data load.
UnityEngine.Debug:ExtractStackTraceNoAlloc (byte*,int,string)
UnityEngine.StackTraceUtility:ExtractStackTrace ()
UnityEngine.DebugLogHandler:Internal_Log (UnityEngine.LogType,UnityEngine.LogOption,string,UnityEngine.Object)
UnityEngine.DebugLogHandler:LogFormat (UnityEngine.LogType,UnityEngine.Object,string,object[])
UnityEngine.Logger:Log (UnityEngine.LogType,object)
UnityEngine.Debug:Log (object)
FLOBUK.StoreSimulator.EntrepreneurTreeLicenseBridge:OnDataLoaded () (at Assets/Systems/EntrepreneurTree/EntrepreneurTreeLicenseBridge.cs:83)
FLOBUK.StoreSimulator.SaveGameSystem:InvokeEventSafe (System.Action,string) (at Assets/StoreSimulator/Scripts/SaveGameSystem.cs:259)
FLOBUK.StoreSimulator.SaveGameSystem:OnSceneLoaded (UnityEngine.SceneManagement.Scene,UnityEngine.SceneManagement.LoadSceneMode) (at Assets/StoreSimulator/Scripts/SaveGameSystem.cs:337)
System.Reflection.RuntimeMethodInfo:Invoke (object,System.Reflection.BindingFlags,System.Reflection.Binder,object[],System.Globalization.CultureInfo)
System.Reflection.MethodBase:Invoke (object,object[])
FLOBUK.StoreSimulator.Editor.ShopMasterFullRequirementsPhase3Runner:InvokePrivate (object,string,object[]) (at Assets/StoreSimulator/Editor/ShopMasterFullRequirementsPhase3Runner.cs:398)
FLOBUK.StoreSimulator.Editor.ShopMasterFullRequirementsPhase3Runner:TestAtomicSaveAndBackup () (at Assets/StoreSimulator/Editor/ShopMasterFullRequirementsPhase3Runner.cs:254)
FLOBUK.StoreSimulator.Editor.ShopMasterFullRequirementsPhase3Runner:RunImmediateChecks () (at Assets/StoreSimulator/Editor/ShopMasterFullRequirementsPhase3Runner.cs:134)
FLOBUK.StoreSimulator.Editor.ShopMasterFullRequirementsPhase3Runner:OnUpdate () (at Assets/StoreSimulator/Editor/ShopMasterFullRequirementsPhase3Runner.cs:64)
UnityEditor.EditorApplication:Internal_CallUpdateFunctions ()

(Filename: Assets/Systems/EntrepreneurTree/EntrepreneurTreeLicenseBridge.cs Line: 83)

[Expansion] Default zones initialized: 17 zones.
UnityEngine.Debug:ExtractStackTraceNoAlloc (byte*,int,string)
UnityEngine.StackTraceUtility:ExtractStackTrace ()
UnityEngine.DebugLogHandler:Internal_Log (UnityEngine.LogType,UnityEngine.LogOption,string,UnityEngine.Object)
UnityEngine.DebugLogHandler:LogFormat (UnityEngine.LogType,UnityEngine.Object,string,object[])
UnityEngine.Logger:Log (UnityEngine.LogType,object)
UnityEngine.Debug:Log (object)
FLOBUK.StoreSimulator.SupermarketExpansionSystem:EnsureDefaultZones () (at Assets/Systems/Expansion/SupermarketExpansionSystem.cs:384)
FLOBUK.StoreSimulator.SupermarketExpansionSystem:ResetToDefaults () (at Assets/Systems/Expansion/SupermarketExpansionSystem.cs:530)
FLOBUK.StoreSimulator.SupermarketExpansionSystem:OnLoad () (at Assets/Systems/Expansion/SupermarketExpansionSystem.cs:449)
FLOBUK.StoreSimulator.SaveGameSystem:InvokeEventSafe (System.Action,string) (at Assets/StoreSimulator/Scripts/SaveGameSystem.cs:259)
FLOBUK.StoreSimulator.SaveGameSystem:OnSceneLoaded (UnityEngine.SceneManagement.Scene,UnityEngine.SceneManagement.LoadSceneMode) (at Assets/StoreSimulator/Scripts/SaveGameSystem.cs:337)
System.Reflection.RuntimeMethodInfo:Invoke (object,System.Reflection.BindingFlags,System.Reflection.Binder,object[],System.Globalization.CultureInfo)
System.Reflection.MethodBase:Invoke (object,object[])
FLOBUK.StoreSimulator.Editor.ShopMasterFullRequirementsPhase3Runner:InvokePrivate (object,string,object[]) (at Assets/StoreSimulator/Editor/ShopMasterFullRequirementsPhase3Runner.cs:398)
FLOBUK.StoreSimulator.Editor.ShopMasterFullRequirementsPhase3Runner:TestAtomicSaveAndBackup () (at Assets/StoreSimulator/Editor/ShopMasterFullRequirementsPhase3Runner.cs:254)
FLOBUK.StoreSimulator.Editor.ShopMasterFullRequirementsPhase3Runner:RunImmediateChecks () (at Assets/StoreSimulator/Editor/ShopMasterFullRequirementsPhase3Runner.cs:134)
FLOBUK.StoreSimulator.Editor.ShopMasterFullRequirementsPhase3Runner:OnUpdate () (at Assets/StoreSimulator/Editor/ShopMasterFullRequirementsPhase3Runner.cs:64)
UnityEditor.EditorApplication:Internal_CallUpdateFunctions ()

(Filename: Assets/Systems/Expansion/SupermarketExpansionSystem.cs Line: 384)

[Expansion] Zone unlocked: sales_w3 is now Available.
UnityEngine.Debug:ExtractStackTraceNoAlloc (byte*,int,string)
UnityEngine.StackTraceUtility:ExtractStackTrace ()
UnityEngine.DebugLogHandler:Internal_Log (UnityEngine.LogType,UnityEngine.LogOption,string,UnityEngine.Object)
UnityEngine.DebugLogHandler:LogFormat (UnityEngine.LogType,UnityEngine.Object,string,object[])
UnityEngine.Logger:Log (UnityEngine.LogType,object)
UnityEngine.Debug:Log (object)
FLOBUK.StoreSimulator.SupermarketExpansionSystem:EvaluateBlockedZones () (at Assets/Systems/Expansion/SupermarketExpansionSystem.cs:405)
FLOBUK.StoreSimulator.SupermarketExpansionSystem:OnLoad () (at Assets/Systems/Expansion/SupermarketExpansionSystem.cs:513)
FLOBUK.StoreSimulator.SaveGameSystem:InvokeEventSafe (System.Action,string) (at Assets/StoreSimulator/Scripts/SaveGameSystem.cs:259)
FLOBUK.StoreSimulator.SaveGameSystem:OnSceneLoaded (UnityEngine.SceneManagement.Scene,UnityEngine.SceneManagement.LoadSceneMode) (at Assets/StoreSimulator/Scripts/SaveGameSystem.cs:337)
System.Reflection.RuntimeMethodInfo:Invoke (object,System.Reflection.BindingFlags,System.Reflection.Binder,object[],System.Globalization.CultureInfo)
System.Reflection.MethodBase:Invoke (object,object[])
FLOBUK.StoreSimulator.Editor.ShopMasterFullRequirementsPhase3Runner:InvokePrivate (object,string,object[]) (at Assets/StoreSimulator/Editor/ShopMasterFullRequirementsPhase3Runner.cs:398)
FLOBUK.StoreSimulator.Editor.ShopMasterFullRequirementsPhase3Runner:TestAtomicSaveAndBackup () (at Assets/StoreSimulator/Editor/ShopMasterFullRequirementsPhase3Runner.cs:254)
FLOBUK.StoreSimulator.Editor.ShopMasterFullRequirementsPhase3Runner:RunImmediateChecks () (at Assets/StoreSimulator/Editor/ShopMasterFullRequirementsPhase3Runner.cs:134)
FLOBUK.StoreSimulator.Editor.ShopMasterFullRequirementsPhase3Runner:OnUpdate () (at Assets/StoreSimulator/Editor/ShopMasterFullRequirementsPhase3Runner.cs:64)
UnityEditor.EditorApplication:Internal_CallUpdateFunctions ()

(Filename: Assets/Systems/Expansion/SupermarketExpansionSystem.cs Line: 405)

[Expansion] Zone unlocked: sales_s1 is now Available.
UnityEngine.Debug:ExtractStackTraceNoAlloc (byte*,int,string)
UnityEngine.StackTraceUtility:ExtractStackTrace ()
UnityEngine.DebugLogHandler:Internal_Log (UnityEngine.LogType,UnityEngine.LogOption,string,UnityEngine.Object)
UnityEngine.DebugLogHandler:LogFormat (UnityEngine.LogType,UnityEngine.Object,string,object[])
UnityEngine.Logger:Log (UnityEngine.LogType,object)
UnityEngine.Debug:Log (object)
FLOBUK.StoreSimulator.SupermarketExpansionSystem:EvaluateBlockedZones () (at Assets/Systems/Expansion/SupermarketExpansionSystem.cs:405)
FLOBUK.StoreSimulator.SupermarketExpansionSystem:OnLoad () (at Assets/Systems/Expansion/SupermarketExpansionSystem.cs:513)
FLOBUK.StoreSimulator.SaveGameSystem:InvokeEventSafe (System.Action,string) (at Assets/StoreSimulator/Scripts/SaveGameSystem.cs:259)
FLOBUK.StoreSimulator.SaveGameSystem:OnSceneLoaded (UnityEngine.SceneManagement.Scene,UnityEngine.SceneManagement.LoadSceneMode) (at Assets/StoreSimulator/Scripts/SaveGameSystem.cs:337)
System.Reflection.RuntimeMethodInfo:Invoke (object,System.Reflection.BindingFlags,System.Reflection.Binder,object[],System.Globalization.CultureInfo)
System.Reflection.MethodBase:Invoke (object,object[])
FLOBUK.StoreSimulator.Editor.ShopMasterFullRequirementsPhase3Runner:InvokePrivate (object,string,object[]) (at Assets/StoreSimulator/Editor/ShopMasterFullRequirementsPhase3Runner.cs:398)
FLOBUK.StoreSimulator.Editor.ShopMasterFullRequirementsPhase3Runner:TestAtomicSaveAndBackup () (at Assets/StoreSimulator/Editor/ShopMasterFullRequirementsPhase3Runner.cs:254)
FLOBUK.StoreSimulator.Editor.ShopMasterFullRequirementsPhase3Runner:RunImmediateChecks () (at Assets/StoreSimulator/Editor/ShopMasterFullRequirementsPhase3Runner.cs:134)
FLOBUK.StoreSimulator.Editor.ShopMasterFullRequirementsPhase3Runner:OnUpdate () (at Assets/StoreSimulator/Editor/ShopMasterFullRequirementsPhase3Runner.cs:64)
UnityEditor.EditorApplication:Internal_CallUpdateFunctions ()

(Filename: Assets/Systems/Expansion/SupermarketExpansionSystem.cs Line: 405)

[Expansion] Zone unlocked: storage_n2 is now Available.
UnityEngine.Debug:ExtractStackTraceNoAlloc (byte*,int,string)
UnityEngine.StackTraceUtility:ExtractStackTrace ()
UnityEngine.DebugLogHandler:Internal_Log (UnityEngine.LogType,UnityEngine.LogOption,string,UnityEngine.Object)
UnityEngine.DebugLogHandler:LogFormat (UnityEngine.LogType,UnityEngine.Object,string,object[])
UnityEngine.Logger:Log (UnityEngine.LogType,object)
UnityEngine.Debug:Log (object)
FLOBUK.StoreSimulator.SupermarketExpansionSystem:EvaluateBlockedZones () (at Assets/Systems/Expansion/SupermarketExpansionSystem.cs:405)
FLOBUK.StoreSimulator.SupermarketExpansionSystem:OnLoad () (at Assets/Systems/Expansion/SupermarketExpansionSystem.cs:513)
FLOBUK.StoreSimulator.SaveGameSystem:InvokeEventSafe (System.Action,string) (at Assets/StoreSimulator/Scripts/SaveGameSystem.cs:259)
FLOBUK.StoreSimulator.SaveGameSystem:OnSceneLoaded (UnityEngine.SceneManagement.Scene,UnityEngine.SceneManagement.LoadSceneMode) (at Assets/StoreSimulator/Scripts/SaveGameSystem.cs:337)
System.Reflection.RuntimeMethodInfo:Invoke (object,System.Reflection.BindingFlags,System.Reflection.Binder,object[],System.Globalization.CultureInfo)
System.Reflection.MethodBase:Invoke (object,object[])
FLOBUK.StoreSimulator.Editor.ShopMasterFullRequirementsPhase3Runner:InvokePrivate (object,string,object[]) (at Assets/StoreSimulator/Editor/ShopMasterFullRequirementsPhase3Runner.cs:398)
FLOBUK.StoreSimulator.Editor.ShopMasterFullRequirementsPhase3Runner:TestAtomicSaveAndBackup () (at Assets/StoreSimulator/Editor/ShopMasterFullRequirementsPhase3Runner.cs:254)
FLOBUK.StoreSimulator.Editor.ShopMasterFullRequirementsPhase3Runner:RunImmediateChecks () (at Assets/StoreSimulator/Editor/ShopMasterFullRequirementsPhase3Runner.cs:134)
FLOBUK.StoreSimulator.Editor.ShopMasterFullRequirementsPhase3Runner:OnUpdate () (at Assets/StoreSimulator/Editor/ShopMasterFullRequirementsPhase3Runner.cs:64)
UnityEditor.EditorApplication:Internal_CallUpdateFunctions ()

(Filename: Assets/Systems/Expansion/SupermarketExpansionSystem.cs Line: 405)

[Expansion] Loaded 5 purchased zones from save.
UnityEngine.Debug:ExtractStackTraceNoAlloc (byte*,int,string)
UnityEngine.StackTraceUtility:ExtractStackTrace ()
UnityEngine.DebugLogHandler:Internal_Log (UnityEngine.LogType,UnityEngine.LogOption,string,UnityEngine.Object)
UnityEngine.DebugLogHandler:LogFormat (UnityEngine.LogType,UnityEngine.Object,string,object[])
UnityEngine.Logger:Log (UnityEngine.LogType,object)
UnityEngine.Debug:Log (object)
FLOBUK.StoreSimulator.SupermarketExpansionSystem:OnLoad () (at Assets/Systems/Expansion/SupermarketExpansionSystem.cs:515)
FLOBUK.StoreSimulator.SaveGameSystem:InvokeEventSafe (System.Action,string) (at Assets/StoreSimulator/Scripts/SaveGameSystem.cs:259)
FLOBUK.StoreSimulator.SaveGameSystem:OnSceneLoaded (UnityEngine.SceneManagement.Scene,UnityEngine.SceneManagement.LoadSceneMode) (at Assets/StoreSimulator/Scripts/SaveGameSystem.cs:337)
System.Reflection.RuntimeMethodInfo:Invoke (object,System.Reflection.BindingFlags,System.Reflection.Binder,object[],System.Globalization.CultureInfo)
System.Reflection.MethodBase:Invoke (object,object[])
FLOBUK.StoreSimulator.Editor.ShopMasterFullRequirementsPhase3Runner:InvokePrivate (object,string,object[]) (at Assets/StoreSimulator/Editor/ShopMasterFullRequirementsPhase3Runner.cs:398)
FLOBUK.StoreSimulator.Editor.ShopMasterFullRequirementsPhase3Runner:TestAtomicSaveAndBackup () (at Assets/StoreSimulator/Editor/ShopMasterFullRequirementsPhase3Runner.cs:254)
FLOBUK.StoreSimulator.Editor.ShopMasterFullRequirementsPhase3Runner:RunImmediateChecks () (at Assets/StoreSimulator/Editor/ShopMasterFullRequirementsPhase3Runner.cs:134)
FLOBUK.StoreSimulator.Editor.ShopMasterFullRequirementsPhase3Runner:OnUpdate () (at Assets/StoreSimulator/Editor/ShopMasterFullRequirementsPhase3Runner.cs:64)
UnityEditor.EditorApplication:Internal_CallUpdateFunctions ()

(Filename: Assets/Systems/Expansion/SupermarketExpansionSystem.cs Line: 515)

[ShelfSlots] Loaded 0 slot assignment(s).
UnityEngine.Debug:ExtractStackTraceNoAlloc (byte*,int,string)
UnityEngine.StackTraceUtility:ExtractStackTrace ()
UnityEngine.DebugLogHandler:Internal_Log (UnityEngine.LogType,UnityEngine.LogOption,string,UnityEngine.Object)
UnityEngine.DebugLogHandler:LogFormat (UnityEngine.LogType,UnityEngine.Object,string,object[])
UnityEngine.Logger:Log (UnityEngine.LogType,object)
UnityEngine.Debug:Log (object)
FLOBUK.StoreSimulator.ShelfProductSlotSystem:OnLoad () (at Assets/Systems/Inventory/ShelfProductSlotSystem.cs:346)
FLOBUK.StoreSimulator.SaveGameSystem:InvokeEventSafe (System.Action,string) (at Assets/StoreSimulator/Scripts/SaveGameSystem.cs:259)
FLOBUK.StoreSimulator.SaveGameSystem:OnSceneLoaded (UnityEngine.SceneManagement.Scene,UnityEngine.SceneManagement.LoadSceneMode) (at Assets/StoreSimulator/Scripts/SaveGameSystem.cs:337)
System.Reflection.RuntimeMethodInfo:Invoke (object,System.Reflection.BindingFlags,System.Reflection.Binder,object[],System.Globalization.CultureInfo)
System.Reflection.MethodBase:Invoke (object,object[])
FLOBUK.StoreSimulator.Editor.ShopMasterFullRequirementsPhase3Runner:InvokePrivate (object,string,object[]) (at Assets/StoreSimulator/Editor/ShopMasterFullRequirementsPhase3Runner.cs:398)
FLOBUK.StoreSimulator.Editor.ShopMasterFullRequirementsPhase3Runner:TestAtomicSaveAndBackup () (at Assets/StoreSimulator/Editor/ShopMasterFullRequirementsPhase3Runner.cs:254)
FLOBUK.StoreSimulator.Editor.ShopMasterFullRequirementsPhase3Runner:RunImmediateChecks () (at Assets/StoreSimulator/Editor/ShopMasterFullRequirementsPhase3Runner.cs:134)
FLOBUK.StoreSimulator.Editor.ShopMasterFullRequirementsPhase3Runner:OnUpdate () (at Assets/StoreSimulator/Editor/ShopMasterFullRequirementsPhase3Runner.cs:64)
UnityEditor.EditorApplication:Internal_CallUpdateFunctions ()

(Filename: Assets/Systems/Inventory/ShelfProductSlotSystem.cs Line: 346)

[ShelfSlots] Scene scan: 8 placement(s) registered.
UnityEngine.Debug:ExtractStackTraceNoAlloc (byte*,int,string)
UnityEngine.StackTraceUtility:ExtractStackTrace ()
UnityEngine.DebugLogHandler:Internal_Log (UnityEngine.LogType,UnityEngine.LogOption,string,UnityEngine.Object)
UnityEngine.DebugLogHandler:LogFormat (UnityEngine.LogType,UnityEngine.Object,string,object[])
UnityEngine.Logger:Log (UnityEngine.LogType,object)
UnityEngine.Debug:Log (object)
FLOBUK.StoreSimulator.ShelfProductSlotSystem:ScanScene () (at Assets/Systems/Inventory/ShelfProductSlotSystem.cs:105)
FLOBUK.StoreSimulator.ShelfProductSlotSystem:OnLoad () (at Assets/Systems/Inventory/ShelfProductSlotSystem.cs:353)
FLOBUK.StoreSimulator.SaveGameSystem:InvokeEventSafe (System.Action,string) (at Assets/StoreSimulator/Scripts/SaveGameSystem.cs:259)
FLOBUK.StoreSimulator.SaveGameSystem:OnSceneLoaded (UnityEngine.SceneManagement.Scene,UnityEngine.SceneManagement.LoadSceneMode) (at Assets/StoreSimulator/Scripts/SaveGameSystem.cs:337)
System.Reflection.RuntimeMethodInfo:Invoke (object,System.Reflection.BindingFlags,System.Reflection.Binder,object[],System.Globalization.CultureInfo)
System.Reflection.MethodBase:Invoke (object,object[])
FLOBUK.StoreSimulator.Editor.ShopMasterFullRequirementsPhase3Runner:InvokePrivate (object,string,object[]) (at Assets/StoreSimulator/Editor/ShopMasterFullRequirementsPhase3Runner.cs:398)
FLOBUK.StoreSimulator.Editor.ShopMasterFullRequirementsPhase3Runner:TestAtomicSaveAndBackup () (at Assets/StoreSimulator/Editor/ShopMasterFullRequirementsPhase3Runner.cs:254)
FLOBUK.StoreSimulator.Editor.ShopMasterFullRequirementsPhase3Runner:RunImmediateChecks () (at Assets/StoreSimulator/Editor/ShopMasterFullRequirementsPhase3Runner.cs:134)
FLOBUK.StoreSimulator.Editor.ShopMasterFullRequirementsPhase3Runner:OnUpdate () (at Assets/StoreSimulator/Editor/ShopMasterFullRequirementsPhase3Runner.cs:64)
UnityEditor.EditorApplication:Internal_CallUpdateFunctions ()

(Filename: Assets/Systems/Inventory/ShelfProductSlotSystem.cs Line: 105)

[EntrepreneurTree] Employee gameplay unlock applied: employee_1
UnityEngine.Debug:ExtractStackTraceNoAlloc (byte*,int,string)
UnityEngine.StackTraceUtility:ExtractStackTrace ()
UnityEngine.DebugLogHandler:Internal_Log (UnityEngine.LogType,UnityEngine.LogOption,string,UnityEngine.Object)
UnityEngine.DebugLogHandler:LogFormat (UnityEngine.LogType,UnityEngine.Object,string,object[])
UnityEngine.Logger:Log (UnityEngine.LogType,object)
UnityEngine.Debug:Log (object)
FLOBUK.StoreSimulator.EntrepreneurTreeEmployeeUnlockAdapter:OnEmployeeNodeUnlocked (FLOBUK.StoreSimulator.NodeData) (at Assets/Systems/EntrepreneurTree/EntrepreneurTreeEmployeeUnlockAdapter.cs:57)
FLOBUK.StoreSimulator.EntrepreneurTreeManager:DispatchTypedNodeUnlocked (FLOBUK.StoreSimulator.NodeData) (at Assets/Systems/EntrepreneurTree/EntrepreneurTreeManager.cs:420)
FLOBUK.StoreSimulator.EntrepreneurTreeManager:AdminUnlockByType (FLOBUK.StoreSimulator.TreeNodeType) (at Assets/Systems/EntrepreneurTree/EntrepreneurTreeManager.cs:470)
FLOBUK.StoreSimulator.Editor.ShopMasterFullRequirementsPhase3Runner:SetupAutomatedCashier (bool) (at Assets/StoreSimulator/Editor/ShopMasterFullRequirementsPhase3Runner.cs:263)
FLOBUK.StoreSimulator.Editor.ShopMasterFullRequirementsPhase3Runner:OnUpdate () (at Assets/StoreSimulator/Editor/ShopMasterFullRequirementsPhase3Runner.cs:65)
UnityEditor.EditorApplication:Internal_CallUpdateFunctions ()

(Filename: Assets/Systems/EntrepreneurTree/EntrepreneurTreeEmployeeUnlockAdapter.cs Line: 57)

[EntrepreneurTree] Employee node unlocked hook fired: employee_1
UnityEngine.Debug:ExtractStackTraceNoAlloc (byte*,int,string)
UnityEngine.StackTraceUtility:ExtractStackTrace ()
UnityEngine.DebugLogHandler:Internal_Log (UnityEngine.LogType,UnityEngine.LogOption,string,UnityEngine.Object)
UnityEngine.DebugLogHandler:LogFormat (UnityEngine.LogType,UnityEngine.Object,string,object[])
UnityEngine.Logger:Log (UnityEngine.LogType,object)
UnityEngine.Debug:Log (object)
FLOBUK.StoreSimulator.EntrepreneurTreeManager:DispatchTypedNodeUnlocked (FLOBUK.StoreSimulator.NodeData) (at Assets/Systems/EntrepreneurTree/EntrepreneurTreeManager.cs:421)
FLOBUK.StoreSimulator.EntrepreneurTreeManager:AdminUnlockByType (FLOBUK.StoreSimulator.TreeNodeType) (at Assets/Systems/EntrepreneurTree/EntrepreneurTreeManager.cs:470)
FLOBUK.StoreSimulator.Editor.ShopMasterFullRequirementsPhase3Runner:SetupAutomatedCashier (bool) (at Assets/StoreSimulator/Editor/ShopMasterFullRequirementsPhase3Runner.cs:263)
FLOBUK.StoreSimulator.Editor.ShopMasterFullRequirementsPhase3Runner:OnUpdate () (at Assets/StoreSimulator/Editor/ShopMasterFullRequirementsPhase3Runner.cs:65)
UnityEditor.EditorApplication:Internal_CallUpdateFunctions ()

(Filename: Assets/Systems/EntrepreneurTree/EntrepreneurTreeManager.cs Line: 421)

[EntrepreneurTree] [AdminMode] Force-unlocked node: employee_1
UnityEngine.Debug:ExtractStackTraceNoAlloc (byte*,int,string)
UnityEngine.StackTraceUtility:ExtractStackTrace ()
UnityEngine.DebugLogHandler:Internal_Log (UnityEngine.LogType,UnityEngine.LogOption,string,UnityEngine.Object)
UnityEngine.DebugLogHandler:LogFormat (UnityEngine.LogType,UnityEngine.Object,string,object[])
UnityEngine.Logger:Log (UnityEngine.LogType,object)
UnityEngine.Debug:Log (object)
FLOBUK.StoreSimulator.EntrepreneurTreeManager:AdminUnlockByType (FLOBUK.StoreSimulator.TreeNodeType) (at Assets/Systems/EntrepreneurTree/EntrepreneurTreeManager.cs:471)
FLOBUK.StoreSimulator.Editor.ShopMasterFullRequirementsPhase3Runner:SetupAutomatedCashier (bool) (at Assets/StoreSimulator/Editor/ShopMasterFullRequirementsPhase3Runner.cs:263)
FLOBUK.StoreSimulator.Editor.ShopMasterFullRequirementsPhase3Runner:OnUpdate () (at Assets/StoreSimulator/Editor/ShopMasterFullRequirementsPhase3Runner.cs:65)
UnityEditor.EditorApplication:Internal_CallUpdateFunctions ()

(Filename: Assets/Systems/EntrepreneurTree/EntrepreneurTreeManager.cs Line: 471)

[EntrepreneurTree] Employee gameplay unlock applied: employee_2
UnityEngine.Debug:ExtractStackTraceNoAlloc (byte*,int,string)
UnityEngine.StackTraceUtility:ExtractStackTrace ()
UnityEngine.DebugLogHandler:Internal_Log (UnityEngine.LogType,UnityEngine.LogOption,string,UnityEngine.Object)
UnityEngine.DebugLogHandler:LogFormat (UnityEngine.LogType,UnityEngine.Object,string,object[])
UnityEngine.Logger:Log (UnityEngine.LogType,object)
UnityEngine.Debug:Log (object)
FLOBUK.StoreSimulator.EntrepreneurTreeEmployeeUnlockAdapter:OnEmployeeNodeUnlocked (FLOBUK.StoreSimulator.NodeData) (at Assets/Systems/EntrepreneurTree/EntrepreneurTreeEmployeeUnlockAdapter.cs:57)
FLOBUK.StoreSimulator.EntrepreneurTreeManager:DispatchTypedNodeUnlocked (FLOBUK.StoreSimulator.NodeData) (at Assets/Systems/EntrepreneurTree/EntrepreneurTreeManager.cs:420)
FLOBUK.StoreSimulator.EntrepreneurTreeManager:AdminUnlockByType (FLOBUK.StoreSimulator.TreeNodeType) (at Assets/Systems/EntrepreneurTree/EntrepreneurTreeManager.cs:470)
FLOBUK.StoreSimulator.Editor.ShopMasterFullRequirementsPhase3Runner:SetupAutomatedCashier (bool) (at Assets/StoreSimulator/Editor/ShopMasterFullRequirementsPhase3Runner.cs:263)
FLOBUK.StoreSimulator.Editor.ShopMasterFullRequirementsPhase3Runner:OnUpdate () (at Assets/StoreSimulator/Editor/ShopMasterFullRequirementsPhase3Runner.cs:65)
UnityEditor.EditorApplication:Internal_CallUpdateFunctions ()

(Filename: Assets/Systems/EntrepreneurTree/EntrepreneurTreeEmployeeUnlockAdapter.cs Line: 57)

[EntrepreneurTree] Employee node unlocked hook fired: employee_2
UnityEngine.Debug:ExtractStackTraceNoAlloc (byte*,int,string)
UnityEngine.StackTraceUtility:ExtractStackTrace ()
UnityEngine.DebugLogHandler:Internal_Log (UnityEngine.LogType,UnityEngine.LogOption,string,UnityEngine.Object)
UnityEngine.DebugLogHandler:LogFormat (UnityEngine.LogType,UnityEngine.Object,string,object[])
UnityEngine.Logger:Log (UnityEngine.LogType,object)
UnityEngine.Debug:Log (object)
FLOBUK.StoreSimulator.EntrepreneurTreeManager:DispatchTypedNodeUnlocked (FLOBUK.StoreSimulator.NodeData) (at Assets/Systems/EntrepreneurTree/EntrepreneurTreeManager.cs:421)
FLOBUK.StoreSimulator.EntrepreneurTreeManager:AdminUnlockByType (FLOBUK.StoreSimulator.TreeNodeType) (at Assets/Systems/EntrepreneurTree/EntrepreneurTreeManager.cs:470)
FLOBUK.StoreSimulator.Editor.ShopMasterFullRequirementsPhase3Runner:SetupAutomatedCashier (bool) (at Assets/StoreSimulator/Editor/ShopMasterFullRequirementsPhase3Runner.cs:263)
FLOBUK.StoreSimulator.Editor.ShopMasterFullRequirementsPhase3Runner:OnUpdate () (at Assets/StoreSimulator/Editor/ShopMasterFullRequirementsPhase3Runner.cs:65)
UnityEditor.EditorApplication:Internal_CallUpdateFunctions ()

(Filename: Assets/Systems/EntrepreneurTree/EntrepreneurTreeManager.cs Line: 421)

[EntrepreneurTree] [AdminMode] Force-unlocked node: employee_2
UnityEngine.Debug:ExtractStackTraceNoAlloc (byte*,int,string)
UnityEngine.StackTraceUtility:ExtractStackTrace ()
UnityEngine.DebugLogHandler:Internal_Log (UnityEngine.LogType,UnityEngine.LogOption,string,UnityEngine.Object)
UnityEngine.DebugLogHandler:LogFormat (UnityEngine.LogType,UnityEngine.Object,string,object[])
UnityEngine.Logger:Log (UnityEngine.LogType,object)
UnityEngine.Debug:Log (object)
FLOBUK.StoreSimulator.EntrepreneurTreeManager:AdminUnlockByType (FLOBUK.StoreSimulator.TreeNodeType) (at Assets/Systems/EntrepreneurTree/EntrepreneurTreeManager.cs:471)
FLOBUK.StoreSimulator.Editor.ShopMasterFullRequirementsPhase3Runner:SetupAutomatedCashier (bool) (at Assets/StoreSimulator/Editor/ShopMasterFullRequirementsPhase3Runner.cs:263)
FLOBUK.StoreSimulator.Editor.ShopMasterFullRequirementsPhase3Runner:OnUpdate () (at Assets/StoreSimulator/Editor/ShopMasterFullRequirementsPhase3Runner.cs:65)
UnityEditor.EditorApplication:Internal_CallUpdateFunctions ()

(Filename: Assets/Systems/EntrepreneurTree/EntrepreneurTreeManager.cs Line: 471)

[EntrepreneurTree] Employee gameplay unlock applied: employee_3
UnityEngine.Debug:ExtractStackTraceNoAlloc (byte*,int,string)
UnityEngine.StackTraceUtility:ExtractStackTrace ()
UnityEngine.DebugLogHandler:Internal_Log (UnityEngine.LogType,UnityEngine.LogOption,string,UnityEngine.Object)
UnityEngine.DebugLogHandler:LogFormat (UnityEngine.LogType,UnityEngine.Object,string,object[])
UnityEngine.Logger:Log (UnityEngine.LogType,object)
UnityEngine.Debug:Log (object)
FLOBUK.StoreSimulator.EntrepreneurTreeEmployeeUnlockAdapter:OnEmployeeNodeUnlocked (FLOBUK.StoreSimulator.NodeData) (at Assets/Systems/EntrepreneurTree/EntrepreneurTreeEmployeeUnlockAdapter.cs:57)
FLOBUK.StoreSimulator.EntrepreneurTreeManager:DispatchTypedNodeUnlocked (FLOBUK.StoreSimulator.NodeData) (at Assets/Systems/EntrepreneurTree/EntrepreneurTreeManager.cs:420)
FLOBUK.StoreSimulator.EntrepreneurTreeManager:AdminUnlockByType (FLOBUK.StoreSimulator.TreeNodeType) (at Assets/Systems/EntrepreneurTree/EntrepreneurTreeManager.cs:470)
FLOBUK.StoreSimulator.Editor.ShopMasterFullRequirementsPhase3Runner:SetupAutomatedCashier (bool) (at Assets/StoreSimulator/Editor/ShopMasterFullRequirementsPhase3Runner.cs:263)
FLOBUK.StoreSimulator.Editor.ShopMasterFullRequirementsPhase3Runner:OnUpdate () (at Assets/StoreSimulator/Editor/ShopMasterFullRequirementsPhase3Runner.cs:65)
UnityEditor.EditorApplication:Internal_CallUpdateFunctions ()

(Filename: Assets/Systems/EntrepreneurTree/EntrepreneurTreeEmployeeUnlockAdapter.cs Line: 57)

[EntrepreneurTree] Employee node unlocked hook fired: employee_3
UnityEngine.Debug:ExtractStackTraceNoAlloc (byte*,int,string)
UnityEngine.StackTraceUtility:ExtractStackTrace ()
UnityEngine.DebugLogHandler:Internal_Log (UnityEngine.LogType,UnityEngine.LogOption,string,UnityEngine.Object)
UnityEngine.DebugLogHandler:LogFormat (UnityEngine.LogType,UnityEngine.Object,string,object[])
UnityEngine.Logger:Log (UnityEngine.LogType,object)
UnityEngine.Debug:Log (object)
FLOBUK.StoreSimulator.EntrepreneurTreeManager:DispatchTypedNodeUnlocked (FLOBUK.StoreSimulator.NodeData) (at Assets/Systems/EntrepreneurTree/EntrepreneurTreeManager.cs:421)
FLOBUK.StoreSimulator.EntrepreneurTreeManager:AdminUnlockByType (FLOBUK.StoreSimulator.TreeNodeType) (at Assets/Systems/EntrepreneurTree/EntrepreneurTreeManager.cs:470)
FLOBUK.StoreSimulator.Editor.ShopMasterFullRequirementsPhase3Runner:SetupAutomatedCashier (bool) (at Assets/StoreSimulator/Editor/ShopMasterFullRequirementsPhase3Runner.cs:263)
FLOBUK.StoreSimulator.Editor.ShopMasterFullRequirementsPhase3Runner:OnUpdate () (at Assets/StoreSimulator/Editor/ShopMasterFullRequirementsPhase3Runner.cs:65)
UnityEditor.EditorApplication:Internal_CallUpdateFunctions ()

(Filename: Assets/Systems/EntrepreneurTree/EntrepreneurTreeManager.cs Line: 421)

[EntrepreneurTree] [AdminMode] Force-unlocked node: employee_3
UnityEngine.Debug:ExtractStackTraceNoAlloc (byte*,int,string)
UnityEngine.StackTraceUtility:ExtractStackTrace ()
UnityEngine.DebugLogHandler:Internal_Log (UnityEngine.LogType,UnityEngine.LogOption,string,UnityEngine.Object)
UnityEngine.DebugLogHandler:LogFormat (UnityEngine.LogType,UnityEngine.Object,string,object[])
UnityEngine.Logger:Log (UnityEngine.LogType,object)
UnityEngine.Debug:Log (object)
FLOBUK.StoreSimulator.EntrepreneurTreeManager:AdminUnlockByType (FLOBUK.StoreSimulator.TreeNodeType) (at Assets/Systems/EntrepreneurTree/EntrepreneurTreeManager.cs:471)
FLOBUK.StoreSimulator.Editor.ShopMasterFullRequirementsPhase3Runner:SetupAutomatedCashier (bool) (at Assets/StoreSimulator/Editor/ShopMasterFullRequirementsPhase3Runner.cs:263)
FLOBUK.StoreSimulator.Editor.ShopMasterFullRequirementsPhase3Runner:OnUpdate () (at Assets/StoreSimulator/Editor/ShopMasterFullRequirementsPhase3Runner.cs:65)
UnityEditor.EditorApplication:Internal_CallUpdateFunctions ()

(Filename: Assets/Systems/EntrepreneurTree/EntrepreneurTreeManager.cs Line: 471)

[EntrepreneurTree] Employee gameplay unlock applied: employee_4
UnityEngine.Debug:ExtractStackTraceNoAlloc (byte*,int,string)
UnityEngine.StackTraceUtility:ExtractStackTrace ()
UnityEngine.DebugLogHandler:Internal_Log (UnityEngine.LogType,UnityEngine.LogOption,string,UnityEngine.Object)
UnityEngine.DebugLogHandler:LogFormat (UnityEngine.LogType,UnityEngine.Object,string,object[])
UnityEngine.Logger:Log (UnityEngine.LogType,object)
UnityEngine.Debug:Log (object)
FLOBUK.StoreSimulator.EntrepreneurTreeEmployeeUnlockAdapter:OnEmployeeNodeUnlocked (FLOBUK.StoreSimulator.NodeData) (at Assets/Systems/EntrepreneurTree/EntrepreneurTreeEmployeeUnlockAdapter.cs:57)
FLOBUK.StoreSimulator.EntrepreneurTreeManager:DispatchTypedNodeUnlocked (FLOBUK.StoreSimulator.NodeData) (at Assets/Systems/EntrepreneurTree/EntrepreneurTreeManager.cs:420)
FLOBUK.StoreSimulator.EntrepreneurTreeManager:AdminUnlockByType (FLOBUK.StoreSimulator.TreeNodeType) (at Assets/Systems/EntrepreneurTree/EntrepreneurTreeManager.cs:470)
FLOBUK.StoreSimulator.Editor.ShopMasterFullRequirementsPhase3Runner:SetupAutomatedCashier (bool) (at Assets/StoreSimulator/Editor/ShopMasterFullRequirementsPhase3Runner.cs:263)
FLOBUK.StoreSimulator.Editor.ShopMasterFullRequirementsPhase3Runner:OnUpdate () (at Assets/StoreSimulator/Editor/ShopMasterFullRequirementsPhase3Runner.cs:65)
UnityEditor.EditorApplication:Internal_CallUpdateFunctions ()

(Filename: Assets/Systems/EntrepreneurTree/EntrepreneurTreeEmployeeUnlockAdapter.cs Line: 57)

[EntrepreneurTree] Employee node unlocked hook fired: employee_4
UnityEngine.Debug:ExtractStackTraceNoAlloc (byte*,int,string)
UnityEngine.StackTraceUtility:ExtractStackTrace ()
UnityEngine.DebugLogHandler:Internal_Log (UnityEngine.LogType,UnityEngine.LogOption,string,UnityEngine.Object)
UnityEngine.DebugLogHandler:LogFormat (UnityEngine.LogType,UnityEngine.Object,string,object[])
UnityEngine.Logger:Log (UnityEngine.LogType,object)
UnityEngine.Debug:Log (object)
FLOBUK.StoreSimulator.EntrepreneurTreeManager:DispatchTypedNodeUnlocked (FLOBUK.StoreSimulator.NodeData) (at Assets/Systems/EntrepreneurTree/EntrepreneurTreeManager.cs:421)
FLOBUK.StoreSimulator.EntrepreneurTreeManager:AdminUnlockByType (FLOBUK.StoreSimulator.TreeNodeType) (at Assets/Systems/EntrepreneurTree/EntrepreneurTreeManager.cs:470)
FLOBUK.StoreSimulator.Editor.ShopMasterFullRequirementsPhase3Runner:SetupAutomatedCashier (bool) (at Assets/StoreSimulator/Editor/ShopMasterFullRequirementsPhase3Runner.cs:263)
FLOBUK.StoreSimulator.Editor.ShopMasterFullRequirementsPhase3Runner:OnUpdate () (at Assets/StoreSimulator/Editor/ShopMasterFullRequirementsPhase3Runner.cs:65)
UnityEditor.EditorApplication:Internal_CallUpdateFunctions ()

(Filename: Assets/Systems/EntrepreneurTree/EntrepreneurTreeManager.cs Line: 421)

[EntrepreneurTree] [AdminMode] Force-unlocked node: employee_4
UnityEngine.Debug:ExtractStackTraceNoAlloc (byte*,int,string)
UnityEngine.StackTraceUtility:ExtractStackTrace ()
UnityEngine.DebugLogHandler:Internal_Log (UnityEngine.LogType,UnityEngine.LogOption,string,UnityEngine.Object)
UnityEngine.DebugLogHandler:LogFormat (UnityEngine.LogType,UnityEngine.Object,string,object[])
UnityEngine.Logger:Log (UnityEngine.LogType,object)
UnityEngine.Debug:Log (object)
FLOBUK.StoreSimulator.EntrepreneurTreeManager:AdminUnlockByType (FLOBUK.StoreSimulator.TreeNodeType) (at Assets/Systems/EntrepreneurTree/EntrepreneurTreeManager.cs:471)
FLOBUK.StoreSimulator.Editor.ShopMasterFullRequirementsPhase3Runner:SetupAutomatedCashier (bool) (at Assets/StoreSimulator/Editor/ShopMasterFullRequirementsPhase3Runner.cs:263)
FLOBUK.StoreSimulator.Editor.ShopMasterFullRequirementsPhase3Runner:OnUpdate () (at Assets/StoreSimulator/Editor/ShopMasterFullRequirementsPhase3Runner.cs:65)
UnityEditor.EditorApplication:Internal_CallUpdateFunctions ()

(Filename: Assets/Systems/EntrepreneurTree/EntrepreneurTreeManager.cs Line: 471)

[EntrepreneurTree] Employee gameplay unlock applied: employee_6
UnityEngine.Debug:ExtractStackTraceNoAlloc (byte*,int,string)
UnityEngine.StackTraceUtility:ExtractStackTrace ()
UnityEngine.DebugLogHandler:Internal_Log (UnityEngine.LogType,UnityEngine.LogOption,string,UnityEngine.Object)
UnityEngine.DebugLogHandler:LogFormat (UnityEngine.LogType,UnityEngine.Object,string,object[])
UnityEngine.Logger:Log (UnityEngine.LogType,object)
UnityEngine.Debug:Log (object)
FLOBUK.StoreSimulator.EntrepreneurTreeEmployeeUnlockAdapter:OnEmployeeNodeUnlocked (FLOBUK.StoreSimulator.NodeData) (at Assets/Systems/EntrepreneurTree/EntrepreneurTreeEmployeeUnlockAdapter.cs:57)
FLOBUK.StoreSimulator.EntrepreneurTreeManager:DispatchTypedNodeUnlocked (FLOBUK.StoreSimulator.NodeData) (at Assets/Systems/EntrepreneurTree/EntrepreneurTreeManager.cs:420)
FLOBUK.StoreSimulator.EntrepreneurTreeManager:AdminUnlockByType (FLOBUK.StoreSimulator.TreeNodeType) (at Assets/Systems/EntrepreneurTree/EntrepreneurTreeManager.cs:470)
FLOBUK.StoreSimulator.Editor.ShopMasterFullRequirementsPhase3Runner:SetupAutomatedCashier (bool) (at Assets/StoreSimulator/Editor/ShopMasterFullRequirementsPhase3Runner.cs:263)
FLOBUK.StoreSimulator.Editor.ShopMasterFullRequirementsPhase3Runner:OnUpdate () (at Assets/StoreSimulator/Editor/ShopMasterFullRequirementsPhase3Runner.cs:65)
UnityEditor.EditorApplication:Internal_CallUpdateFunctions ()

(Filename: Assets/Systems/EntrepreneurTree/EntrepreneurTreeEmployeeUnlockAdapter.cs Line: 57)

[EntrepreneurTree] Employee node unlocked hook fired: employee_6
UnityEngine.Debug:ExtractStackTraceNoAlloc (byte*,int,string)
UnityEngine.StackTraceUtility:ExtractStackTrace ()
UnityEngine.DebugLogHandler:Internal_Log (UnityEngine.LogType,UnityEngine.LogOption,string,UnityEngine.Object)
UnityEngine.DebugLogHandler:LogFormat (UnityEngine.LogType,UnityEngine.Object,string,object[])
UnityEngine.Logger:Log (UnityEngine.LogType,object)
UnityEngine.Debug:Log (object)
FLOBUK.StoreSimulator.EntrepreneurTreeManager:DispatchTypedNodeUnlocked (FLOBUK.StoreSimulator.NodeData) (at Assets/Systems/EntrepreneurTree/EntrepreneurTreeManager.cs:421)
FLOBUK.StoreSimulator.EntrepreneurTreeManager:AdminUnlockByType (FLOBUK.StoreSimulator.TreeNodeType) (at Assets/Systems/EntrepreneurTree/EntrepreneurTreeManager.cs:470)
FLOBUK.StoreSimulator.Editor.ShopMasterFullRequirementsPhase3Runner:SetupAutomatedCashier (bool) (at Assets/StoreSimulator/Editor/ShopMasterFullRequirementsPhase3Runner.cs:263)
FLOBUK.StoreSimulator.Editor.ShopMasterFullRequirementsPhase3Runner:OnUpdate () (at Assets/StoreSimulator/Editor/ShopMasterFullRequirementsPhase3Runner.cs:65)
UnityEditor.EditorApplication:Internal_CallUpdateFunctions ()

(Filename: Assets/Systems/EntrepreneurTree/EntrepreneurTreeManager.cs Line: 421)

[EntrepreneurTree] [AdminMode] Force-unlocked node: employee_6
UnityEngine.Debug:ExtractStackTraceNoAlloc (byte*,int,string)
UnityEngine.StackTraceUtility:ExtractStackTrace ()
UnityEngine.DebugLogHandler:Internal_Log (UnityEngine.LogType,UnityEngine.LogOption,string,UnityEngine.Object)
UnityEngine.DebugLogHandler:LogFormat (UnityEngine.LogType,UnityEngine.Object,string,object[])
UnityEngine.Logger:Log (UnityEngine.LogType,object)
UnityEngine.Debug:Log (object)
FLOBUK.StoreSimulator.EntrepreneurTreeManager:AdminUnlockByType (FLOBUK.StoreSimulator.TreeNodeType) (at Assets/Systems/EntrepreneurTree/EntrepreneurTreeManager.cs:471)
FLOBUK.StoreSimulator.Editor.ShopMasterFullRequirementsPhase3Runner:SetupAutomatedCashier (bool) (at Assets/StoreSimulator/Editor/ShopMasterFullRequirementsPhase3Runner.cs:263)
FLOBUK.StoreSimulator.Editor.ShopMasterFullRequirementsPhase3Runner:OnUpdate () (at Assets/StoreSimulator/Editor/ShopMasterFullRequirementsPhase3Runner.cs:65)
UnityEditor.EditorApplication:Internal_CallUpdateFunctions ()

(Filename: Assets/Systems/EntrepreneurTree/EntrepreneurTreeManager.cs Line: 471)

[EntrepreneurTree] Employee gameplay unlock applied: employee_9
UnityEngine.Debug:ExtractStackTraceNoAlloc (byte*,int,string)
UnityEngine.StackTraceUtility:ExtractStackTrace ()
UnityEngine.DebugLogHandler:Internal_Log (UnityEngine.LogType,UnityEngine.LogOption,string,UnityEngine.Object)
UnityEngine.DebugLogHandler:LogFormat (UnityEngine.LogType,UnityEngine.Object,string,object[])
UnityEngine.Logger:Log (UnityEngine.LogType,object)
UnityEngine.Debug:Log (object)
FLOBUK.StoreSimulator.EntrepreneurTreeEmployeeUnlockAdapter:OnEmployeeNodeUnlocked (FLOBUK.StoreSimulator.NodeData) (at Assets/Systems/EntrepreneurTree/EntrepreneurTreeEmployeeUnlockAdapter.cs:57)
FLOBUK.StoreSimulator.EntrepreneurTreeManager:DispatchTypedNodeUnlocked (FLOBUK.StoreSimulator.NodeData) (at Assets/Systems/EntrepreneurTree/EntrepreneurTreeManager.cs:420)
FLOBUK.StoreSimulator.EntrepreneurTreeManager:AdminUnlockByType (FLOBUK.StoreSimulator.TreeNodeType) (at Assets/Systems/EntrepreneurTree/EntrepreneurTreeManager.cs:470)
FLOBUK.StoreSimulator.Editor.ShopMasterFullRequirementsPhase3Runner:SetupAutomatedCashier (bool) (at Assets/StoreSimulator/Editor/ShopMasterFullRequirementsPhase3Runner.cs:263)
FLOBUK.StoreSimulator.Editor.ShopMasterFullRequirementsPhase3Runner:OnUpdate () (at Assets/StoreSimulator/Editor/ShopMasterFullRequirementsPhase3Runner.cs:65)
UnityEditor.EditorApplication:Internal_CallUpdateFunctions ()

(Filename: Assets/Systems/EntrepreneurTree/EntrepreneurTreeEmployeeUnlockAdapter.cs Line: 57)

[EntrepreneurTree] Employee node unlocked hook fired: employee_9
UnityEngine.Debug:ExtractStackTraceNoAlloc (byte*,int,string)
UnityEngine.StackTraceUtility:ExtractStackTrace ()
UnityEngine.DebugLogHandler:Internal_Log (UnityEngine.LogType,UnityEngine.LogOption,string,UnityEngine.Object)
UnityEngine.DebugLogHandler:LogFormat (UnityEngine.LogType,UnityEngine.Object,string,object[])
UnityEngine.Logger:Log (UnityEngine.LogType,object)
UnityEngine.Debug:Log (object)
FLOBUK.StoreSimulator.EntrepreneurTreeManager:DispatchTypedNodeUnlocked (FLOBUK.StoreSimulator.NodeData) (at Assets/Systems/EntrepreneurTree/EntrepreneurTreeManager.cs:421)
FLOBUK.StoreSimulator.EntrepreneurTreeManager:AdminUnlockByType (FLOBUK.StoreSimulator.TreeNodeType) (at Assets/Systems/EntrepreneurTree/EntrepreneurTreeManager.cs:470)
FLOBUK.StoreSimulator.Editor.ShopMasterFullRequirementsPhase3Runner:SetupAutomatedCashier (bool) (at Assets/StoreSimulator/Editor/ShopMasterFullRequirementsPhase3Runner.cs:263)
FLOBUK.StoreSimulator.Editor.ShopMasterFullRequirementsPhase3Runner:OnUpdate () (at Assets/StoreSimulator/Editor/ShopMasterFullRequirementsPhase3Runner.cs:65)
UnityEditor.EditorApplication:Internal_CallUpdateFunctions ()

(Filename: Assets/Systems/EntrepreneurTree/EntrepreneurTreeManager.cs Line: 421)

[EntrepreneurTree] [AdminMode] Force-unlocked node: employee_9
UnityEngine.Debug:ExtractStackTraceNoAlloc (byte*,int,string)
UnityEngine.StackTraceUtility:ExtractStackTrace ()
UnityEngine.DebugLogHandler:Internal_Log (UnityEngine.LogType,UnityEngine.LogOption,string,UnityEngine.Object)
UnityEngine.DebugLogHandler:LogFormat (UnityEngine.LogType,UnityEngine.Object,string,object[])
UnityEngine.Logger:Log (UnityEngine.LogType,object)
UnityEngine.Debug:Log (object)
FLOBUK.StoreSimulator.EntrepreneurTreeManager:AdminUnlockByType (FLOBUK.StoreSimulator.TreeNodeType) (at Assets/Systems/EntrepreneurTree/EntrepreneurTreeManager.cs:471)
FLOBUK.StoreSimulator.Editor.ShopMasterFullRequirementsPhase3Runner:SetupAutomatedCashier (bool) (at Assets/StoreSimulator/Editor/ShopMasterFullRequirementsPhase3Runner.cs:263)
FLOBUK.StoreSimulator.Editor.ShopMasterFullRequirementsPhase3Runner:OnUpdate () (at Assets/StoreSimulator/Editor/ShopMasterFullRequirementsPhase3Runner.cs:65)
UnityEditor.EditorApplication:Internal_CallUpdateFunctions ()

(Filename: Assets/Systems/EntrepreneurTree/EntrepreneurTreeManager.cs Line: 471)

[EntrepreneurTree] Employee gameplay unlock applied: employee_10
UnityEngine.Debug:ExtractStackTraceNoAlloc (byte*,int,string)
UnityEngine.StackTraceUtility:ExtractStackTrace ()
UnityEngine.DebugLogHandler:Internal_Log (UnityEngine.LogType,UnityEngine.LogOption,string,UnityEngine.Object)
UnityEngine.DebugLogHandler:LogFormat (UnityEngine.LogType,UnityEngine.Object,string,object[])
UnityEngine.Logger:Log (UnityEngine.LogType,object)
UnityEngine.Debug:Log (object)
FLOBUK.StoreSimulator.EntrepreneurTreeEmployeeUnlockAdapter:OnEmployeeNodeUnlocked (FLOBUK.StoreSimulator.NodeData) (at Assets/Systems/EntrepreneurTree/EntrepreneurTreeEmployeeUnlockAdapter.cs:57)
FLOBUK.StoreSimulator.EntrepreneurTreeManager:DispatchTypedNodeUnlocked (FLOBUK.StoreSimulator.NodeData) (at Assets/Systems/EntrepreneurTree/EntrepreneurTreeManager.cs:420)
FLOBUK.StoreSimulator.EntrepreneurTreeManager:AdminUnlockByType (FLOBUK.StoreSimulator.TreeNodeType) (at Assets/Systems/EntrepreneurTree/EntrepreneurTreeManager.cs:470)
FLOBUK.StoreSimulator.Editor.ShopMasterFullRequirementsPhase3Runner:SetupAutomatedCashier (bool) (at Assets/StoreSimulator/Editor/ShopMasterFullRequirementsPhase3Runner.cs:263)
FLOBUK.StoreSimulator.Editor.ShopMasterFullRequirementsPhase3Runner:OnUpdate () (at Assets/StoreSimulator/Editor/ShopMasterFullRequirementsPhase3Runner.cs:65)
UnityEditor.EditorApplication:Internal_CallUpdateFunctions ()

(Filename: Assets/Systems/EntrepreneurTree/EntrepreneurTreeEmployeeUnlockAdapter.cs Line: 57)

[EntrepreneurTree] Employee node unlocked hook fired: employee_10
UnityEngine.Debug:ExtractStackTraceNoAlloc (byte*,int,string)
UnityEngine.StackTraceUtility:ExtractStackTrace ()
UnityEngine.DebugLogHandler:Internal_Log (UnityEngine.LogType,UnityEngine.LogOption,string,UnityEngine.Object)
UnityEngine.DebugLogHandler:LogFormat (UnityEngine.LogType,UnityEngine.Object,string,object[])
UnityEngine.Logger:Log (UnityEngine.LogType,object)
UnityEngine.Debug:Log (object)
FLOBUK.StoreSimulator.EntrepreneurTreeManager:DispatchTypedNodeUnlocked (FLOBUK.StoreSimulator.NodeData) (at Assets/Systems/EntrepreneurTree/EntrepreneurTreeManager.cs:421)
FLOBUK.StoreSimulator.EntrepreneurTreeManager:AdminUnlockByType (FLOBUK.StoreSimulator.TreeNodeType) (at Assets/Systems/EntrepreneurTree/EntrepreneurTreeManager.cs:470)
FLOBUK.StoreSimulator.Editor.ShopMasterFullRequirementsPhase3Runner:SetupAutomatedCashier (bool) (at Assets/StoreSimulator/Editor/ShopMasterFullRequirementsPhase3Runner.cs:263)
FLOBUK.StoreSimulator.Editor.ShopMasterFullRequirementsPhase3Runner:OnUpdate () (at Assets/StoreSimulator/Editor/ShopMasterFullRequirementsPhase3Runner.cs:65)
UnityEditor.EditorApplication:Internal_CallUpdateFunctions ()

(Filename: Assets/Systems/EntrepreneurTree/EntrepreneurTreeManager.cs Line: 421)

[EntrepreneurTree] [AdminMode] Force-unlocked node: employee_10
UnityEngine.Debug:ExtractStackTraceNoAlloc (byte*,int,string)
UnityEngine.StackTraceUtility:ExtractStackTrace ()
UnityEngine.DebugLogHandler:Internal_Log (UnityEngine.LogType,UnityEngine.LogOption,string,UnityEngine.Object)
UnityEngine.DebugLogHandler:LogFormat (UnityEngine.LogType,UnityEngine.Object,string,object[])
UnityEngine.Logger:Log (UnityEngine.LogType,object)
UnityEngine.Debug:Log (object)
FLOBUK.StoreSimulator.EntrepreneurTreeManager:AdminUnlockByType (FLOBUK.StoreSimulator.TreeNodeType) (at Assets/Systems/EntrepreneurTree/EntrepreneurTreeManager.cs:471)
FLOBUK.StoreSimulator.Editor.ShopMasterFullRequirementsPhase3Runner:SetupAutomatedCashier (bool) (at Assets/StoreSimulator/Editor/ShopMasterFullRequirementsPhase3Runner.cs:263)
FLOBUK.StoreSimulator.Editor.ShopMasterFullRequirementsPhase3Runner:OnUpdate () (at Assets/StoreSimulator/Editor/ShopMasterFullRequirementsPhase3Runner.cs:65)
UnityEditor.EditorApplication:Internal_CallUpdateFunctions ()

(Filename: Assets/Systems/EntrepreneurTree/EntrepreneurTreeManager.cs Line: 471)

[EntrepreneurTree] Employee gameplay unlock applied: employee_11
UnityEngine.Debug:ExtractStackTraceNoAlloc (byte*,int,string)
UnityEngine.StackTraceUtility:ExtractStackTrace ()
UnityEngine.DebugLogHandler:Internal_Log (UnityEngine.LogType,UnityEngine.LogOption,string,UnityEngine.Object)
UnityEngine.DebugLogHandler:LogFormat (UnityEngine.LogType,UnityEngine.Object,string,object[])
UnityEngine.Logger:Log (UnityEngine.LogType,object)
UnityEngine.Debug:Log (object)
FLOBUK.StoreSimulator.EntrepreneurTreeEmployeeUnlockAdapter:OnEmployeeNodeUnlocked (FLOBUK.StoreSimulator.NodeData) (at Assets/Systems/EntrepreneurTree/EntrepreneurTreeEmployeeUnlockAdapter.cs:57)
FLOBUK.StoreSimulator.EntrepreneurTreeManager:DispatchTypedNodeUnlocked (FLOBUK.StoreSimulator.NodeData) (at Assets/Systems/EntrepreneurTree/EntrepreneurTreeManager.cs:420)
FLOBUK.StoreSimulator.EntrepreneurTreeManager:AdminUnlockByType (FLOBUK.StoreSimulator.TreeNodeType) (at Assets/Systems/EntrepreneurTree/EntrepreneurTreeManager.cs:470)
FLOBUK.StoreSimulator.Editor.ShopMasterFullRequirementsPhase3Runner:SetupAutomatedCashier (bool) (at Assets/StoreSimulator/Editor/ShopMasterFullRequirementsPhase3Runner.cs:263)
FLOBUK.StoreSimulator.Editor.ShopMasterFullRequirementsPhase3Runner:OnUpdate () (at Assets/StoreSimulator/Editor/ShopMasterFullRequirementsPhase3Runner.cs:65)
UnityEditor.EditorApplication:Internal_CallUpdateFunctions ()

(Filename: Assets/Systems/EntrepreneurTree/EntrepreneurTreeEmployeeUnlockAdapter.cs Line: 57)

[EntrepreneurTree] Employee node unlocked hook fired: employee_11
UnityEngine.Debug:ExtractStackTraceNoAlloc (byte*,int,string)
UnityEngine.StackTraceUtility:ExtractStackTrace ()
UnityEngine.DebugLogHandler:Internal_Log (UnityEngine.LogType,UnityEngine.LogOption,string,UnityEngine.Object)
UnityEngine.DebugLogHandler:LogFormat (UnityEngine.LogType,UnityEngine.Object,string,object[])
UnityEngine.Logger:Log (UnityEngine.LogType,object)
UnityEngine.Debug:Log (object)
FLOBUK.StoreSimulator.EntrepreneurTreeManager:DispatchTypedNodeUnlocked (FLOBUK.StoreSimulator.NodeData) (at Assets/Systems/EntrepreneurTree/EntrepreneurTreeManager.cs:421)
FLOBUK.StoreSimulator.EntrepreneurTreeManager:AdminUnlockByType (FLOBUK.StoreSimulator.TreeNodeType) (at Assets/Systems/EntrepreneurTree/EntrepreneurTreeManager.cs:470)
FLOBUK.StoreSimulator.Editor.ShopMasterFullRequirementsPhase3Runner:SetupAutomatedCashier (bool) (at Assets/StoreSimulator/Editor/ShopMasterFullRequirementsPhase3Runner.cs:263)
FLOBUK.StoreSimulator.Editor.ShopMasterFullRequirementsPhase3Runner:OnUpdate () (at Assets/StoreSimulator/Editor/ShopMasterFullRequirementsPhase3Runner.cs:65)
UnityEditor.EditorApplication:Internal_CallUpdateFunctions ()

(Filename: Assets/Systems/EntrepreneurTree/EntrepreneurTreeManager.cs Line: 421)

[EntrepreneurTree] [AdminMode] Force-unlocked node: employee_11
UnityEngine.Debug:ExtractStackTraceNoAlloc (byte*,int,string)
UnityEngine.StackTraceUtility:ExtractStackTrace ()
UnityEngine.DebugLogHandler:Internal_Log (UnityEngine.LogType,UnityEngine.LogOption,string,UnityEngine.Object)
UnityEngine.DebugLogHandler:LogFormat (UnityEngine.LogType,UnityEngine.Object,string,object[])
UnityEngine.Logger:Log (UnityEngine.LogType,object)
UnityEngine.Debug:Log (object)
FLOBUK.StoreSimulator.EntrepreneurTreeManager:AdminUnlockByType (FLOBUK.StoreSimulator.TreeNodeType) (at Assets/Systems/EntrepreneurTree/EntrepreneurTreeManager.cs:471)
FLOBUK.StoreSimulator.Editor.ShopMasterFullRequirementsPhase3Runner:SetupAutomatedCashier (bool) (at Assets/StoreSimulator/Editor/ShopMasterFullRequirementsPhase3Runner.cs:263)
FLOBUK.StoreSimulator.Editor.ShopMasterFullRequirementsPhase3Runner:OnUpdate () (at Assets/StoreSimulator/Editor/ShopMasterFullRequirementsPhase3Runner.cs:65)
UnityEditor.EditorApplication:Internal_CallUpdateFunctions ()

(Filename: Assets/Systems/EntrepreneurTree/EntrepreneurTreeManager.cs Line: 471)

[EntrepreneurTree] Employee gameplay unlock applied: employee_12
UnityEngine.Debug:ExtractStackTraceNoAlloc (byte*,int,string)
UnityEngine.StackTraceUtility:ExtractStackTrace ()
UnityEngine.DebugLogHandler:Internal_Log (UnityEngine.LogType,UnityEngine.LogOption,string,UnityEngine.Object)
UnityEngine.DebugLogHandler:LogFormat (UnityEngine.LogType,UnityEngine.Object,string,object[])
UnityEngine.Logger:Log (UnityEngine.LogType,object)
UnityEngine.Debug:Log (object)
FLOBUK.StoreSimulator.EntrepreneurTreeEmployeeUnlockAdapter:OnEmployeeNodeUnlocked (FLOBUK.StoreSimulator.NodeData) (at Assets/Systems/EntrepreneurTree/EntrepreneurTreeEmployeeUnlockAdapter.cs:57)
FLOBUK.StoreSimulator.EntrepreneurTreeManager:DispatchTypedNodeUnlocked (FLOBUK.StoreSimulator.NodeData) (at Assets/Systems/EntrepreneurTree/EntrepreneurTreeManager.cs:420)
FLOBUK.StoreSimulator.EntrepreneurTreeManager:AdminUnlockByType (FLOBUK.StoreSimulator.TreeNodeType) (at Assets/Systems/EntrepreneurTree/EntrepreneurTreeManager.cs:470)
FLOBUK.StoreSimulator.Editor.ShopMasterFullRequirementsPhase3Runner:SetupAutomatedCashier (bool) (at Assets/StoreSimulator/Editor/ShopMasterFullRequirementsPhase3Runner.cs:263)
FLOBUK.StoreSimulator.Editor.ShopMasterFullRequirementsPhase3Runner:OnUpdate () (at Assets/StoreSimulator/Editor/ShopMasterFullRequirementsPhase3Runner.cs:65)
UnityEditor.EditorApplication:Internal_CallUpdateFunctions ()

(Filename: Assets/Systems/EntrepreneurTree/EntrepreneurTreeEmployeeUnlockAdapter.cs Line: 57)

[EntrepreneurTree] Employee node unlocked hook fired: employee_12
UnityEngine.Debug:ExtractStackTraceNoAlloc (byte*,int,string)
UnityEngine.StackTraceUtility:ExtractStackTrace ()
UnityEngine.DebugLogHandler:Internal_Log (UnityEngine.LogType,UnityEngine.LogOption,string,UnityEngine.Object)
UnityEngine.DebugLogHandler:LogFormat (UnityEngine.LogType,UnityEngine.Object,string,object[])
UnityEngine.Logger:Log (UnityEngine.LogType,object)
UnityEngine.Debug:Log (object)
FLOBUK.StoreSimulator.EntrepreneurTreeManager:DispatchTypedNodeUnlocked (FLOBUK.StoreSimulator.NodeData) (at Assets/Systems/EntrepreneurTree/EntrepreneurTreeManager.cs:421)
FLOBUK.StoreSimulator.EntrepreneurTreeManager:AdminUnlockByType (FLOBUK.StoreSimulator.TreeNodeType) (at Assets/Systems/EntrepreneurTree/EntrepreneurTreeManager.cs:470)
FLOBUK.StoreSimulator.Editor.ShopMasterFullRequirementsPhase3Runner:SetupAutomatedCashier (bool) (at Assets/StoreSimulator/Editor/ShopMasterFullRequirementsPhase3Runner.cs:263)
FLOBUK.StoreSimulator.Editor.ShopMasterFullRequirementsPhase3Runner:OnUpdate () (at Assets/StoreSimulator/Editor/ShopMasterFullRequirementsPhase3Runner.cs:65)
UnityEditor.EditorApplication:Internal_CallUpdateFunctions ()

(Filename: Assets/Systems/EntrepreneurTree/EntrepreneurTreeManager.cs Line: 421)

[EntrepreneurTree] [AdminMode] Force-unlocked node: employee_12
UnityEngine.Debug:ExtractStackTraceNoAlloc (byte*,int,string)
UnityEngine.StackTraceUtility:ExtractStackTrace ()
UnityEngine.DebugLogHandler:Internal_Log (UnityEngine.LogType,UnityEngine.LogOption,string,UnityEngine.Object)
UnityEngine.DebugLogHandler:LogFormat (UnityEngine.LogType,UnityEngine.Object,string,object[])
UnityEngine.Logger:Log (UnityEngine.LogType,object)
UnityEngine.Debug:Log (object)
FLOBUK.StoreSimulator.EntrepreneurTreeManager:AdminUnlockByType (FLOBUK.StoreSimulator.TreeNodeType) (at Assets/Systems/EntrepreneurTree/EntrepreneurTreeManager.cs:471)
FLOBUK.StoreSimulator.Editor.ShopMasterFullRequirementsPhase3Runner:SetupAutomatedCashier (bool) (at Assets/StoreSimulator/Editor/ShopMasterFullRequirementsPhase3Runner.cs:263)
FLOBUK.StoreSimulator.Editor.ShopMasterFullRequirementsPhase3Runner:OnUpdate () (at Assets/StoreSimulator/Editor/ShopMasterFullRequirementsPhase3Runner.cs:65)
UnityEditor.EditorApplication:Internal_CallUpdateFunctions ()

(Filename: Assets/Systems/EntrepreneurTree/EntrepreneurTreeManager.cs Line: 471)

[EntrepreneurTree] Employee gameplay unlock applied: employee_13
UnityEngine.Debug:ExtractStackTraceNoAlloc (byte*,int,string)
UnityEngine.StackTraceUtility:ExtractStackTrace ()
UnityEngine.DebugLogHandler:Internal_Log (UnityEngine.LogType,UnityEngine.LogOption,string,UnityEngine.Object)
UnityEngine.DebugLogHandler:LogFormat (UnityEngine.LogType,UnityEngine.Object,string,object[])
UnityEngine.Logger:Log (UnityEngine.LogType,object)
UnityEngine.Debug:Log (object)
FLOBUK.StoreSimulator.EntrepreneurTreeEmployeeUnlockAdapter:OnEmployeeNodeUnlocked (FLOBUK.StoreSimulator.NodeData) (at Assets/Systems/EntrepreneurTree/EntrepreneurTreeEmployeeUnlockAdapter.cs:57)
FLOBUK.StoreSimulator.EntrepreneurTreeManager:DispatchTypedNodeUnlocked (FLOBUK.StoreSimulator.NodeData) (at Assets/Systems/EntrepreneurTree/EntrepreneurTreeManager.cs:420)
FLOBUK.StoreSimulator.EntrepreneurTreeManager:AdminUnlockByType (FLOBUK.StoreSimulator.TreeNodeType) (at Assets/Systems/EntrepreneurTree/EntrepreneurTreeManager.cs:470)
FLOBUK.StoreSimulator.Editor.ShopMasterFullRequirementsPhase3Runner:SetupAutomatedCashier (bool) (at Assets/StoreSimulator/Editor/ShopMasterFullRequirementsPhase3Runner.cs:263)
FLOBUK.StoreSimulator.Editor.ShopMasterFullRequirementsPhase3Runner:OnUpdate () (at Assets/StoreSimulator/Editor/ShopMasterFullRequirementsPhase3Runner.cs:65)
UnityEditor.EditorApplication:Internal_CallUpdateFunctions ()

(Filename: Assets/Systems/EntrepreneurTree/EntrepreneurTreeEmployeeUnlockAdapter.cs Line: 57)

[EntrepreneurTree] Employee node unlocked hook fired: employee_13
UnityEngine.Debug:ExtractStackTraceNoAlloc (byte*,int,string)
UnityEngine.StackTraceUtility:ExtractStackTrace ()
UnityEngine.DebugLogHandler:Internal_Log (UnityEngine.LogType,UnityEngine.LogOption,string,UnityEngine.Object)
UnityEngine.DebugLogHandler:LogFormat (UnityEngine.LogType,UnityEngine.Object,string,object[])
UnityEngine.Logger:Log (UnityEngine.LogType,object)
UnityEngine.Debug:Log (object)
FLOBUK.StoreSimulator.EntrepreneurTreeManager:DispatchTypedNodeUnlocked (FLOBUK.StoreSimulator.NodeData) (at Assets/Systems/EntrepreneurTree/EntrepreneurTreeManager.cs:421)
FLOBUK.StoreSimulator.EntrepreneurTreeManager:AdminUnlockByType (FLOBUK.StoreSimulator.TreeNodeType) (at Assets/Systems/EntrepreneurTree/EntrepreneurTreeManager.cs:470)
FLOBUK.StoreSimulator.Editor.ShopMasterFullRequirementsPhase3Runner:SetupAutomatedCashier (bool) (at Assets/StoreSimulator/Editor/ShopMasterFullRequirementsPhase3Runner.cs:263)
FLOBUK.StoreSimulator.Editor.ShopMasterFullRequirementsPhase3Runner:OnUpdate () (at Assets/StoreSimulator/Editor/ShopMasterFullRequirementsPhase3Runner.cs:65)
UnityEditor.EditorApplication:Internal_CallUpdateFunctions ()

(Filename: Assets/Systems/EntrepreneurTree/EntrepreneurTreeManager.cs Line: 421)

[EntrepreneurTree] [AdminMode] Force-unlocked node: employee_13
UnityEngine.Debug:ExtractStackTraceNoAlloc (byte*,int,string)
UnityEngine.StackTraceUtility:ExtractStackTrace ()
UnityEngine.DebugLogHandler:Internal_Log (UnityEngine.LogType,UnityEngine.LogOption,string,UnityEngine.Object)
UnityEngine.DebugLogHandler:LogFormat (UnityEngine.LogType,UnityEngine.Object,string,object[])
UnityEngine.Logger:Log (UnityEngine.LogType,object)
UnityEngine.Debug:Log (object)
FLOBUK.StoreSimulator.EntrepreneurTreeManager:AdminUnlockByType (FLOBUK.StoreSimulator.TreeNodeType) (at Assets/Systems/EntrepreneurTree/EntrepreneurTreeManager.cs:471)
FLOBUK.StoreSimulator.Editor.ShopMasterFullRequirementsPhase3Runner:SetupAutomatedCashier (bool) (at Assets/StoreSimulator/Editor/ShopMasterFullRequirementsPhase3Runner.cs:263)
FLOBUK.StoreSimulator.Editor.ShopMasterFullRequirementsPhase3Runner:OnUpdate () (at Assets/StoreSimulator/Editor/ShopMasterFullRequirementsPhase3Runner.cs:65)
UnityEditor.EditorApplication:Internal_CallUpdateFunctions ()

(Filename: Assets/Systems/EntrepreneurTree/EntrepreneurTreeManager.cs Line: 471)

[EntrepreneurTree] Employee gameplay unlock applied: employee_15
UnityEngine.Debug:ExtractStackTraceNoAlloc (byte*,int,string)
UnityEngine.StackTraceUtility:ExtractStackTrace ()
UnityEngine.DebugLogHandler:Internal_Log (UnityEngine.LogType,UnityEngine.LogOption,string,UnityEngine.Object)
UnityEngine.DebugLogHandler:LogFormat (UnityEngine.LogType,UnityEngine.Object,string,object[])
UnityEngine.Logger:Log (UnityEngine.LogType,object)
UnityEngine.Debug:Log (object)
FLOBUK.StoreSimulator.EntrepreneurTreeEmployeeUnlockAdapter:OnEmployeeNodeUnlocked (FLOBUK.StoreSimulator.NodeData) (at Assets/Systems/EntrepreneurTree/EntrepreneurTreeEmployeeUnlockAdapter.cs:57)
FLOBUK.StoreSimulator.EntrepreneurTreeManager:DispatchTypedNodeUnlocked (FLOBUK.StoreSimulator.NodeData) (at Assets/Systems/EntrepreneurTree/EntrepreneurTreeManager.cs:420)
FLOBUK.StoreSimulator.EntrepreneurTreeManager:AdminUnlockByType (FLOBUK.StoreSimulator.TreeNodeType) (at Assets/Systems/EntrepreneurTree/EntrepreneurTreeManager.cs:470)
FLOBUK.StoreSimulator.Editor.ShopMasterFullRequirementsPhase3Runner:SetupAutomatedCashier (bool) (at Assets/StoreSimulator/Editor/ShopMasterFullRequirementsPhase3Runner.cs:263)
FLOBUK.StoreSimulator.Editor.ShopMasterFullRequirementsPhase3Runner:OnUpdate () (at Assets/StoreSimulator/Editor/ShopMasterFullRequirementsPhase3Runner.cs:65)
UnityEditor.EditorApplication:Internal_CallUpdateFunctions ()

(Filename: Assets/Systems/EntrepreneurTree/EntrepreneurTreeEmployeeUnlockAdapter.cs Line: 57)

[EntrepreneurTree] Employee node unlocked hook fired: employee_15
UnityEngine.Debug:ExtractStackTraceNoAlloc (byte*,int,string)
UnityEngine.StackTraceUtility:ExtractStackTrace ()
UnityEngine.DebugLogHandler:Internal_Log (UnityEngine.LogType,UnityEngine.LogOption,string,UnityEngine.Object)
UnityEngine.DebugLogHandler:LogFormat (UnityEngine.LogType,UnityEngine.Object,string,object[])
UnityEngine.Logger:Log (UnityEngine.LogType,object)
UnityEngine.Debug:Log (object)
FLOBUK.StoreSimulator.EntrepreneurTreeManager:DispatchTypedNodeUnlocked (FLOBUK.StoreSimulator.NodeData) (at Assets/Systems/EntrepreneurTree/EntrepreneurTreeManager.cs:421)
FLOBUK.StoreSimulator.EntrepreneurTreeManager:AdminUnlockByType (FLOBUK.StoreSimulator.TreeNodeType) (at Assets/Systems/EntrepreneurTree/EntrepreneurTreeManager.cs:470)
FLOBUK.StoreSimulator.Editor.ShopMasterFullRequirementsPhase3Runner:SetupAutomatedCashier (bool) (at Assets/StoreSimulator/Editor/ShopMasterFullRequirementsPhase3Runner.cs:263)
FLOBUK.StoreSimulator.Editor.ShopMasterFullRequirementsPhase3Runner:OnUpdate () (at Assets/StoreSimulator/Editor/ShopMasterFullRequirementsPhase3Runner.cs:65)
UnityEditor.EditorApplication:Internal_CallUpdateFunctions ()

(Filename: Assets/Systems/EntrepreneurTree/EntrepreneurTreeManager.cs Line: 421)

[EntrepreneurTree] [AdminMode] Force-unlocked node: employee_15
UnityEngine.Debug:ExtractStackTraceNoAlloc (byte*,int,string)
UnityEngine.StackTraceUtility:ExtractStackTrace ()
UnityEngine.DebugLogHandler:Internal_Log (UnityEngine.LogType,UnityEngine.LogOption,string,UnityEngine.Object)
UnityEngine.DebugLogHandler:LogFormat (UnityEngine.LogType,UnityEngine.Object,string,object[])
UnityEngine.Logger:Log (UnityEngine.LogType,object)
UnityEngine.Debug:Log (object)
FLOBUK.StoreSimulator.EntrepreneurTreeManager:AdminUnlockByType (FLOBUK.StoreSimulator.TreeNodeType) (at Assets/Systems/EntrepreneurTree/EntrepreneurTreeManager.cs:471)
FLOBUK.StoreSimulator.Editor.ShopMasterFullRequirementsPhase3Runner:SetupAutomatedCashier (bool) (at Assets/StoreSimulator/Editor/ShopMasterFullRequirementsPhase3Runner.cs:263)
FLOBUK.StoreSimulator.Editor.ShopMasterFullRequirementsPhase3Runner:OnUpdate () (at Assets/StoreSimulator/Editor/ShopMasterFullRequirementsPhase3Runner.cs:65)
UnityEditor.EditorApplication:Internal_CallUpdateFunctions ()

(Filename: Assets/Systems/EntrepreneurTree/EntrepreneurTreeManager.cs Line: 471)

[EntrepreneurTree] Employee gameplay unlock applied: employee_16
UnityEngine.Debug:ExtractStackTraceNoAlloc (byte*,int,string)
UnityEngine.StackTraceUtility:ExtractStackTrace ()
UnityEngine.DebugLogHandler:Internal_Log (UnityEngine.LogType,UnityEngine.LogOption,string,UnityEngine.Object)
UnityEngine.DebugLogHandler:LogFormat (UnityEngine.LogType,UnityEngine.Object,string,object[])
UnityEngine.Logger:Log (UnityEngine.LogType,object)
UnityEngine.Debug:Log (object)
FLOBUK.StoreSimulator.EntrepreneurTreeEmployeeUnlockAdapter:OnEmployeeNodeUnlocked (FLOBUK.StoreSimulator.NodeData) (at Assets/Systems/EntrepreneurTree/EntrepreneurTreeEmployeeUnlockAdapter.cs:57)
FLOBUK.StoreSimulator.EntrepreneurTreeManager:DispatchTypedNodeUnlocked (FLOBUK.StoreSimulator.NodeData) (at Assets/Systems/EntrepreneurTree/EntrepreneurTreeManager.cs:420)
FLOBUK.StoreSimulator.EntrepreneurTreeManager:AdminUnlockByType (FLOBUK.StoreSimulator.TreeNodeType) (at Assets/Systems/EntrepreneurTree/EntrepreneurTreeManager.cs:470)
FLOBUK.StoreSimulator.Editor.ShopMasterFullRequirementsPhase3Runner:SetupAutomatedCashier (bool) (at Assets/StoreSimulator/Editor/ShopMasterFullRequirementsPhase3Runner.cs:263)
FLOBUK.StoreSimulator.Editor.ShopMasterFullRequirementsPhase3Runner:OnUpdate () (at Assets/StoreSimulator/Editor/ShopMasterFullRequirementsPhase3Runner.cs:65)
UnityEditor.EditorApplication:Internal_CallUpdateFunctions ()

(Filename: Assets/Systems/EntrepreneurTree/EntrepreneurTreeEmployeeUnlockAdapter.cs Line: 57)

[EntrepreneurTree] Employee node unlocked hook fired: employee_16
UnityEngine.Debug:ExtractStackTraceNoAlloc (byte*,int,string)
UnityEngine.StackTraceUtility:ExtractStackTrace ()
UnityEngine.DebugLogHandler:Internal_Log (UnityEngine.LogType,UnityEngine.LogOption,string,UnityEngine.Object)
UnityEngine.DebugLogHandler:LogFormat (UnityEngine.LogType,UnityEngine.Object,string,object[])
UnityEngine.Logger:Log (UnityEngine.LogType,object)
UnityEngine.Debug:Log (object)
FLOBUK.StoreSimulator.EntrepreneurTreeManager:DispatchTypedNodeUnlocked (FLOBUK.StoreSimulator.NodeData) (at Assets/Systems/EntrepreneurTree/EntrepreneurTreeManager.cs:421)
FLOBUK.StoreSimulator.EntrepreneurTreeManager:AdminUnlockByType (FLOBUK.StoreSimulator.TreeNodeType) (at Assets/Systems/EntrepreneurTree/EntrepreneurTreeManager.cs:470)
FLOBUK.StoreSimulator.Editor.ShopMasterFullRequirementsPhase3Runner:SetupAutomatedCashier (bool) (at Assets/StoreSimulator/Editor/ShopMasterFullRequirementsPhase3Runner.cs:263)
FLOBUK.StoreSimulator.Editor.ShopMasterFullRequirementsPhase3Runner:OnUpdate () (at Assets/StoreSimulator/Editor/ShopMasterFullRequirementsPhase3Runner.cs:65)
UnityEditor.EditorApplication:Internal_CallUpdateFunctions ()

(Filename: Assets/Systems/EntrepreneurTree/EntrepreneurTreeManager.cs Line: 421)

[EntrepreneurTree] [AdminMode] Force-unlocked node: employee_16
UnityEngine.Debug:ExtractStackTraceNoAlloc (byte*,int,string)
UnityEngine.StackTraceUtility:ExtractStackTrace ()
UnityEngine.DebugLogHandler:Internal_Log (UnityEngine.LogType,UnityEngine.LogOption,string,UnityEngine.Object)
UnityEngine.DebugLogHandler:LogFormat (UnityEngine.LogType,UnityEngine.Object,string,object[])
UnityEngine.Logger:Log (UnityEngine.LogType,object)
UnityEngine.Debug:Log (object)
FLOBUK.StoreSimulator.EntrepreneurTreeManager:AdminUnlockByType (FLOBUK.StoreSimulator.TreeNodeType) (at Assets/Systems/EntrepreneurTree/EntrepreneurTreeManager.cs:471)
FLOBUK.StoreSimulator.Editor.ShopMasterFullRequirementsPhase3Runner:SetupAutomatedCashier (bool) (at Assets/StoreSimulator/Editor/ShopMasterFullRequirementsPhase3Runner.cs:263)
FLOBUK.StoreSimulator.Editor.ShopMasterFullRequirementsPhase3Runner:OnUpdate () (at Assets/StoreSimulator/Editor/ShopMasterFullRequirementsPhase3Runner.cs:65)
UnityEditor.EditorApplication:Internal_CallUpdateFunctions ()

(Filename: Assets/Systems/EntrepreneurTree/EntrepreneurTreeManager.cs Line: 471)

[EntrepreneurTree] Employee gameplay unlock applied: employee_17
UnityEngine.Debug:ExtractStackTraceNoAlloc (byte*,int,string)
UnityEngine.StackTraceUtility:ExtractStackTrace ()
UnityEngine.DebugLogHandler:Internal_Log (UnityEngine.LogType,UnityEngine.LogOption,string,UnityEngine.Object)
UnityEngine.DebugLogHandler:LogFormat (UnityEngine.LogType,UnityEngine.Object,string,object[])
UnityEngine.Logger:Log (UnityEngine.LogType,object)
UnityEngine.Debug:Log (object)
FLOBUK.StoreSimulator.EntrepreneurTreeEmployeeUnlockAdapter:OnEmployeeNodeUnlocked (FLOBUK.StoreSimulator.NodeData) (at Assets/Systems/EntrepreneurTree/EntrepreneurTreeEmployeeUnlockAdapter.cs:57)
FLOBUK.StoreSimulator.EntrepreneurTreeManager:DispatchTypedNodeUnlocked (FLOBUK.StoreSimulator.NodeData) (at Assets/Systems/EntrepreneurTree/EntrepreneurTreeManager.cs:420)
FLOBUK.StoreSimulator.EntrepreneurTreeManager:AdminUnlockByType (FLOBUK.StoreSimulator.TreeNodeType) (at Assets/Systems/EntrepreneurTree/EntrepreneurTreeManager.cs:470)
FLOBUK.StoreSimulator.Editor.ShopMasterFullRequirementsPhase3Runner:SetupAutomatedCashier (bool) (at Assets/StoreSimulator/Editor/ShopMasterFullRequirementsPhase3Runner.cs:263)
FLOBUK.StoreSimulator.Editor.ShopMasterFullRequirementsPhase3Runner:OnUpdate () (at Assets/StoreSimulator/Editor/ShopMasterFullRequirementsPhase3Runner.cs:65)
UnityEditor.EditorApplication:Internal_CallUpdateFunctions ()

(Filename: Assets/Systems/EntrepreneurTree/EntrepreneurTreeEmployeeUnlockAdapter.cs Line: 57)

[EntrepreneurTree] Employee node unlocked hook fired: employee_17
UnityEngine.Debug:ExtractStackTraceNoAlloc (byte*,int,string)
UnityEngine.StackTraceUtility:ExtractStackTrace ()
UnityEngine.DebugLogHandler:Internal_Log (UnityEngine.LogType,UnityEngine.LogOption,string,UnityEngine.Object)
UnityEngine.DebugLogHandler:LogFormat (UnityEngine.LogType,UnityEngine.Object,string,object[])
UnityEngine.Logger:Log (UnityEngine.LogType,object)
UnityEngine.Debug:Log (object)
FLOBUK.StoreSimulator.EntrepreneurTreeManager:DispatchTypedNodeUnlocked (FLOBUK.StoreSimulator.NodeData) (at Assets/Systems/EntrepreneurTree/EntrepreneurTreeManager.cs:421)
FLOBUK.StoreSimulator.EntrepreneurTreeManager:AdminUnlockByType (FLOBUK.StoreSimulator.TreeNodeType) (at Assets/Systems/EntrepreneurTree/EntrepreneurTreeManager.cs:470)
FLOBUK.StoreSimulator.Editor.ShopMasterFullRequirementsPhase3Runner:SetupAutomatedCashier (bool) (at Assets/StoreSimulator/Editor/ShopMasterFullRequirementsPhase3Runner.cs:263)
FLOBUK.StoreSimulator.Editor.ShopMasterFullRequirementsPhase3Runner:OnUpdate () (at Assets/StoreSimulator/Editor/ShopMasterFullRequirementsPhase3Runner.cs:65)
UnityEditor.EditorApplication:Internal_CallUpdateFunctions ()

(Filename: Assets/Systems/EntrepreneurTree/EntrepreneurTreeManager.cs Line: 421)

[EntrepreneurTree] [AdminMode] Force-unlocked node: employee_17
UnityEngine.Debug:ExtractStackTraceNoAlloc (byte*,int,string)
UnityEngine.StackTraceUtility:ExtractStackTrace ()
UnityEngine.DebugLogHandler:Internal_Log (UnityEngine.LogType,UnityEngine.LogOption,string,UnityEngine.Object)
UnityEngine.DebugLogHandler:LogFormat (UnityEngine.LogType,UnityEngine.Object,string,object[])
UnityEngine.Logger:Log (UnityEngine.LogType,object)
UnityEngine.Debug:Log (object)
FLOBUK.StoreSimulator.EntrepreneurTreeManager:AdminUnlockByType (FLOBUK.StoreSimulator.TreeNodeType) (at Assets/Systems/EntrepreneurTree/EntrepreneurTreeManager.cs:471)
FLOBUK.StoreSimulator.Editor.ShopMasterFullRequirementsPhase3Runner:SetupAutomatedCashier (bool) (at Assets/StoreSimulator/Editor/ShopMasterFullRequirementsPhase3Runner.cs:263)
FLOBUK.StoreSimulator.Editor.ShopMasterFullRequirementsPhase3Runner:OnUpdate () (at Assets/StoreSimulator/Editor/ShopMasterFullRequirementsPhase3Runner.cs:65)
UnityEditor.EditorApplication:Internal_CallUpdateFunctions ()

(Filename: Assets/Systems/EntrepreneurTree/EntrepreneurTreeManager.cs Line: 471)

[EntrepreneurTree] Employee gameplay unlock applied: employee_18
UnityEngine.Debug:ExtractStackTraceNoAlloc (byte*,int,string)
UnityEngine.StackTraceUtility:ExtractStackTrace ()
UnityEngine.DebugLogHandler:Internal_Log (UnityEngine.LogType,UnityEngine.LogOption,string,UnityEngine.Object)
UnityEngine.DebugLogHandler:LogFormat (UnityEngine.LogType,UnityEngine.Object,string,object[])
UnityEngine.Logger:Log (UnityEngine.LogType,object)
UnityEngine.Debug:Log (object)
FLOBUK.StoreSimulator.EntrepreneurTreeEmployeeUnlockAdapter:OnEmployeeNodeUnlocked (FLOBUK.StoreSimulator.NodeData) (at Assets/Systems/EntrepreneurTree/EntrepreneurTreeEmployeeUnlockAdapter.cs:57)
FLOBUK.StoreSimulator.EntrepreneurTreeManager:DispatchTypedNodeUnlocked (FLOBUK.StoreSimulator.NodeData) (at Assets/Systems/EntrepreneurTree/EntrepreneurTreeManager.cs:420)
FLOBUK.StoreSimulator.EntrepreneurTreeManager:AdminUnlockByType (FLOBUK.StoreSimulator.TreeNodeType) (at Assets/Systems/EntrepreneurTree/EntrepreneurTreeManager.cs:470)
FLOBUK.StoreSimulator.Editor.ShopMasterFullRequirementsPhase3Runner:SetupAutomatedCashier (bool) (at Assets/StoreSimulator/Editor/ShopMasterFullRequirementsPhase3Runner.cs:263)
FLOBUK.StoreSimulator.Editor.ShopMasterFullRequirementsPhase3Runner:OnUpdate () (at Assets/StoreSimulator/Editor/ShopMasterFullRequirementsPhase3Runner.cs:65)
UnityEditor.EditorApplication:Internal_CallUpdateFunctions ()

(Filename: Assets/Systems/EntrepreneurTree/EntrepreneurTreeEmployeeUnlockAdapter.cs Line: 57)

[EntrepreneurTree] Employee node unlocked hook fired: employee_18
UnityEngine.Debug:ExtractStackTraceNoAlloc (byte*,int,string)
UnityEngine.StackTraceUtility:ExtractStackTrace ()
UnityEngine.DebugLogHandler:Internal_Log (UnityEngine.LogType,UnityEngine.LogOption,string,UnityEngine.Object)
UnityEngine.DebugLogHandler:LogFormat (UnityEngine.LogType,UnityEngine.Object,string,object[])
UnityEngine.Logger:Log (UnityEngine.LogType,object)
UnityEngine.Debug:Log (object)
FLOBUK.StoreSimulator.EntrepreneurTreeManager:DispatchTypedNodeUnlocked (FLOBUK.StoreSimulator.NodeData) (at Assets/Systems/EntrepreneurTree/EntrepreneurTreeManager.cs:421)
FLOBUK.StoreSimulator.EntrepreneurTreeManager:AdminUnlockByType (FLOBUK.StoreSimulator.TreeNodeType) (at Assets/Systems/EntrepreneurTree/EntrepreneurTreeManager.cs:470)
FLOBUK.StoreSimulator.Editor.ShopMasterFullRequirementsPhase3Runner:SetupAutomatedCashier (bool) (at Assets/StoreSimulator/Editor/ShopMasterFullRequirementsPhase3Runner.cs:263)
FLOBUK.StoreSimulator.Editor.ShopMasterFullRequirementsPhase3Runner:OnUpdate () (at Assets/StoreSimulator/Editor/ShopMasterFullRequirementsPhase3Runner.cs:65)
UnityEditor.EditorApplication:Internal_CallUpdateFunctions ()

(Filename: Assets/Systems/EntrepreneurTree/EntrepreneurTreeManager.cs Line: 421)

[EntrepreneurTree] [AdminMode] Force-unlocked node: employee_18
UnityEngine.Debug:ExtractStackTraceNoAlloc (byte*,int,string)
UnityEngine.StackTraceUtility:ExtractStackTrace ()
UnityEngine.DebugLogHandler:Internal_Log (UnityEngine.LogType,UnityEngine.LogOption,string,UnityEngine.Object)
UnityEngine.DebugLogHandler:LogFormat (UnityEngine.LogType,UnityEngine.Object,string,object[])
UnityEngine.Logger:Log (UnityEngine.LogType,object)
UnityEngine.Debug:Log (object)
FLOBUK.StoreSimulator.EntrepreneurTreeManager:AdminUnlockByType (FLOBUK.StoreSimulator.TreeNodeType) (at Assets/Systems/EntrepreneurTree/EntrepreneurTreeManager.cs:471)
FLOBUK.StoreSimulator.Editor.ShopMasterFullRequirementsPhase3Runner:SetupAutomatedCashier (bool) (at Assets/StoreSimulator/Editor/ShopMasterFullRequirementsPhase3Runner.cs:263)
FLOBUK.StoreSimulator.Editor.ShopMasterFullRequirementsPhase3Runner:OnUpdate () (at Assets/StoreSimulator/Editor/ShopMasterFullRequirementsPhase3Runner.cs:65)
UnityEditor.EditorApplication:Internal_CallUpdateFunctions ()

(Filename: Assets/Systems/EntrepreneurTree/EntrepreneurTreeManager.cs Line: 471)

[EntrepreneurTree] Upgrade gameplay effect applied: upgrade_caffeine
UnityEngine.Debug:ExtractStackTraceNoAlloc (byte*,int,string)
UnityEngine.StackTraceUtility:ExtractStackTrace ()
UnityEngine.DebugLogHandler:Internal_Log (UnityEngine.LogType,UnityEngine.LogOption,string,UnityEngine.Object)
UnityEngine.DebugLogHandler:LogFormat (UnityEngine.LogType,UnityEngine.Object,string,object[])
UnityEngine.Logger:Log (UnityEngine.LogType,object)
UnityEngine.Debug:Log (object)
FLOBUK.StoreSimulator.EntrepreneurTreeUpgradeAdapter:OnUpgradeNodeUnlocked (FLOBUK.StoreSimulator.NodeData) (at Assets/Systems/EntrepreneurTree/EntrepreneurTreeUpgradeAdapter.cs:124)
FLOBUK.StoreSimulator.EntrepreneurTreeManager:DispatchTypedNodeUnlocked (FLOBUK.StoreSimulator.NodeData) (at Assets/Systems/EntrepreneurTree/EntrepreneurTreeManager.cs:428)
FLOBUK.StoreSimulator.EntrepreneurTreeManager:AdminUnlockByType (FLOBUK.StoreSimulator.TreeNodeType) (at Assets/Systems/EntrepreneurTree/EntrepreneurTreeManager.cs:470)
FLOBUK.StoreSimulator.Editor.ShopMasterFullRequirementsPhase3Runner:SetupAutomatedCashier (bool) (at Assets/StoreSimulator/Editor/ShopMasterFullRequirementsPhase3Runner.cs:264)
FLOBUK.StoreSimulator.Editor.ShopMasterFullRequirementsPhase3Runner:OnUpdate () (at Assets/StoreSimulator/Editor/ShopMasterFullRequirementsPhase3Runner.cs:65)
UnityEditor.EditorApplication:Internal_CallUpdateFunctions ()

(Filename: Assets/Systems/EntrepreneurTree/EntrepreneurTreeUpgradeAdapter.cs Line: 124)

[EntrepreneurTree] Upgrade node unlocked hook fired: upgrade_caffeine
UnityEngine.Debug:ExtractStackTraceNoAlloc (byte*,int,string)
UnityEngine.StackTraceUtility:ExtractStackTrace ()
UnityEngine.DebugLogHandler:Internal_Log (UnityEngine.LogType,UnityEngine.LogOption,string,UnityEngine.Object)
UnityEngine.DebugLogHandler:LogFormat (UnityEngine.LogType,UnityEngine.Object,string,object[])
UnityEngine.Logger:Log (UnityEngine.LogType,object)
UnityEngine.Debug:Log (object)
FLOBUK.StoreSimulator.EntrepreneurTreeManager:DispatchTypedNodeUnlocked (FLOBUK.StoreSimulator.NodeData) (at Assets/Systems/EntrepreneurTree/EntrepreneurTreeManager.cs:429)
FLOBUK.StoreSimulator.EntrepreneurTreeManager:AdminUnlockByType (FLOBUK.StoreSimulator.TreeNodeType) (at Assets/Systems/EntrepreneurTree/EntrepreneurTreeManager.cs:470)
FLOBUK.StoreSimulator.Editor.ShopMasterFullRequirementsPhase3Runner:SetupAutomatedCashier (bool) (at Assets/StoreSimulator/Editor/ShopMasterFullRequirementsPhase3Runner.cs:264)
FLOBUK.StoreSimulator.Editor.ShopMasterFullRequirementsPhase3Runner:OnUpdate () (at Assets/StoreSimulator/Editor/ShopMasterFullRequirementsPhase3Runner.cs:65)
UnityEditor.EditorApplication:Internal_CallUpdateFunctions ()

(Filename: Assets/Systems/EntrepreneurTree/EntrepreneurTreeManager.cs Line: 429)

[EntrepreneurTree] [AdminMode] Force-unlocked node: upgrade_caffeine
UnityEngine.Debug:ExtractStackTraceNoAlloc (byte*,int,string)
UnityEngine.StackTraceUtility:ExtractStackTrace ()
UnityEngine.DebugLogHandler:Internal_Log (UnityEngine.LogType,UnityEngine.LogOption,string,UnityEngine.Object)
UnityEngine.DebugLogHandler:LogFormat (UnityEngine.LogType,UnityEngine.Object,string,object[])
UnityEngine.Logger:Log (UnityEngine.LogType,object)
UnityEngine.Debug:Log (object)
FLOBUK.StoreSimulator.EntrepreneurTreeManager:AdminUnlockByType (FLOBUK.StoreSimulator.TreeNodeType) (at Assets/Systems/EntrepreneurTree/EntrepreneurTreeManager.cs:471)
FLOBUK.StoreSimulator.Editor.ShopMasterFullRequirementsPhase3Runner:SetupAutomatedCashier (bool) (at Assets/StoreSimulator/Editor/ShopMasterFullRequirementsPhase3Runner.cs:264)
FLOBUK.StoreSimulator.Editor.ShopMasterFullRequirementsPhase3Runner:OnUpdate () (at Assets/StoreSimulator/Editor/ShopMasterFullRequirementsPhase3Runner.cs:65)
UnityEditor.EditorApplication:Internal_CallUpdateFunctions ()

(Filename: Assets/Systems/EntrepreneurTree/EntrepreneurTreeManager.cs Line: 471)

[EntrepreneurTree] Upgrade gameplay effect applied: upgrade_charismatic
UnityEngine.Debug:ExtractStackTraceNoAlloc (byte*,int,string)
UnityEngine.StackTraceUtility:ExtractStackTrace ()
UnityEngine.DebugLogHandler:Internal_Log (UnityEngine.LogType,UnityEngine.LogOption,string,UnityEngine.Object)
UnityEngine.DebugLogHandler:LogFormat (UnityEngine.LogType,UnityEngine.Object,string,object[])
UnityEngine.Logger:Log (UnityEngine.LogType,object)
UnityEngine.Debug:Log (object)
FLOBUK.StoreSimulator.EntrepreneurTreeUpgradeAdapter:OnUpgradeNodeUnlocked (FLOBUK.StoreSimulator.NodeData) (at Assets/Systems/EntrepreneurTree/EntrepreneurTreeUpgradeAdapter.cs:124)
FLOBUK.StoreSimulator.EntrepreneurTreeManager:DispatchTypedNodeUnlocked (FLOBUK.StoreSimulator.NodeData) (at Assets/Systems/EntrepreneurTree/EntrepreneurTreeManager.cs:428)
FLOBUK.StoreSimulator.EntrepreneurTreeManager:AdminUnlockByType (FLOBUK.StoreSimulator.TreeNodeType) (at Assets/Systems/EntrepreneurTree/EntrepreneurTreeManager.cs:470)
FLOBUK.StoreSimulator.Editor.ShopMasterFullRequirementsPhase3Runner:SetupAutomatedCashier (bool) (at Assets/StoreSimulator/Editor/ShopMasterFullRequirementsPhase3Runner.cs:264)
FLOBUK.StoreSimulator.Editor.ShopMasterFullRequirementsPhase3Runner:OnUpdate () (at Assets/StoreSimulator/Editor/ShopMasterFullRequirementsPhase3Runner.cs:65)
UnityEditor.EditorApplication:Internal_CallUpdateFunctions ()

(Filename: Assets/Systems/EntrepreneurTree/EntrepreneurTreeUpgradeAdapter.cs Line: 124)

[EntrepreneurTree] Upgrade node unlocked hook fired: upgrade_charismatic
UnityEngine.Debug:ExtractStackTraceNoAlloc (byte*,int,string)
UnityEngine.StackTraceUtility:ExtractStackTrace ()
UnityEngine.DebugLogHandler:Internal_Log (UnityEngine.LogType,UnityEngine.LogOption,string,UnityEngine.Object)
UnityEngine.DebugLogHandler:LogFormat (UnityEngine.LogType,UnityEngine.Object,string,object[])
UnityEngine.Logger:Log (UnityEngine.LogType,object)
UnityEngine.Debug:Log (object)
FLOBUK.StoreSimulator.EntrepreneurTreeManager:DispatchTypedNodeUnlocked (FLOBUK.StoreSimulator.NodeData) (at Assets/Systems/EntrepreneurTree/EntrepreneurTreeManager.cs:429)
FLOBUK.StoreSimulator.EntrepreneurTreeManager:AdminUnlockByType (FLOBUK.StoreSimulator.TreeNodeType) (at Assets/Systems/EntrepreneurTree/EntrepreneurTreeManager.cs:470)
FLOBUK.StoreSimulator.Editor.ShopMasterFullRequirementsPhase3Runner:SetupAutomatedCashier (bool) (at Assets/StoreSimulator/Editor/ShopMasterFullRequirementsPhase3Runner.cs:264)
FLOBUK.StoreSimulator.Editor.ShopMasterFullRequirementsPhase3Runner:OnUpdate () (at Assets/StoreSimulator/Editor/ShopMasterFullRequirementsPhase3Runner.cs:65)
UnityEditor.EditorApplication:Internal_CallUpdateFunctions ()

(Filename: Assets/Systems/EntrepreneurTree/EntrepreneurTreeManager.cs Line: 429)

[EntrepreneurTree] [AdminMode] Force-unlocked node: upgrade_charismatic
UnityEngine.Debug:ExtractStackTraceNoAlloc (byte*,int,string)
UnityEngine.StackTraceUtility:ExtractStackTrace ()
UnityEngine.DebugLogHandler:Internal_Log (UnityEngine.LogType,UnityEngine.LogOption,string,UnityEngine.Object)
UnityEngine.DebugLogHandler:LogFormat (UnityEngine.LogType,UnityEngine.Object,string,object[])
UnityEngine.Logger:Log (UnityEngine.LogType,object)
UnityEngine.Debug:Log (object)
FLOBUK.StoreSimulator.EntrepreneurTreeManager:AdminUnlockByType (FLOBUK.StoreSimulator.TreeNodeType) (at Assets/Systems/EntrepreneurTree/EntrepreneurTreeManager.cs:471)
FLOBUK.StoreSimulator.Editor.ShopMasterFullRequirementsPhase3Runner:SetupAutomatedCashier (bool) (at Assets/StoreSimulator/Editor/ShopMasterFullRequirementsPhase3Runner.cs:264)
FLOBUK.StoreSimulator.Editor.ShopMasterFullRequirementsPhase3Runner:OnUpdate () (at Assets/StoreSimulator/Editor/ShopMasterFullRequirementsPhase3Runner.cs:65)
UnityEditor.EditorApplication:Internal_CallUpdateFunctions ()

(Filename: Assets/Systems/EntrepreneurTree/EntrepreneurTreeManager.cs Line: 471)

[EmployeeApp] Employee hired: #1 cost=$250.00 role=Cashier.
UnityEngine.Debug:ExtractStackTraceNoAlloc (byte*,int,string)
UnityEngine.StackTraceUtility:ExtractStackTrace ()
UnityEngine.DebugLogHandler:Internal_Log (UnityEngine.LogType,UnityEngine.LogOption,string,UnityEngine.Object)
UnityEngine.DebugLogHandler:LogFormat (UnityEngine.LogType,UnityEngine.Object,string,object[])
UnityEngine.Logger:Log (UnityEngine.LogType,object)
UnityEngine.Debug:Log (object)
FLOBUK.StoreSimulator.EntrepreneurEmployeeSystem:TryHireEmployee (int,string&) (at Assets/Systems/EntrepreneurTree/EntrepreneurEmployeeSystem.cs:192)
FLOBUK.StoreSimulator.Editor.ShopMasterFullRequirementsPhase3Runner:SetupAutomatedCashier (bool) (at Assets/StoreSimulator/Editor/ShopMasterFullRequirementsPhase3Runner.cs:269)
FLOBUK.StoreSimulator.Editor.ShopMasterFullRequirementsPhase3Runner:OnUpdate () (at Assets/StoreSimulator/Editor/ShopMasterFullRequirementsPhase3Runner.cs:65)
UnityEditor.EditorApplication:Internal_CallUpdateFunctions ()

(Filename: Assets/Systems/EntrepreneurTree/EntrepreneurEmployeeSystem.cs Line: 192)

[EmployeeNPC] === NPC Spawn Diagnostics ===
  employeeId   : 1
  role         : Cashier
  prefab       : Customer_A
  spawnPos     : (9.99, 0.08, 4.16)
  finalPos     : (9.99, 0.08, 4.16)
  scale        : (1.00, 1.00, 1.00)
  renderers    : 1/1 active
  parentActive : True
  npcActive    : True (hierarchy=True)
  NavMeshAgent : present=True enabled=True onMesh=True pathStatus=PathComplete
  workstationId: <none>
  camDist      : 11.0m
UnityEngine.Debug:ExtractStackTraceNoAlloc (byte*,int,string)
UnityEngine.StackTraceUtility:ExtractStackTrace ()
UnityEngine.DebugLogHandler:Internal_Log (UnityEngine.LogType,UnityEngine.LogOption,string,UnityEngine.Object)
UnityEngine.DebugLogHandler:LogFormat (UnityEngine.LogType,UnityEngine.Object,string,object[])
UnityEngine.Logger:Log (UnityEngine.LogType,object)
UnityEngine.Debug:Log (object)
FLOBUK.StoreSimulator.EmployeeNPCSpawner:LogSpawnDiagnostics (int,string,UnityEngine.Vector3,UnityEngine.GameObject,FLOBUK.StoreSimulator.EmployeeRole,string) (at Assets/Systems/EntrepreneurTree/EmployeeNPCSpawner.cs:474)
FLOBUK.StoreSimulator.EmployeeNPCSpawner:SpawnOrRefresh (int) (at Assets/Systems/EntrepreneurTree/EmployeeNPCSpawner.cs:395)
FLOBUK.StoreSimulator.EmployeeNPCSpawner:OnEmployeeHired (int) (at Assets/Systems/EntrepreneurTree/EmployeeNPCSpawner.cs:261)
FLOBUK.StoreSimulator.EntrepreneurEmployeeSystem:TryHireEmployee (int,string&) (at Assets/Systems/EntrepreneurTree/EntrepreneurEmployeeSystem.cs:195)
FLOBUK.StoreSimulator.Editor.ShopMasterFullRequirementsPhase3Runner:SetupAutomatedCashier (bool) (at Assets/StoreSimulator/Editor/ShopMasterFullRequirementsPhase3Runner.cs:269)
FLOBUK.StoreSimulator.Editor.ShopMasterFullRequirementsPhase3Runner:OnUpdate () (at Assets/StoreSimulator/Editor/ShopMasterFullRequirementsPhase3Runner.cs:65)
UnityEditor.EditorApplication:Internal_CallUpdateFunctions ()

(Filename: Assets/Systems/EntrepreneurTree/EmployeeNPCSpawner.cs Line: 474)

[Workstation] Station 'cashier_station_0' assigned to employee #1
UnityEngine.Debug:ExtractStackTraceNoAlloc (byte*,int,string)
UnityEngine.StackTraceUtility:ExtractStackTrace ()
UnityEngine.DebugLogHandler:Internal_Log (UnityEngine.LogType,UnityEngine.LogOption,string,UnityEngine.Object)
UnityEngine.DebugLogHandler:LogFormat (UnityEngine.LogType,UnityEngine.Object,string,object[])
UnityEngine.Logger:Log (UnityEngine.LogType,object)
UnityEngine.Debug:Log (object)
FLOBUK.StoreSimulator.EmployeeWorkstation:TryAssign (int) (at Assets/Systems/EntrepreneurTree/EmployeeWorkstation.cs:95)
FLOBUK.StoreSimulator.EmployeeWorkstationRegistry:TryAutoAssign (int,FLOBUK.StoreSimulator.EmployeeWorkstationType,string&) (at Assets/Systems/EntrepreneurTree/EmployeeWorkstationRegistry.cs:143)
FLOBUK.StoreSimulator.EmployeeWorkstationRegistry:OnEmployeeRoleChanged (int,FLOBUK.StoreSimulator.EmployeeRole) (at Assets/Systems/EntrepreneurTree/EmployeeWorkstationRegistry.cs:359)
FLOBUK.StoreSimulator.EntrepreneurEmployeeSystem:TryHireEmployee (int,string&) (at Assets/Systems/EntrepreneurTree/EntrepreneurEmployeeSystem.cs:196)
FLOBUK.StoreSimulator.Editor.ShopMasterFullRequirementsPhase3Runner:SetupAutomatedCashier (bool) (at Assets/StoreSimulator/Editor/ShopMasterFullRequirementsPhase3Runner.cs:269)
FLOBUK.StoreSimulator.Editor.ShopMasterFullRequirementsPhase3Runner:OnUpdate () (at Assets/StoreSimulator/Editor/ShopMasterFullRequirementsPhase3Runner.cs:65)
UnityEditor.EditorApplication:Internal_CallUpdateFunctions ()

(Filename: Assets/Systems/EntrepreneurTree/EmployeeWorkstation.cs Line: 95)

[WorkstationReg] Auto-assigned employee #1 to station 'cashier_station_0'.
UnityEngine.Debug:ExtractStackTraceNoAlloc (byte*,int,string)
UnityEngine.StackTraceUtility:ExtractStackTrace ()
UnityEngine.DebugLogHandler:Internal_Log (UnityEngine.LogType,UnityEngine.LogOption,string,UnityEngine.Object)
UnityEngine.DebugLogHandler:LogFormat (UnityEngine.LogType,UnityEngine.Object,string,object[])
UnityEngine.Logger:Log (UnityEngine.LogType,object)
UnityEngine.Debug:Log (object)
FLOBUK.StoreSimulator.EmployeeWorkstationRegistry:TryAutoAssign (int,FLOBUK.StoreSimulator.EmployeeWorkstationType,string&) (at Assets/Systems/EntrepreneurTree/EmployeeWorkstationRegistry.cs:147)
FLOBUK.StoreSimulator.EmployeeWorkstationRegistry:OnEmployeeRoleChanged (int,FLOBUK.StoreSimulator.EmployeeRole) (at Assets/Systems/EntrepreneurTree/EmployeeWorkstationRegistry.cs:359)
FLOBUK.StoreSimulator.EntrepreneurEmployeeSystem:TryHireEmployee (int,string&) (at Assets/Systems/EntrepreneurTree/EntrepreneurEmployeeSystem.cs:196)
FLOBUK.StoreSimulator.Editor.ShopMasterFullRequirementsPhase3Runner:SetupAutomatedCashier (bool) (at Assets/StoreSimulator/Editor/ShopMasterFullRequirementsPhase3Runner.cs:269)
FLOBUK.StoreSimulator.Editor.ShopMasterFullRequirementsPhase3Runner:OnUpdate () (at Assets/StoreSimulator/Editor/ShopMasterFullRequirementsPhase3Runner.cs:65)
UnityEditor.EditorApplication:Internal_CallUpdateFunctions ()

(Filename: Assets/Systems/EntrepreneurTree/EmployeeWorkstationRegistry.cs Line: 147)

[EmployeeNPC] Employee #1 walking to workstation 'cashier_station_0' at (2.50, 0.08, 10.00).
UnityEngine.Debug:ExtractStackTraceNoAlloc (byte*,int,string)
UnityEngine.StackTraceUtility:ExtractStackTrace ()
UnityEngine.DebugLogHandler:Internal_Log (UnityEngine.LogType,UnityEngine.LogOption,string,UnityEngine.Object)
UnityEngine.DebugLogHandler:LogFormat (UnityEngine.LogType,UnityEngine.Object,string,object[])
UnityEngine.Logger:Log (UnityEngine.LogType,object)
UnityEngine.Debug:Log (object)
FLOBUK.StoreSimulator.EmployeeNPCSpawner:MoveNPCToWorkstation (int) (at Assets/Systems/EntrepreneurTree/EmployeeNPCSpawner.cs:578)
FLOBUK.StoreSimulator.EmployeeNPCSpawner:RefreshNPCPosition (int) (at Assets/Systems/EntrepreneurTree/EmployeeNPCSpawner.cs:126)
FLOBUK.StoreSimulator.EmployeeWorkstationRegistry:TryAutoAssign (int,FLOBUK.StoreSimulator.EmployeeWorkstationType,string&) (at Assets/Systems/EntrepreneurTree/EmployeeWorkstationRegistry.cs:149)
FLOBUK.StoreSimulator.EmployeeWorkstationRegistry:OnEmployeeRoleChanged (int,FLOBUK.StoreSimulator.EmployeeRole) (at Assets/Systems/EntrepreneurTree/EmployeeWorkstationRegistry.cs:359)
FLOBUK.StoreSimulator.EntrepreneurEmployeeSystem:TryHireEmployee (int,string&) (at Assets/Systems/EntrepreneurTree/EntrepreneurEmployeeSystem.cs:196)
FLOBUK.StoreSimulator.Editor.ShopMasterFullRequirementsPhase3Runner:SetupAutomatedCashier (bool) (at Assets/StoreSimulator/Editor/ShopMasterFullRequirementsPhase3Runner.cs:269)
FLOBUK.StoreSimulator.Editor.ShopMasterFullRequirementsPhase3Runner:OnUpdate () (at Assets/StoreSimulator/Editor/ShopMasterFullRequirementsPhase3Runner.cs:65)
UnityEditor.EditorApplication:Internal_CallUpdateFunctions ()

(Filename: Assets/Systems/EntrepreneurTree/EmployeeNPCSpawner.cs Line: 578)

[CashierAI] Serving customer at CashDesk in 2.0s.
UnityEngine.Debug:ExtractStackTraceNoAlloc (byte*,int,string)
UnityEngine.StackTraceUtility:ExtractStackTrace ()
UnityEngine.DebugLogHandler:Internal_Log (UnityEngine.LogType,UnityEngine.LogOption,string,UnityEngine.Object)
UnityEngine.DebugLogHandler:LogFormat (UnityEngine.LogType,UnityEngine.Object,string,object[])
UnityEngine.Logger:Log (UnityEngine.LogType,object)
UnityEngine.Debug:Log (object)
FLOBUK.StoreSimulator.CashDesk/<AutomatedCheckout>d__28:MoveNext () (at Assets/StoreSimulator/Scripts/CashDesk.cs:333)
UnityEngine.SetupCoroutine:InvokeMoveNext (System.Collections.IEnumerator,intptr)
UnityEngine.MonoBehaviour:StartCoroutineManaged2 (System.Collections.IEnumerator)
UnityEngine.MonoBehaviour:StartCoroutine (System.Collections.IEnumerator)
FLOBUK.StoreSimulator.CashDesk:TryStartAutomatedCheckout (single) (at Assets/StoreSimulator/Scripts/CashDesk.cs:281)
FLOBUK.StoreSimulator.Editor.ShopMasterFullRequirementsPhase3Runner:SetupAutomatedCashier (bool) (at Assets/StoreSimulator/Editor/ShopMasterFullRequirementsPhase3Runner.cs:281)
FLOBUK.StoreSimulator.Editor.ShopMasterFullRequirementsPhase3Runner:OnUpdate () (at Assets/StoreSimulator/Editor/ShopMasterFullRequirementsPhase3Runner.cs:65)
UnityEditor.EditorApplication:Internal_CallUpdateFunctions ()

(Filename: Assets/StoreSimulator/Scripts/CashDesk.cs Line: 333)

The character with Unicode value \U0001F49A was not found in the [LiberationSans SDF] font asset or any potential fallbacks. It was replaced by Unicode character \u25A1 in text object [Legend].
UnityEngine.Debug:ExtractStackTraceNoAlloc (byte*,int,string)
UnityEngine.StackTraceUtility:ExtractStackTrace ()
UnityEngine.DebugLogHandler:Internal_Log (UnityEngine.LogType,UnityEngine.LogOption,string,UnityEngine.Object)
UnityEngine.DebugLogHandler:LogFormat (UnityEngine.LogType,UnityEngine.Object,string,object[])
UnityEngine.Logger:Log (UnityEngine.LogType,object,UnityEngine.Object)
UnityEngine.Debug:LogWarning (object,UnityEngine.Object)
TMPro.TextMeshProUGUI:SetArraySizes (TMPro.TMP_Text/TextProcessingElement[]) (at ./Library/PackageCache/com.unity.ugui@603b5c2e4e5a/Runtime/TMP/TextMeshProUGUI.cs:2005)
TMPro.TMP_Text:ParseInputText () (at ./Library/PackageCache/com.unity.ugui@603b5c2e4e5a/Runtime/TMP/TMP_Text.cs:2017)
TMPro.TextMeshProUGUI:OnPreRenderCanvas () (at ./Library/PackageCache/com.unity.ugui@603b5c2e4e5a/Runtime/TMP/TextMeshProUGUI.cs:2471)
TMPro.TextMeshProUGUI:Rebuild (UnityEngine.UI.CanvasUpdate) (at ./Library/PackageCache/com.unity.ugui@603b5c2e4e5a/Runtime/TMP/TextMeshProUGUI.cs:227)
UnityEngine.UI.CanvasUpdateRegistry:PerformUpdate () (at ./Library/PackageCache/com.unity.ugui@603b5c2e4e5a/Runtime/UGUI/UI/Core/CanvasUpdateRegistry.cs:215)
UnityEngine.Canvas:SendWillRenderCanvases ()
UnityEngine.Canvas:ForceUpdateCanvases ()
UnityEngine.UI.ScrollRect:EnsureLayoutHasRebuilt () (at ./Library/PackageCache/com.unity.ugui@603b5c2e4e5a/Runtime/UGUI/UI/Core/ScrollRect.cs:636)
UnityEngine.UI.ScrollRect:LateUpdate () (at ./Library/PackageCache/com.unity.ugui@603b5c2e4e5a/Runtime/UGUI/UI/Core/ScrollRect.cs:834)

(Filename: ./Library/PackageCache/com.unity.ugui@603b5c2e4e5a/Runtime/TMP/TextMeshProUGUI.cs Line: 2005)

The character with Unicode value \U0001F7E1 was not found in the [LiberationSans SDF] font asset or any potential fallbacks. It was replaced by Unicode character \u25A1 in text object [Legend].
UnityEngine.Debug:ExtractStackTraceNoAlloc (byte*,int,string)
UnityEngine.StackTraceUtility:ExtractStackTrace ()
UnityEngine.DebugLogHandler:Internal_Log (UnityEngine.LogType,UnityEngine.LogOption,string,UnityEngine.Object)
UnityEngine.DebugLogHandler:LogFormat (UnityEngine.LogType,UnityEngine.Object,string,object[])
UnityEngine.Logger:Log (UnityEngine.LogType,object,UnityEngine.Object)
UnityEngine.Debug:LogWarning (object,UnityEngine.Object)
TMPro.TextMeshProUGUI:SetArraySizes (TMPro.TMP_Text/TextProcessingElement[]) (at ./Library/PackageCache/com.unity.ugui@603b5c2e4e5a/Runtime/TMP/TextMeshProUGUI.cs:2005)
TMPro.TMP_Text:ParseInputText () (at ./Library/PackageCache/com.unity.ugui@603b5c2e4e5a/Runtime/TMP/TMP_Text.cs:2017)
TMPro.TextMeshProUGUI:OnPreRenderCanvas () (at ./Library/PackageCache/com.unity.ugui@603b5c2e4e5a/Runtime/TMP/TextMeshProUGUI.cs:2471)
TMPro.TextMeshProUGUI:Rebuild (UnityEngine.UI.CanvasUpdate) (at ./Library/PackageCache/com.unity.ugui@603b5c2e4e5a/Runtime/TMP/TextMeshProUGUI.cs:227)
UnityEngine.UI.CanvasUpdateRegistry:PerformUpdate () (at ./Library/PackageCache/com.unity.ugui@603b5c2e4e5a/Runtime/UGUI/UI/Core/CanvasUpdateRegistry.cs:215)
UnityEngine.Canvas:SendWillRenderCanvases ()
UnityEngine.Canvas:ForceUpdateCanvases ()
UnityEngine.UI.ScrollRect:EnsureLayoutHasRebuilt () (at ./Library/PackageCache/com.unity.ugui@603b5c2e4e5a/Runtime/UGUI/UI/Core/ScrollRect.cs:636)
UnityEngine.UI.ScrollRect:LateUpdate () (at ./Library/PackageCache/com.unity.ugui@603b5c2e4e5a/Runtime/UGUI/UI/Core/ScrollRect.cs:834)

(Filename: ./Library/PackageCache/com.unity.ugui@603b5c2e4e5a/Runtime/TMP/TextMeshProUGUI.cs Line: 2005)

The character with Unicode value \U0001F534 was not found in the [LiberationSans SDF] font asset or any potential fallbacks. It was replaced by Unicode character \u25A1 in text object [Legend].
UnityEngine.Debug:ExtractStackTraceNoAlloc (byte*,int,string)
UnityEngine.StackTraceUtility:ExtractStackTrace ()
UnityEngine.DebugLogHandler:Internal_Log (UnityEngine.LogType,UnityEngine.LogOption,string,UnityEngine.Object)
UnityEngine.DebugLogHandler:LogFormat (UnityEngine.LogType,UnityEngine.Object,string,object[])
UnityEngine.Logger:Log (UnityEngine.LogType,object,UnityEngine.Object)
UnityEngine.Debug:LogWarning (object,UnityEngine.Object)
TMPro.TextMeshProUGUI:SetArraySizes (TMPro.TMP_Text/TextProcessingElement[]) (at ./Library/PackageCache/com.unity.ugui@603b5c2e4e5a/Runtime/TMP/TextMeshProUGUI.cs:2005)
TMPro.TMP_Text:ParseInputText () (at ./Library/PackageCache/com.unity.ugui@603b5c2e4e5a/Runtime/TMP/TMP_Text.cs:2017)
TMPro.TextMeshProUGUI:OnPreRenderCanvas () (at ./Library/PackageCache/com.unity.ugui@603b5c2e4e5a/Runtime/TMP/TextMeshProUGUI.cs:2471)
TMPro.TextMeshProUGUI:Rebuild (UnityEngine.UI.CanvasUpdate) (at ./Library/PackageCache/com.unity.ugui@603b5c2e4e5a/Runtime/TMP/TextMeshProUGUI.cs:227)
UnityEngine.UI.CanvasUpdateRegistry:PerformUpdate () (at ./Library/PackageCache/com.unity.ugui@603b5c2e4e5a/Runtime/UGUI/UI/Core/CanvasUpdateRegistry.cs:215)
UnityEngine.Canvas:SendWillRenderCanvases ()
UnityEngine.Canvas:ForceUpdateCanvases ()
UnityEngine.UI.ScrollRect:EnsureLayoutHasRebuilt () (at ./Library/PackageCache/com.unity.ugui@603b5c2e4e5a/Runtime/UGUI/UI/Core/ScrollRect.cs:636)
UnityEngine.UI.ScrollRect:LateUpdate () (at ./Library/PackageCache/com.unity.ugui@603b5c2e4e5a/Runtime/UGUI/UI/Core/ScrollRect.cs:834)

(Filename: ./Library/PackageCache/com.unity.ugui@603b5c2e4e5a/Runtime/TMP/TextMeshProUGUI.cs Line: 2005)

The character with Unicode value \U0001F535 was not found in the [LiberationSans SDF] font asset or any potential fallbacks. It was replaced by Unicode character \u25A1 in text object [Legend].
UnityEngine.Debug:ExtractStackTraceNoAlloc (byte*,int,string)
UnityEngine.StackTraceUtility:ExtractStackTrace ()
UnityEngine.DebugLogHandler:Internal_Log (UnityEngine.LogType,UnityEngine.LogOption,string,UnityEngine.Object)
UnityEngine.DebugLogHandler:LogFormat (UnityEngine.LogType,UnityEngine.Object,string,object[])
UnityEngine.Logger:Log (UnityEngine.LogType,object,UnityEngine.Object)
UnityEngine.Debug:LogWarning (object,UnityEngine.Object)
TMPro.TextMeshProUGUI:SetArraySizes (TMPro.TMP_Text/TextProcessingElement[]) (at ./Library/PackageCache/com.unity.ugui@603b5c2e4e5a/Runtime/TMP/TextMeshProUGUI.cs:2005)
TMPro.TMP_Text:ParseInputText () (at ./Library/PackageCache/com.unity.ugui@603b5c2e4e5a/Runtime/TMP/TMP_Text.cs:2017)
TMPro.TextMeshProUGUI:OnPreRenderCanvas () (at ./Library/PackageCache/com.unity.ugui@603b5c2e4e5a/Runtime/TMP/TextMeshProUGUI.cs:2471)
TMPro.TextMeshProUGUI:Rebuild (UnityEngine.UI.CanvasUpdate) (at ./Library/PackageCache/com.unity.ugui@603b5c2e4e5a/Runtime/TMP/TextMeshProUGUI.cs:227)
UnityEngine.UI.CanvasUpdateRegistry:PerformUpdate () (at ./Library/PackageCache/com.unity.ugui@603b5c2e4e5a/Runtime/UGUI/UI/Core/CanvasUpdateRegistry.cs:215)
UnityEngine.Canvas:SendWillRenderCanvases ()
UnityEngine.Canvas:ForceUpdateCanvases ()
UnityEngine.UI.ScrollRect:EnsureLayoutHasRebuilt () (at ./Library/PackageCache/com.unity.ugui@603b5c2e4e5a/Runtime/UGUI/UI/Core/ScrollRect.cs:636)
UnityEngine.UI.ScrollRect:LateUpdate () (at ./Library/PackageCache/com.unity.ugui@603b5c2e4e5a/Runtime/UGUI/UI/Core/ScrollRect.cs:834)

(Filename: ./Library/PackageCache/com.unity.ugui@603b5c2e4e5a/Runtime/TMP/TextMeshProUGUI.cs Line: 2005)

The character with Unicode value \U0001F49A was not found in the [LiberationSans SDF] font asset or any potential fallbacks. It was replaced by Unicode character \u25A1 in text object [Status].
UnityEngine.Debug:ExtractStackTraceNoAlloc (byte*,int,string)
UnityEngine.StackTraceUtility:ExtractStackTrace ()
UnityEngine.DebugLogHandler:Internal_Log (UnityEngine.LogType,UnityEngine.LogOption,string,UnityEngine.Object)
UnityEngine.DebugLogHandler:LogFormat (UnityEngine.LogType,UnityEngine.Object,string,object[])
UnityEngine.Logger:Log (UnityEngine.LogType,object,UnityEngine.Object)
UnityEngine.Debug:LogWarning (object,UnityEngine.Object)
TMPro.TextMeshProUGUI:SetArraySizes (TMPro.TMP_Text/TextProcessingElement[]) (at ./Library/PackageCache/com.unity.ugui@603b5c2e4e5a/Runtime/TMP/TextMeshProUGUI.cs:2005)
TMPro.TMP_Text:ParseInputText () (at ./Library/PackageCache/com.unity.ugui@603b5c2e4e5a/Runtime/TMP/TMP_Text.cs:2017)
TMPro.TextMeshProUGUI:OnPreRenderCanvas () (at ./Library/PackageCache/com.unity.ugui@603b5c2e4e5a/Runtime/TMP/TextMeshProUGUI.cs:2471)
TMPro.TextMeshProUGUI:Rebuild (UnityEngine.UI.CanvasUpdate) (at ./Library/PackageCache/com.unity.ugui@603b5c2e4e5a/Runtime/TMP/TextMeshProUGUI.cs:227)
UnityEngine.UI.CanvasUpdateRegistry:PerformUpdate () (at ./Library/PackageCache/com.unity.ugui@603b5c2e4e5a/Runtime/UGUI/UI/Core/CanvasUpdateRegistry.cs:215)
UnityEngine.Canvas:SendWillRenderCanvases ()
UnityEngine.Canvas:ForceUpdateCanvases ()
UnityEngine.UI.ScrollRect:EnsureLayoutHasRebuilt () (at ./Library/PackageCache/com.unity.ugui@603b5c2e4e5a/Runtime/UGUI/UI/Core/ScrollRect.cs:636)
UnityEngine.UI.ScrollRect:LateUpdate () (at ./Library/PackageCache/com.unity.ugui@603b5c2e4e5a/Runtime/UGUI/UI/Core/ScrollRect.cs:834)

(Filename: ./Library/PackageCache/com.unity.ugui@603b5c2e4e5a/Runtime/TMP/TextMeshProUGUI.cs Line: 2005)

The character with Unicode value \U0001F49A was not found in the [LiberationSans SDF] font asset or any potential fallbacks. It was replaced by Unicode character \u25A1 in text object [Status].
UnityEngine.Debug:ExtractStackTraceNoAlloc (byte*,int,string)
UnityEngine.StackTraceUtility:ExtractStackTrace ()
UnityEngine.DebugLogHandler:Internal_Log (UnityEngine.LogType,UnityEngine.LogOption,string,UnityEngine.Object)
UnityEngine.DebugLogHandler:LogFormat (UnityEngine.LogType,UnityEngine.Object,string,object[])
UnityEngine.Logger:Log (UnityEngine.LogType,object,UnityEngine.Object)
UnityEngine.Debug:LogWarning (object,UnityEngine.Object)
TMPro.TextMeshProUGUI:SetArraySizes (TMPro.TMP_Text/TextProcessingElement[]) (at ./Library/PackageCache/com.unity.ugui@603b5c2e4e5a/Runtime/TMP/TextMeshProUGUI.cs:2005)
TMPro.TMP_Text:ParseInputText () (at ./Library/PackageCache/com.unity.ugui@603b5c2e4e5a/Runtime/TMP/TMP_Text.cs:2017)
TMPro.TextMeshProUGUI:OnPreRenderCanvas () (at ./Library/PackageCache/com.unity.ugui@603b5c2e4e5a/Runtime/TMP/TextMeshProUGUI.cs:2471)
TMPro.TextMeshProUGUI:Rebuild (UnityEngine.UI.CanvasUpdate) (at ./Library/PackageCache/com.unity.ugui@603b5c2e4e5a/Runtime/TMP/TextMeshProUGUI.cs:227)
UnityEngine.UI.CanvasUpdateRegistry:PerformUpdate () (at ./Library/PackageCache/com.unity.ugui@603b5c2e4e5a/Runtime/UGUI/UI/Core/CanvasUpdateRegistry.cs:215)
UnityEngine.Canvas:SendWillRenderCanvases ()
UnityEngine.Canvas:ForceUpdateCanvases ()
UnityEngine.UI.ScrollRect:EnsureLayoutHasRebuilt () (at ./Library/PackageCache/com.unity.ugui@603b5c2e4e5a/Runtime/UGUI/UI/Core/ScrollRect.cs:636)
UnityEngine.UI.ScrollRect:LateUpdate () (at ./Library/PackageCache/com.unity.ugui@603b5c2e4e5a/Runtime/UGUI/UI/Core/ScrollRect.cs:834)

(Filename: ./Library/PackageCache/com.unity.ugui@603b5c2e4e5a/Runtime/TMP/TextMeshProUGUI.cs Line: 2005)

The character with Unicode value \U0001F49A was not found in the [LiberationSans SDF] font asset or any potential fallbacks. It was replaced by Unicode character \u25A1 in text object [Status].
UnityEngine.Debug:ExtractStackTraceNoAlloc (byte*,int,string)
UnityEngine.StackTraceUtility:ExtractStackTrace ()
UnityEngine.DebugLogHandler:Internal_Log (UnityEngine.LogType,UnityEngine.LogOption,string,UnityEngine.Object)
UnityEngine.DebugLogHandler:LogFormat (UnityEngine.LogType,UnityEngine.Object,string,object[])
UnityEngine.Logger:Log (UnityEngine.LogType,object,UnityEngine.Object)
UnityEngine.Debug:LogWarning (object,UnityEngine.Object)
TMPro.TextMeshProUGUI:SetArraySizes (TMPro.TMP_Text/TextProcessingElement[]) (at ./Library/PackageCache/com.unity.ugui@603b5c2e4e5a/Runtime/TMP/TextMeshProUGUI.cs:2005)
TMPro.TMP_Text:ParseInputText () (at ./Library/PackageCache/com.unity.ugui@603b5c2e4e5a/Runtime/TMP/TMP_Text.cs:2017)
TMPro.TextMeshProUGUI:OnPreRenderCanvas () (at ./Library/PackageCache/com.unity.ugui@603b5c2e4e5a/Runtime/TMP/TextMeshProUGUI.cs:2471)
TMPro.TextMeshProUGUI:Rebuild (UnityEngine.UI.CanvasUpdate) (at ./Library/PackageCache/com.unity.ugui@603b5c2e4e5a/Runtime/TMP/TextMeshProUGUI.cs:227)
UnityEngine.UI.CanvasUpdateRegistry:PerformUpdate () (at ./Library/PackageCache/com.unity.ugui@603b5c2e4e5a/Runtime/UGUI/UI/Core/CanvasUpdateRegistry.cs:215)
UnityEngine.Canvas:SendWillRenderCanvases ()
UnityEngine.Canvas:ForceUpdateCanvases ()
UnityEngine.UI.ScrollRect:EnsureLayoutHasRebuilt () (at ./Library/PackageCache/com.unity.ugui@603b5c2e4e5a/Runtime/UGUI/UI/Core/ScrollRect.cs:636)
UnityEngine.UI.ScrollRect:LateUpdate () (at ./Library/PackageCache/com.unity.ugui@603b5c2e4e5a/Runtime/UGUI/UI/Core/ScrollRect.cs:834)

(Filename: ./Library/PackageCache/com.unity.ugui@603b5c2e4e5a/Runtime/TMP/TextMeshProUGUI.cs Line: 2005)

The character with Unicode value \U0001F49A was not found in the [LiberationSans SDF] font asset or any potential fallbacks. It was replaced by Unicode character \u25A1 in text object [Status].
UnityEngine.Debug:ExtractStackTraceNoAlloc (byte*,int,string)
UnityEngine.StackTraceUtility:ExtractStackTrace ()
UnityEngine.DebugLogHandler:Internal_Log (UnityEngine.LogType,UnityEngine.LogOption,string,UnityEngine.Object)
UnityEngine.DebugLogHandler:LogFormat (UnityEngine.LogType,UnityEngine.Object,string,object[])
UnityEngine.Logger:Log (UnityEngine.LogType,object,UnityEngine.Object)
UnityEngine.Debug:LogWarning (object,UnityEngine.Object)
TMPro.TextMeshProUGUI:SetArraySizes (TMPro.TMP_Text/TextProcessingElement[]) (at ./Library/PackageCache/com.unity.ugui@603b5c2e4e5a/Runtime/TMP/TextMeshProUGUI.cs:2005)
TMPro.TMP_Text:ParseInputText () (at ./Library/PackageCache/com.unity.ugui@603b5c2e4e5a/Runtime/TMP/TMP_Text.cs:2017)
TMPro.TextMeshProUGUI:OnPreRenderCanvas () (at ./Library/PackageCache/com.unity.ugui@603b5c2e4e5a/Runtime/TMP/TextMeshProUGUI.cs:2471)
TMPro.TextMeshProUGUI:Rebuild (UnityEngine.UI.CanvasUpdate) (at ./Library/PackageCache/com.unity.ugui@603b5c2e4e5a/Runtime/TMP/TextMeshProUGUI.cs:227)
UnityEngine.UI.CanvasUpdateRegistry:PerformUpdate () (at ./Library/PackageCache/com.unity.ugui@603b5c2e4e5a/Runtime/UGUI/UI/Core/CanvasUpdateRegistry.cs:215)
UnityEngine.Canvas:SendWillRenderCanvases ()
UnityEngine.Canvas:ForceUpdateCanvases ()
UnityEngine.UI.ScrollRect:EnsureLayoutHasRebuilt () (at ./Library/PackageCache/com.unity.ugui@603b5c2e4e5a/Runtime/UGUI/UI/Core/ScrollRect.cs:636)
UnityEngine.UI.ScrollRect:LateUpdate () (at ./Library/PackageCache/com.unity.ugui@603b5c2e4e5a/Runtime/UGUI/UI/Core/ScrollRect.cs:834)

(Filename: ./Library/PackageCache/com.unity.ugui@603b5c2e4e5a/Runtime/TMP/TextMeshProUGUI.cs Line: 2005)

The character with Unicode value \U0001F49A was not found in the [LiberationSans SDF] font asset or any potential fallbacks. It was replaced by Unicode character \u25A1 in text object [Status].
UnityEngine.Debug:ExtractStackTraceNoAlloc (byte*,int,string)
UnityEngine.StackTraceUtility:ExtractStackTrace ()
UnityEngine.DebugLogHandler:Internal_Log (UnityEngine.LogType,UnityEngine.LogOption,string,UnityEngine.Object)
UnityEngine.DebugLogHandler:LogFormat (UnityEngine.LogType,UnityEngine.Object,string,object[])
UnityEngine.Logger:Log (UnityEngine.LogType,object,UnityEngine.Object)
UnityEngine.Debug:LogWarning (object,UnityEngine.Object)
TMPro.TextMeshProUGUI:SetArraySizes (TMPro.TMP_Text/TextProcessingElement[]) (at ./Library/PackageCache/com.unity.ugui@603b5c2e4e5a/Runtime/TMP/TextMeshProUGUI.cs:2005)
TMPro.TMP_Text:ParseInputText () (at ./Library/PackageCache/com.unity.ugui@603b5c2e4e5a/Runtime/TMP/TMP_Text.cs:2017)
TMPro.TextMeshProUGUI:OnPreRenderCanvas () (at ./Library/PackageCache/com.unity.ugui@603b5c2e4e5a/Runtime/TMP/TextMeshProUGUI.cs:2471)
TMPro.TextMeshProUGUI:Rebuild (UnityEngine.UI.CanvasUpdate) (at ./Library/PackageCache/com.unity.ugui@603b5c2e4e5a/Runtime/TMP/TextMeshProUGUI.cs:227)
UnityEngine.UI.CanvasUpdateRegistry:PerformUpdate () (at ./Library/PackageCache/com.unity.ugui@603b5c2e4e5a/Runtime/UGUI/UI/Core/CanvasUpdateRegistry.cs:215)
UnityEngine.Canvas:SendWillRenderCanvases ()
UnityEngine.Canvas:ForceUpdateCanvases ()
UnityEngine.UI.ScrollRect:EnsureLayoutHasRebuilt () (at ./Library/PackageCache/com.unity.ugui@603b5c2e4e5a/Runtime/UGUI/UI/Core/ScrollRect.cs:636)
UnityEngine.UI.ScrollRect:LateUpdate () (at ./Library/PackageCache/com.unity.ugui@603b5c2e4e5a/Runtime/UGUI/UI/Core/ScrollRect.cs:834)

(Filename: ./Library/PackageCache/com.unity.ugui@603b5c2e4e5a/Runtime/TMP/TextMeshProUGUI.cs Line: 2005)

The character with Unicode value \U0001F49A was not found in the [LiberationSans SDF] font asset or any potential fallbacks. It was replaced by Unicode character \u25A1 in text object [Status].
UnityEngine.Debug:ExtractStackTraceNoAlloc (byte*,int,string)
UnityEngine.StackTraceUtility:ExtractStackTrace ()
UnityEngine.DebugLogHandler:Internal_Log (UnityEngine.LogType,UnityEngine.LogOption,string,UnityEngine.Object)
UnityEngine.DebugLogHandler:LogFormat (UnityEngine.LogType,UnityEngine.Object,string,object[])
UnityEngine.Logger:Log (UnityEngine.LogType,object,UnityEngine.Object)
UnityEngine.Debug:LogWarning (object,UnityEngine.Object)
TMPro.TextMeshProUGUI:SetArraySizes (TMPro.TMP_Text/TextProcessingElement[]) (at ./Library/PackageCache/com.unity.ugui@603b5c2e4e5a/Runtime/TMP/TextMeshProUGUI.cs:2005)
TMPro.TMP_Text:ParseInputText () (at ./Library/PackageCache/com.unity.ugui@603b5c2e4e5a/Runtime/TMP/TMP_Text.cs:2017)
TMPro.TextMeshProUGUI:OnPreRenderCanvas () (at ./Library/PackageCache/com.unity.ugui@603b5c2e4e5a/Runtime/TMP/TextMeshProUGUI.cs:2471)
TMPro.TextMeshProUGUI:Rebuild (UnityEngine.UI.CanvasUpdate) (at ./Library/PackageCache/com.unity.ugui@603b5c2e4e5a/Runtime/TMP/TextMeshProUGUI.cs:227)
UnityEngine.UI.CanvasUpdateRegistry:PerformUpdate () (at ./Library/PackageCache/com.unity.ugui@603b5c2e4e5a/Runtime/UGUI/UI/Core/CanvasUpdateRegistry.cs:215)
UnityEngine.Canvas:SendWillRenderCanvases ()
UnityEngine.Canvas:ForceUpdateCanvases ()
UnityEngine.UI.ScrollRect:EnsureLayoutHasRebuilt () (at ./Library/PackageCache/com.unity.ugui@603b5c2e4e5a/Runtime/UGUI/UI/Core/ScrollRect.cs:636)
UnityEngine.UI.ScrollRect:LateUpdate () (at ./Library/PackageCache/com.unity.ugui@603b5c2e4e5a/Runtime/UGUI/UI/Core/ScrollRect.cs:834)

(Filename: ./Library/PackageCache/com.unity.ugui@603b5c2e4e5a/Runtime/TMP/TextMeshProUGUI.cs Line: 2005)

The character with Unicode value \U0001F49A was not found in the [LiberationSans SDF] font asset or any potential fallbacks. It was replaced by Unicode character \u25A1 in text object [Status].
UnityEngine.Debug:ExtractStackTraceNoAlloc (byte*,int,string)
UnityEngine.StackTraceUtility:ExtractStackTrace ()
UnityEngine.DebugLogHandler:Internal_Log (UnityEngine.LogType,UnityEngine.LogOption,string,UnityEngine.Object)
UnityEngine.DebugLogHandler:LogFormat (UnityEngine.LogType,UnityEngine.Object,string,object[])
UnityEngine.Logger:Log (UnityEngine.LogType,object,UnityEngine.Object)
UnityEngine.Debug:LogWarning (object,UnityEngine.Object)
TMPro.TextMeshProUGUI:SetArraySizes (TMPro.TMP_Text/TextProcessingElement[]) (at ./Library/PackageCache/com.unity.ugui@603b5c2e4e5a/Runtime/TMP/TextMeshProUGUI.cs:2005)
TMPro.TMP_Text:ParseInputText () (at ./Library/PackageCache/com.unity.ugui@603b5c2e4e5a/Runtime/TMP/TMP_Text.cs:2017)
TMPro.TextMeshProUGUI:OnPreRenderCanvas () (at ./Library/PackageCache/com.unity.ugui@603b5c2e4e5a/Runtime/TMP/TextMeshProUGUI.cs:2471)
TMPro.TextMeshProUGUI:Rebuild (UnityEngine.UI.CanvasUpdate) (at ./Library/PackageCache/com.unity.ugui@603b5c2e4e5a/Runtime/TMP/TextMeshProUGUI.cs:227)
UnityEngine.UI.CanvasUpdateRegistry:PerformUpdate () (at ./Library/PackageCache/com.unity.ugui@603b5c2e4e5a/Runtime/UGUI/UI/Core/CanvasUpdateRegistry.cs:215)
UnityEngine.Canvas:SendWillRenderCanvases ()
UnityEngine.Canvas:ForceUpdateCanvases ()
UnityEngine.UI.ScrollRect:EnsureLayoutHasRebuilt () (at ./Library/PackageCache/com.unity.ugui@603b5c2e4e5a/Runtime/UGUI/UI/Core/ScrollRect.cs:636)
UnityEngine.UI.ScrollRect:LateUpdate () (at ./Library/PackageCache/com.unity.ugui@603b5c2e4e5a/Runtime/UGUI/UI/Core/ScrollRect.cs:834)

(Filename: ./Library/PackageCache/com.unity.ugui@603b5c2e4e5a/Runtime/TMP/TextMeshProUGUI.cs Line: 2005)

The character with Unicode value \U0001F49A was not found in the [LiberationSans SDF] font asset or any potential fallbacks. It was replaced by Unicode character \u25A1 in text object [Status].
UnityEngine.Debug:ExtractStackTraceNoAlloc (byte*,int,string)
UnityEngine.StackTraceUtility:ExtractStackTrace ()
UnityEngine.DebugLogHandler:Internal_Log (UnityEngine.LogType,UnityEngine.LogOption,string,UnityEngine.Object)
UnityEngine.DebugLogHandler:LogFormat (UnityEngine.LogType,UnityEngine.Object,string,object[])
UnityEngine.Logger:Log (UnityEngine.LogType,object,UnityEngine.Object)
UnityEngine.Debug:LogWarning (object,UnityEngine.Object)
TMPro.TextMeshProUGUI:SetArraySizes (TMPro.TMP_Text/TextProcessingElement[]) (at ./Library/PackageCache/com.unity.ugui@603b5c2e4e5a/Runtime/TMP/TextMeshProUGUI.cs:2005)
TMPro.TMP_Text:ParseInputText () (at ./Library/PackageCache/com.unity.ugui@603b5c2e4e5a/Runtime/TMP/TMP_Text.cs:2017)
TMPro.TextMeshProUGUI:OnPreRenderCanvas () (at ./Library/PackageCache/com.unity.ugui@603b5c2e4e5a/Runtime/TMP/TextMeshProUGUI.cs:2471)
TMPro.TextMeshProUGUI:Rebuild (UnityEngine.UI.CanvasUpdate) (at ./Library/PackageCache/com.unity.ugui@603b5c2e4e5a/Runtime/TMP/TextMeshProUGUI.cs:227)
UnityEngine.UI.CanvasUpdateRegistry:PerformUpdate () (at ./Library/PackageCache/com.unity.ugui@603b5c2e4e5a/Runtime/UGUI/UI/Core/CanvasUpdateRegistry.cs:215)
UnityEngine.Canvas:SendWillRenderCanvases ()
UnityEngine.Canvas:ForceUpdateCanvases ()
UnityEngine.UI.ScrollRect:EnsureLayoutHasRebuilt () (at ./Library/PackageCache/com.unity.ugui@603b5c2e4e5a/Runtime/UGUI/UI/Core/ScrollRect.cs:636)
UnityEngine.UI.ScrollRect:LateUpdate () (at ./Library/PackageCache/com.unity.ugui@603b5c2e4e5a/Runtime/UGUI/UI/Core/ScrollRect.cs:834)

(Filename: ./Library/PackageCache/com.unity.ugui@603b5c2e4e5a/Runtime/TMP/TextMeshProUGUI.cs Line: 2005)

The character with Unicode value \U0001F49A was not found in the [LiberationSans SDF] font asset or any potential fallbacks. It was replaced by Unicode character \u25A1 in text object [Status].
UnityEngine.Debug:ExtractStackTraceNoAlloc (byte*,int,string)
UnityEngine.StackTraceUtility:ExtractStackTrace ()
UnityEngine.DebugLogHandler:Internal_Log (UnityEngine.LogType,UnityEngine.LogOption,string,UnityEngine.Object)
UnityEngine.DebugLogHandler:LogFormat (UnityEngine.LogType,UnityEngine.Object,string,object[])
UnityEngine.Logger:Log (UnityEngine.LogType,object,UnityEngine.Object)
UnityEngine.Debug:LogWarning (object,UnityEngine.Object)
TMPro.TextMeshProUGUI:SetArraySizes (TMPro.TMP_Text/TextProcessingElement[]) (at ./Library/PackageCache/com.unity.ugui@603b5c2e4e5a/Runtime/TMP/TextMeshProUGUI.cs:2005)
TMPro.TMP_Text:ParseInputText () (at ./Library/PackageCache/com.unity.ugui@603b5c2e4e5a/Runtime/TMP/TMP_Text.cs:2017)
TMPro.TextMeshProUGUI:OnPreRenderCanvas () (at ./Library/PackageCache/com.unity.ugui@603b5c2e4e5a/Runtime/TMP/TextMeshProUGUI.cs:2471)
TMPro.TextMeshProUGUI:Rebuild (UnityEngine.UI.CanvasUpdate) (at ./Library/PackageCache/com.unity.ugui@603b5c2e4e5a/Runtime/TMP/TextMeshProUGUI.cs:227)
UnityEngine.UI.CanvasUpdateRegistry:PerformUpdate () (at ./Library/PackageCache/com.unity.ugui@603b5c2e4e5a/Runtime/UGUI/UI/Core/CanvasUpdateRegistry.cs:215)
UnityEngine.Canvas:SendWillRenderCanvases ()
UnityEngine.Canvas:ForceUpdateCanvases ()
UnityEngine.UI.ScrollRect:EnsureLayoutHasRebuilt () (at ./Library/PackageCache/com.unity.ugui@603b5c2e4e5a/Runtime/UGUI/UI/Core/ScrollRect.cs:636)
UnityEngine.UI.ScrollRect:LateUpdate () (at ./Library/PackageCache/com.unity.ugui@603b5c2e4e5a/Runtime/UGUI/UI/Core/ScrollRect.cs:834)

(Filename: ./Library/PackageCache/com.unity.ugui@603b5c2e4e5a/Runtime/TMP/TextMeshProUGUI.cs Line: 2005)

The character with Unicode value \U0001F49A was not found in the [LiberationSans SDF] font asset or any potential fallbacks. It was replaced by Unicode character \u25A1 in text object [Status].
UnityEngine.Debug:ExtractStackTraceNoAlloc (byte*,int,string)
UnityEngine.StackTraceUtility:ExtractStackTrace ()
UnityEngine.DebugLogHandler:Internal_Log (UnityEngine.LogType,UnityEngine.LogOption,string,UnityEngine.Object)
UnityEngine.DebugLogHandler:LogFormat (UnityEngine.LogType,UnityEngine.Object,string,object[])
UnityEngine.Logger:Log (UnityEngine.LogType,object,UnityEngine.Object)
UnityEngine.Debug:LogWarning (object,UnityEngine.Object)
TMPro.TextMeshProUGUI:SetArraySizes (TMPro.TMP_Text/TextProcessingElement[]) (at ./Library/PackageCache/com.unity.ugui@603b5c2e4e5a/Runtime/TMP/TextMeshProUGUI.cs:2005)
TMPro.TMP_Text:ParseInputText () (at ./Library/PackageCache/com.unity.ugui@603b5c2e4e5a/Runtime/TMP/TMP_Text.cs:2017)
TMPro.TextMeshProUGUI:OnPreRenderCanvas () (at ./Library/PackageCache/com.unity.ugui@603b5c2e4e5a/Runtime/TMP/TextMeshProUGUI.cs:2471)
TMPro.TextMeshProUGUI:Rebuild (UnityEngine.UI.CanvasUpdate) (at ./Library/PackageCache/com.unity.ugui@603b5c2e4e5a/Runtime/TMP/TextMeshProUGUI.cs:227)
UnityEngine.UI.CanvasUpdateRegistry:PerformUpdate () (at ./Library/PackageCache/com.unity.ugui@603b5c2e4e5a/Runtime/UGUI/UI/Core/CanvasUpdateRegistry.cs:215)
UnityEngine.Canvas:SendWillRenderCanvases ()
UnityEngine.Canvas:ForceUpdateCanvases ()
UnityEngine.UI.ScrollRect:EnsureLayoutHasRebuilt () (at ./Library/PackageCache/com.unity.ugui@603b5c2e4e5a/Runtime/UGUI/UI/Core/ScrollRect.cs:636)
UnityEngine.UI.ScrollRect:LateUpdate () (at ./Library/PackageCache/com.unity.ugui@603b5c2e4e5a/Runtime/UGUI/UI/Core/ScrollRect.cs:834)

(Filename: ./Library/PackageCache/com.unity.ugui@603b5c2e4e5a/Runtime/TMP/TextMeshProUGUI.cs Line: 2005)

The character with Unicode value \U0001F49A was not found in the [LiberationSans SDF] font asset or any potential fallbacks. It was replaced by Unicode character \u25A1 in text object [Status].
UnityEngine.Debug:ExtractStackTraceNoAlloc (byte*,int,string)
UnityEngine.StackTraceUtility:ExtractStackTrace ()
UnityEngine.DebugLogHandler:Internal_Log (UnityEngine.LogType,UnityEngine.LogOption,string,UnityEngine.Object)
UnityEngine.DebugLogHandler:LogFormat (UnityEngine.LogType,UnityEngine.Object,string,object[])
UnityEngine.Logger:Log (UnityEngine.LogType,object,UnityEngine.Object)
UnityEngine.Debug:LogWarning (object,UnityEngine.Object)
TMPro.TextMeshProUGUI:SetArraySizes (TMPro.TMP_Text/TextProcessingElement[]) (at ./Library/PackageCache/com.unity.ugui@603b5c2e4e5a/Runtime/TMP/TextMeshProUGUI.cs:2005)
TMPro.TMP_Text:ParseInputText () (at ./Library/PackageCache/com.unity.ugui@603b5c2e4e5a/Runtime/TMP/TMP_Text.cs:2017)
TMPro.TextMeshProUGUI:OnPreRenderCanvas () (at ./Library/PackageCache/com.unity.ugui@603b5c2e4e5a/Runtime/TMP/TextMeshProUGUI.cs:2471)
TMPro.TextMeshProUGUI:Rebuild (UnityEngine.UI.CanvasUpdate) (at ./Library/PackageCache/com.unity.ugui@603b5c2e4e5a/Runtime/TMP/TextMeshProUGUI.cs:227)
UnityEngine.UI.CanvasUpdateRegistry:PerformUpdate () (at ./Library/PackageCache/com.unity.ugui@603b5c2e4e5a/Runtime/UGUI/UI/Core/CanvasUpdateRegistry.cs:215)
UnityEngine.Canvas:SendWillRenderCanvases ()
UnityEngine.Canvas:ForceUpdateCanvases ()
UnityEngine.UI.ScrollRect:EnsureLayoutHasRebuilt () (at ./Library/PackageCache/com.unity.ugui@603b5c2e4e5a/Runtime/UGUI/UI/Core/ScrollRect.cs:636)
UnityEngine.UI.ScrollRect:LateUpdate () (at ./Library/PackageCache/com.unity.ugui@603b5c2e4e5a/Runtime/UGUI/UI/Core/ScrollRect.cs:834)

(Filename: ./Library/PackageCache/com.unity.ugui@603b5c2e4e5a/Runtime/TMP/TextMeshProUGUI.cs Line: 2005)

The character with Unicode value \U0001F49A was not found in the [LiberationSans SDF] font asset or any potential fallbacks. It was replaced by Unicode character \u25A1 in text object [Status].
UnityEngine.Debug:ExtractStackTraceNoAlloc (byte*,int,string)
UnityEngine.StackTraceUtility:ExtractStackTrace ()
UnityEngine.DebugLogHandler:Internal_Log (UnityEngine.LogType,UnityEngine.LogOption,string,UnityEngine.Object)
UnityEngine.DebugLogHandler:LogFormat (UnityEngine.LogType,UnityEngine.Object,string,object[])
UnityEngine.Logger:Log (UnityEngine.LogType,object,UnityEngine.Object)
UnityEngine.Debug:LogWarning (object,UnityEngine.Object)
TMPro.TextMeshProUGUI:SetArraySizes (TMPro.TMP_Text/TextProcessingElement[]) (at ./Library/PackageCache/com.unity.ugui@603b5c2e4e5a/Runtime/TMP/TextMeshProUGUI.cs:2005)
TMPro.TMP_Text:ParseInputText () (at ./Library/PackageCache/com.unity.ugui@603b5c2e4e5a/Runtime/TMP/TMP_Text.cs:2017)
TMPro.TextMeshProUGUI:OnPreRenderCanvas () (at ./Library/PackageCache/com.unity.ugui@603b5c2e4e5a/Runtime/TMP/TextMeshProUGUI.cs:2471)
TMPro.TextMeshProUGUI:Rebuild (UnityEngine.UI.CanvasUpdate) (at ./Library/PackageCache/com.unity.ugui@603b5c2e4e5a/Runtime/TMP/TextMeshProUGUI.cs:227)
UnityEngine.UI.CanvasUpdateRegistry:PerformUpdate () (at ./Library/PackageCache/com.unity.ugui@603b5c2e4e5a/Runtime/UGUI/UI/Core/CanvasUpdateRegistry.cs:215)
UnityEngine.Canvas:SendWillRenderCanvases ()
UnityEngine.Canvas:ForceUpdateCanvases ()
UnityEngine.UI.ScrollRect:EnsureLayoutHasRebuilt () (at ./Library/PackageCache/com.unity.ugui@603b5c2e4e5a/Runtime/UGUI/UI/Core/ScrollRect.cs:636)
UnityEngine.UI.ScrollRect:LateUpdate () (at ./Library/PackageCache/com.unity.ugui@603b5c2e4e5a/Runtime/UGUI/UI/Core/ScrollRect.cs:834)

(Filename: ./Library/PackageCache/com.unity.ugui@603b5c2e4e5a/Runtime/TMP/TextMeshProUGUI.cs Line: 2005)

The character with Unicode value \U0001F49A was not found in the [LiberationSans SDF] font asset or any potential fallbacks. It was replaced by Unicode character \u25A1 in text object [Status].
UnityEngine.Debug:ExtractStackTraceNoAlloc (byte*,int,string)
UnityEngine.StackTraceUtility:ExtractStackTrace ()
UnityEngine.DebugLogHandler:Internal_Log (UnityEngine.LogType,UnityEngine.LogOption,string,UnityEngine.Object)
UnityEngine.DebugLogHandler:LogFormat (UnityEngine.LogType,UnityEngine.Object,string,object[])
UnityEngine.Logger:Log (UnityEngine.LogType,object,UnityEngine.Object)
UnityEngine.Debug:LogWarning (object,UnityEngine.Object)
TMPro.TextMeshProUGUI:SetArraySizes (TMPro.TMP_Text/TextProcessingElement[]) (at ./Library/PackageCache/com.unity.ugui@603b5c2e4e5a/Runtime/TMP/TextMeshProUGUI.cs:2005)
TMPro.TMP_Text:ParseInputText () (at ./Library/PackageCache/com.unity.ugui@603b5c2e4e5a/Runtime/TMP/TMP_Text.cs:2017)
TMPro.TextMeshProUGUI:OnPreRenderCanvas () (at ./Library/PackageCache/com.unity.ugui@603b5c2e4e5a/Runtime/TMP/TextMeshProUGUI.cs:2471)
TMPro.TextMeshProUGUI:Rebuild (UnityEngine.UI.CanvasUpdate) (at ./Library/PackageCache/com.unity.ugui@603b5c2e4e5a/Runtime/TMP/TextMeshProUGUI.cs:227)
UnityEngine.UI.CanvasUpdateRegistry:PerformUpdate () (at ./Library/PackageCache/com.unity.ugui@603b5c2e4e5a/Runtime/UGUI/UI/Core/CanvasUpdateRegistry.cs:215)
UnityEngine.Canvas:SendWillRenderCanvases ()
UnityEngine.Canvas:ForceUpdateCanvases ()
UnityEngine.UI.ScrollRect:EnsureLayoutHasRebuilt () (at ./Library/PackageCache/com.unity.ugui@603b5c2e4e5a/Runtime/UGUI/UI/Core/ScrollRect.cs:636)
UnityEngine.UI.ScrollRect:LateUpdate () (at ./Library/PackageCache/com.unity.ugui@603b5c2e4e5a/Runtime/UGUI/UI/Core/ScrollRect.cs:834)

(Filename: ./Library/PackageCache/com.unity.ugui@603b5c2e4e5a/Runtime/TMP/TextMeshProUGUI.cs Line: 2005)

The character with Unicode value \U0001F49A was not found in the [LiberationSans SDF] font asset or any potential fallbacks. It was replaced by Unicode character \u25A1 in text object [Status].
UnityEngine.Debug:ExtractStackTraceNoAlloc (byte*,int,string)
UnityEngine.StackTraceUtility:ExtractStackTrace ()
UnityEngine.DebugLogHandler:Internal_Log (UnityEngine.LogType,UnityEngine.LogOption,string,UnityEngine.Object)
UnityEngine.DebugLogHandler:LogFormat (UnityEngine.LogType,UnityEngine.Object,string,object[])
UnityEngine.Logger:Log (UnityEngine.LogType,object,UnityEngine.Object)
UnityEngine.Debug:LogWarning (object,UnityEngine.Object)
TMPro.TextMeshProUGUI:SetArraySizes (TMPro.TMP_Text/TextProcessingElement[]) (at ./Library/PackageCache/com.unity.ugui@603b5c2e4e5a/Runtime/TMP/TextMeshProUGUI.cs:2005)
TMPro.TMP_Text:ParseInputText () (at ./Library/PackageCache/com.unity.ugui@603b5c2e4e5a/Runtime/TMP/TMP_Text.cs:2017)
TMPro.TextMeshProUGUI:OnPreRenderCanvas () (at ./Library/PackageCache/com.unity.ugui@603b5c2e4e5a/Runtime/TMP/TextMeshProUGUI.cs:2471)
TMPro.TextMeshProUGUI:Rebuild (UnityEngine.UI.CanvasUpdate) (at ./Library/PackageCache/com.unity.ugui@603b5c2e4e5a/Runtime/TMP/TextMeshProUGUI.cs:227)
UnityEngine.UI.CanvasUpdateRegistry:PerformUpdate () (at ./Library/PackageCache/com.unity.ugui@603b5c2e4e5a/Runtime/UGUI/UI/Core/CanvasUpdateRegistry.cs:215)
UnityEngine.Canvas:SendWillRenderCanvases ()
UnityEngine.Canvas:ForceUpdateCanvases ()
UnityEngine.UI.ScrollRect:EnsureLayoutHasRebuilt () (at ./Library/PackageCache/com.unity.ugui@603b5c2e4e5a/Runtime/UGUI/UI/Core/ScrollRect.cs:636)
UnityEngine.UI.ScrollRect:LateUpdate () (at ./Library/PackageCache/com.unity.ugui@603b5c2e4e5a/Runtime/UGUI/UI/Core/ScrollRect.cs:834)

(Filename: ./Library/PackageCache/com.unity.ugui@603b5c2e4e5a/Runtime/TMP/TextMeshProUGUI.cs Line: 2005)

The character with Unicode value \U0001F49A was not found in the [LiberationSans SDF] font asset or any potential fallbacks. It was replaced by Unicode character \u25A1 in text object [Status].
UnityEngine.Debug:ExtractStackTraceNoAlloc (byte*,int,string)
UnityEngine.StackTraceUtility:ExtractStackTrace ()
UnityEngine.DebugLogHandler:Internal_Log (UnityEngine.LogType,UnityEngine.LogOption,string,UnityEngine.Object)
UnityEngine.DebugLogHandler:LogFormat (UnityEngine.LogType,UnityEngine.Object,string,object[])
UnityEngine.Logger:Log (UnityEngine.LogType,object,UnityEngine.Object)
UnityEngine.Debug:LogWarning (object,UnityEngine.Object)
TMPro.TextMeshProUGUI:SetArraySizes (TMPro.TMP_Text/TextProcessingElement[]) (at ./Library/PackageCache/com.unity.ugui@603b5c2e4e5a/Runtime/TMP/TextMeshProUGUI.cs:2005)
TMPro.TMP_Text:ParseInputText () (at ./Library/PackageCache/com.unity.ugui@603b5c2e4e5a/Runtime/TMP/TMP_Text.cs:2017)
TMPro.TextMeshProUGUI:OnPreRenderCanvas () (at ./Library/PackageCache/com.unity.ugui@603b5c2e4e5a/Runtime/TMP/TextMeshProUGUI.cs:2471)
TMPro.TextMeshProUGUI:Rebuild (UnityEngine.UI.CanvasUpdate) (at ./Library/PackageCache/com.unity.ugui@603b5c2e4e5a/Runtime/TMP/TextMeshProUGUI.cs:227)
UnityEngine.UI.CanvasUpdateRegistry:PerformUpdate () (at ./Library/PackageCache/com.unity.ugui@603b5c2e4e5a/Runtime/UGUI/UI/Core/CanvasUpdateRegistry.cs:215)
UnityEngine.Canvas:SendWillRenderCanvases ()
UnityEngine.Canvas:ForceUpdateCanvases ()
UnityEngine.UI.ScrollRect:EnsureLayoutHasRebuilt () (at ./Library/PackageCache/com.unity.ugui@603b5c2e4e5a/Runtime/UGUI/UI/Core/ScrollRect.cs:636)
UnityEngine.UI.ScrollRect:LateUpdate () (at ./Library/PackageCache/com.unity.ugui@603b5c2e4e5a/Runtime/UGUI/UI/Core/ScrollRect.cs:834)

(Filename: ./Library/PackageCache/com.unity.ugui@603b5c2e4e5a/Runtime/TMP/TextMeshProUGUI.cs Line: 2005)

The character with Unicode value \U0001F49A was not found in the [LiberationSans SDF] font asset or any potential fallbacks. It was replaced by Unicode character \u25A1 in text object [Status].
UnityEngine.Debug:ExtractStackTraceNoAlloc (byte*,int,string)
UnityEngine.StackTraceUtility:ExtractStackTrace ()
UnityEngine.DebugLogHandler:Internal_Log (UnityEngine.LogType,UnityEngine.LogOption,string,UnityEngine.Object)
UnityEngine.DebugLogHandler:LogFormat (UnityEngine.LogType,UnityEngine.Object,string,object[])
UnityEngine.Logger:Log (UnityEngine.LogType,object,UnityEngine.Object)
UnityEngine.Debug:LogWarning (object,UnityEngine.Object)
TMPro.TextMeshProUGUI:SetArraySizes (TMPro.TMP_Text/TextProcessingElement[]) (at ./Library/PackageCache/com.unity.ugui@603b5c2e4e5a/Runtime/TMP/TextMeshProUGUI.cs:2005)
TMPro.TMP_Text:ParseInputText () (at ./Library/PackageCache/com.unity.ugui@603b5c2e4e5a/Runtime/TMP/TMP_Text.cs:2017)
TMPro.TextMeshProUGUI:OnPreRenderCanvas () (at ./Library/PackageCache/com.unity.ugui@603b5c2e4e5a/Runtime/TMP/TextMeshProUGUI.cs:2471)
TMPro.TextMeshProUGUI:Rebuild (UnityEngine.UI.CanvasUpdate) (at ./Library/PackageCache/com.unity.ugui@603b5c2e4e5a/Runtime/TMP/TextMeshProUGUI.cs:227)
UnityEngine.UI.CanvasUpdateRegistry:PerformUpdate () (at ./Library/PackageCache/com.unity.ugui@603b5c2e4e5a/Runtime/UGUI/UI/Core/CanvasUpdateRegistry.cs:215)
UnityEngine.Canvas:SendWillRenderCanvases ()
UnityEngine.Canvas:ForceUpdateCanvases ()
UnityEngine.UI.ScrollRect:EnsureLayoutHasRebuilt () (at ./Library/PackageCache/com.unity.ugui@603b5c2e4e5a/Runtime/UGUI/UI/Core/ScrollRect.cs:636)
UnityEngine.UI.ScrollRect:LateUpdate () (at ./Library/PackageCache/com.unity.ugui@603b5c2e4e5a/Runtime/UGUI/UI/Core/ScrollRect.cs:834)

(Filename: ./Library/PackageCache/com.unity.ugui@603b5c2e4e5a/Runtime/TMP/TextMeshProUGUI.cs Line: 2005)

The character with Unicode value \U0001F49A was not found in the [LiberationSans SDF] font asset or any potential fallbacks. It was replaced by Unicode character \u25A1 in text object [Status].
UnityEngine.Debug:ExtractStackTraceNoAlloc (byte*,int,string)
UnityEngine.StackTraceUtility:ExtractStackTrace ()
UnityEngine.DebugLogHandler:Internal_Log (UnityEngine.LogType,UnityEngine.LogOption,string,UnityEngine.Object)
UnityEngine.DebugLogHandler:LogFormat (UnityEngine.LogType,UnityEngine.Object,string,object[])
UnityEngine.Logger:Log (UnityEngine.LogType,object,UnityEngine.Object)
UnityEngine.Debug:LogWarning (object,UnityEngine.Object)
TMPro.TextMeshProUGUI:SetArraySizes (TMPro.TMP_Text/TextProcessingElement[]) (at ./Library/PackageCache/com.unity.ugui@603b5c2e4e5a/Runtime/TMP/TextMeshProUGUI.cs:2005)
TMPro.TMP_Text:ParseInputText () (at ./Library/PackageCache/com.unity.ugui@603b5c2e4e5a/Runtime/TMP/TMP_Text.cs:2017)
TMPro.TextMeshProUGUI:OnPreRenderCanvas () (at ./Library/PackageCache/com.unity.ugui@603b5c2e4e5a/Runtime/TMP/TextMeshProUGUI.cs:2471)
TMPro.TextMeshProUGUI:Rebuild (UnityEngine.UI.CanvasUpdate) (at ./Library/PackageCache/com.unity.ugui@603b5c2e4e5a/Runtime/TMP/TextMeshProUGUI.cs:227)
UnityEngine.UI.CanvasUpdateRegistry:PerformUpdate () (at ./Library/PackageCache/com.unity.ugui@603b5c2e4e5a/Runtime/UGUI/UI/Core/CanvasUpdateRegistry.cs:215)
UnityEngine.Canvas:SendWillRenderCanvases ()
UnityEngine.Canvas:ForceUpdateCanvases ()
UnityEngine.UI.ScrollRect:EnsureLayoutHasRebuilt () (at ./Library/PackageCache/com.unity.ugui@603b5c2e4e5a/Runtime/UGUI/UI/Core/ScrollRect.cs:636)
UnityEngine.UI.ScrollRect:LateUpdate () (at ./Library/PackageCache/com.unity.ugui@603b5c2e4e5a/Runtime/UGUI/UI/Core/ScrollRect.cs:834)

(Filename: ./Library/PackageCache/com.unity.ugui@603b5c2e4e5a/Runtime/TMP/TextMeshProUGUI.cs Line: 2005)

The character with Unicode value \U0001F49A was not found in the [LiberationSans SDF] font asset or any potential fallbacks. It was replaced by Unicode character \u25A1 in text object [Status].
UnityEngine.Debug:ExtractStackTraceNoAlloc (byte*,int,string)
UnityEngine.StackTraceUtility:ExtractStackTrace ()
UnityEngine.DebugLogHandler:Internal_Log (UnityEngine.LogType,UnityEngine.LogOption,string,UnityEngine.Object)
UnityEngine.DebugLogHandler:LogFormat (UnityEngine.LogType,UnityEngine.Object,string,object[])
UnityEngine.Logger:Log (UnityEngine.LogType,object,UnityEngine.Object)
UnityEngine.Debug:LogWarning (object,UnityEngine.Object)
TMPro.TextMeshProUGUI:SetArraySizes (TMPro.TMP_Text/TextProcessingElement[]) (at ./Library/PackageCache/com.unity.ugui@603b5c2e4e5a/Runtime/TMP/TextMeshProUGUI.cs:2005)
TMPro.TMP_Text:ParseInputText () (at ./Library/PackageCache/com.unity.ugui@603b5c2e4e5a/Runtime/TMP/TMP_Text.cs:2017)
TMPro.TextMeshProUGUI:OnPreRenderCanvas () (at ./Library/PackageCache/com.unity.ugui@603b5c2e4e5a/Runtime/TMP/TextMeshProUGUI.cs:2471)
TMPro.TextMeshProUGUI:Rebuild (UnityEngine.UI.CanvasUpdate) (at ./Library/PackageCache/com.unity.ugui@603b5c2e4e5a/Runtime/TMP/TextMeshProUGUI.cs:227)
UnityEngine.UI.CanvasUpdateRegistry:PerformUpdate () (at ./Library/PackageCache/com.unity.ugui@603b5c2e4e5a/Runtime/UGUI/UI/Core/CanvasUpdateRegistry.cs:215)
UnityEngine.Canvas:SendWillRenderCanvases ()
UnityEngine.Canvas:ForceUpdateCanvases ()
UnityEngine.UI.ScrollRect:EnsureLayoutHasRebuilt () (at ./Library/PackageCache/com.unity.ugui@603b5c2e4e5a/Runtime/UGUI/UI/Core/ScrollRect.cs:636)
UnityEngine.UI.ScrollRect:LateUpdate () (at ./Library/PackageCache/com.unity.ugui@603b5c2e4e5a/Runtime/UGUI/UI/Core/ScrollRect.cs:834)

(Filename: ./Library/PackageCache/com.unity.ugui@603b5c2e4e5a/Runtime/TMP/TextMeshProUGUI.cs Line: 2005)

The character with Unicode value \U0001F49A was not found in the [LiberationSans SDF] font asset or any potential fallbacks. It was replaced by Unicode character \u25A1 in text object [Status].
UnityEngine.Debug:ExtractStackTraceNoAlloc (byte*,int,string)
UnityEngine.StackTraceUtility:ExtractStackTrace ()
UnityEngine.DebugLogHandler:Internal_Log (UnityEngine.LogType,UnityEngine.LogOption,string,UnityEngine.Object)
UnityEngine.DebugLogHandler:LogFormat (UnityEngine.LogType,UnityEngine.Object,string,object[])
UnityEngine.Logger:Log (UnityEngine.LogType,object,UnityEngine.Object)
UnityEngine.Debug:LogWarning (object,UnityEngine.Object)
TMPro.TextMeshProUGUI:SetArraySizes (TMPro.TMP_Text/TextProcessingElement[]) (at ./Library/PackageCache/com.unity.ugui@603b5c2e4e5a/Runtime/TMP/TextMeshProUGUI.cs:2005)
TMPro.TMP_Text:ParseInputText () (at ./Library/PackageCache/com.unity.ugui@603b5c2e4e5a/Runtime/TMP/TMP_Text.cs:2017)
TMPro.TextMeshProUGUI:OnPreRenderCanvas () (at ./Library/PackageCache/com.unity.ugui@603b5c2e4e5a/Runtime/TMP/TextMeshProUGUI.cs:2471)
TMPro.TextMeshProUGUI:Rebuild (UnityEngine.UI.CanvasUpdate) (at ./Library/PackageCache/com.unity.ugui@603b5c2e4e5a/Runtime/TMP/TextMeshProUGUI.cs:227)
UnityEngine.UI.CanvasUpdateRegistry:PerformUpdate () (at ./Library/PackageCache/com.unity.ugui@603b5c2e4e5a/Runtime/UGUI/UI/Core/CanvasUpdateRegistry.cs:215)
UnityEngine.Canvas:SendWillRenderCanvases ()
UnityEngine.Canvas:ForceUpdateCanvases ()
UnityEngine.UI.ScrollRect:EnsureLayoutHasRebuilt () (at ./Library/PackageCache/com.unity.ugui@603b5c2e4e5a/Runtime/UGUI/UI/Core/ScrollRect.cs:636)
UnityEngine.UI.ScrollRect:LateUpdate () (at ./Library/PackageCache/com.unity.ugui@603b5c2e4e5a/Runtime/UGUI/UI/Core/ScrollRect.cs:834)

(Filename: ./Library/PackageCache/com.unity.ugui@603b5c2e4e5a/Runtime/TMP/TextMeshProUGUI.cs Line: 2005)

The character with Unicode value \U0001F49A was not found in the [LiberationSans SDF] font asset or any potential fallbacks. It was replaced by Unicode character \u25A1 in text object [Status].
UnityEngine.Debug:ExtractStackTraceNoAlloc (byte*,int,string)
UnityEngine.StackTraceUtility:ExtractStackTrace ()
UnityEngine.DebugLogHandler:Internal_Log (UnityEngine.LogType,UnityEngine.LogOption,string,UnityEngine.Object)
UnityEngine.DebugLogHandler:LogFormat (UnityEngine.LogType,UnityEngine.Object,string,object[])
UnityEngine.Logger:Log (UnityEngine.LogType,object,UnityEngine.Object)
UnityEngine.Debug:LogWarning (object,UnityEngine.Object)
TMPro.TextMeshProUGUI:SetArraySizes (TMPro.TMP_Text/TextProcessingElement[]) (at ./Library/PackageCache/com.unity.ugui@603b5c2e4e5a/Runtime/TMP/TextMeshProUGUI.cs:2005)
TMPro.TMP_Text:ParseInputText () (at ./Library/PackageCache/com.unity.ugui@603b5c2e4e5a/Runtime/TMP/TMP_Text.cs:2017)
TMPro.TextMeshProUGUI:OnPreRenderCanvas () (at ./Library/PackageCache/com.unity.ugui@603b5c2e4e5a/Runtime/TMP/TextMeshProUGUI.cs:2471)
TMPro.TextMeshProUGUI:Rebuild (UnityEngine.UI.CanvasUpdate) (at ./Library/PackageCache/com.unity.ugui@603b5c2e4e5a/Runtime/TMP/TextMeshProUGUI.cs:227)
UnityEngine.UI.CanvasUpdateRegistry:PerformUpdate () (at ./Library/PackageCache/com.unity.ugui@603b5c2e4e5a/Runtime/UGUI/UI/Core/CanvasUpdateRegistry.cs:215)
UnityEngine.Canvas:SendWillRenderCanvases ()
UnityEngine.Canvas:ForceUpdateCanvases ()
UnityEngine.UI.ScrollRect:EnsureLayoutHasRebuilt () (at ./Library/PackageCache/com.unity.ugui@603b5c2e4e5a/Runtime/UGUI/UI/Core/ScrollRect.cs:636)
UnityEngine.UI.ScrollRect:LateUpdate () (at ./Library/PackageCache/com.unity.ugui@603b5c2e4e5a/Runtime/UGUI/UI/Core/ScrollRect.cs:834)

(Filename: ./Library/PackageCache/com.unity.ugui@603b5c2e4e5a/Runtime/TMP/TextMeshProUGUI.cs Line: 2005)

The character with Unicode value \U0001F49A was not found in the [LiberationSans SDF] font asset or any potential fallbacks. It was replaced by Unicode character \u25A1 in text object [Status].
UnityEngine.Debug:ExtractStackTraceNoAlloc (byte*,int,string)
UnityEngine.StackTraceUtility:ExtractStackTrace ()
UnityEngine.DebugLogHandler:Internal_Log (UnityEngine.LogType,UnityEngine.LogOption,string,UnityEngine.Object)
UnityEngine.DebugLogHandler:LogFormat (UnityEngine.LogType,UnityEngine.Object,string,object[])
UnityEngine.Logger:Log (UnityEngine.LogType,object,UnityEngine.Object)
UnityEngine.Debug:LogWarning (object,UnityEngine.Object)
TMPro.TextMeshProUGUI:SetArraySizes (TMPro.TMP_Text/TextProcessingElement[]) (at ./Library/PackageCache/com.unity.ugui@603b5c2e4e5a/Runtime/TMP/TextMeshProUGUI.cs:2005)
TMPro.TMP_Text:ParseInputText () (at ./Library/PackageCache/com.unity.ugui@603b5c2e4e5a/Runtime/TMP/TMP_Text.cs:2017)
TMPro.TextMeshProUGUI:OnPreRenderCanvas () (at ./Library/PackageCache/com.unity.ugui@603b5c2e4e5a/Runtime/TMP/TextMeshProUGUI.cs:2471)
TMPro.TextMeshProUGUI:Rebuild (UnityEngine.UI.CanvasUpdate) (at ./Library/PackageCache/com.unity.ugui@603b5c2e4e5a/Runtime/TMP/TextMeshProUGUI.cs:227)
UnityEngine.UI.CanvasUpdateRegistry:PerformUpdate () (at ./Library/PackageCache/com.unity.ugui@603b5c2e4e5a/Runtime/UGUI/UI/Core/CanvasUpdateRegistry.cs:215)
UnityEngine.Canvas:SendWillRenderCanvases ()
UnityEngine.Canvas:ForceUpdateCanvases ()
UnityEngine.UI.ScrollRect:EnsureLayoutHasRebuilt () (at ./Library/PackageCache/com.unity.ugui@603b5c2e4e5a/Runtime/UGUI/UI/Core/ScrollRect.cs:636)
UnityEngine.UI.ScrollRect:LateUpdate () (at ./Library/PackageCache/com.unity.ugui@603b5c2e4e5a/Runtime/UGUI/UI/Core/ScrollRect.cs:834)

(Filename: ./Library/PackageCache/com.unity.ugui@603b5c2e4e5a/Runtime/TMP/TextMeshProUGUI.cs Line: 2005)

The character with Unicode value \U0001F49A was not found in the [LiberationSans SDF] font asset or any potential fallbacks. It was replaced by Unicode character \u25A1 in text object [Status].
UnityEngine.Debug:ExtractStackTraceNoAlloc (byte*,int,string)
UnityEngine.StackTraceUtility:ExtractStackTrace ()
UnityEngine.DebugLogHandler:Internal_Log (UnityEngine.LogType,UnityEngine.LogOption,string,UnityEngine.Object)
UnityEngine.DebugLogHandler:LogFormat (UnityEngine.LogType,UnityEngine.Object,string,object[])
UnityEngine.Logger:Log (UnityEngine.LogType,object,UnityEngine.Object)
UnityEngine.Debug:LogWarning (object,UnityEngine.Object)
TMPro.TextMeshProUGUI:SetArraySizes (TMPro.TMP_Text/TextProcessingElement[]) (at ./Library/PackageCache/com.unity.ugui@603b5c2e4e5a/Runtime/TMP/TextMeshProUGUI.cs:2005)
TMPro.TMP_Text:ParseInputText () (at ./Library/PackageCache/com.unity.ugui@603b5c2e4e5a/Runtime/TMP/TMP_Text.cs:2017)
TMPro.TextMeshProUGUI:OnPreRenderCanvas () (at ./Library/PackageCache/com.unity.ugui@603b5c2e4e5a/Runtime/TMP/TextMeshProUGUI.cs:2471)
TMPro.TextMeshProUGUI:Rebuild (UnityEngine.UI.CanvasUpdate) (at ./Library/PackageCache/com.unity.ugui@603b5c2e4e5a/Runtime/TMP/TextMeshProUGUI.cs:227)
UnityEngine.UI.CanvasUpdateRegistry:PerformUpdate () (at ./Library/PackageCache/com.unity.ugui@603b5c2e4e5a/Runtime/UGUI/UI/Core/CanvasUpdateRegistry.cs:215)
UnityEngine.Canvas:SendWillRenderCanvases ()
UnityEngine.Canvas:ForceUpdateCanvases ()
UnityEngine.UI.ScrollRect:EnsureLayoutHasRebuilt () (at ./Library/PackageCache/com.unity.ugui@603b5c2e4e5a/Runtime/UGUI/UI/Core/ScrollRect.cs:636)
UnityEngine.UI.ScrollRect:LateUpdate () (at ./Library/PackageCache/com.unity.ugui@603b5c2e4e5a/Runtime/UGUI/UI/Core/ScrollRect.cs:834)

(Filename: ./Library/PackageCache/com.unity.ugui@603b5c2e4e5a/Runtime/TMP/TextMeshProUGUI.cs Line: 2005)

[Inventory] Product out of stock after sale: Leche
UnityEngine.Debug:ExtractStackTraceNoAlloc (byte*,int,string)
UnityEngine.StackTraceUtility:ExtractStackTrace ()
UnityEngine.DebugLogHandler:Internal_Log (UnityEngine.LogType,UnityEngine.LogOption,string,UnityEngine.Object)
UnityEngine.DebugLogHandler:LogFormat (UnityEngine.LogType,UnityEngine.Object,string,object[])
UnityEngine.Logger:Log (UnityEngine.LogType,object)
UnityEngine.Debug:Log (object)
FLOBUK.StoreSimulator.StatsDatabase:RegisterSoldProduct (FLOBUK.StoreSimulator.ProductScriptableObject,int) (at Assets/StoreSimulator/Scripts/StatsDatabase.cs:413)
FLOBUK.StoreSimulator.CashDesk:OnBillCustomer (string) (at Assets/StoreSimulator/Scripts/CashDesk.cs:223)
FLOBUK.StoreSimulator.CashDesk/<AutomatedCheckout>d__28:MoveNext () (at Assets/StoreSimulator/Scripts/CashDesk.cs:353)
UnityEngine.SetupCoroutine:InvokeMoveNext (System.Collections.IEnumerator,intptr)

(Filename: Assets/StoreSimulator/Scripts/StatsDatabase.cs Line: 413)

[CashierAI] Serving customer at CashDesk in 3.0s.
UnityEngine.Debug:ExtractStackTraceNoAlloc (byte*,int,string)
UnityEngine.StackTraceUtility:ExtractStackTrace ()
UnityEngine.DebugLogHandler:Internal_Log (UnityEngine.LogType,UnityEngine.LogOption,string,UnityEngine.Object)
UnityEngine.DebugLogHandler:LogFormat (UnityEngine.LogType,UnityEngine.Object,string,object[])
UnityEngine.Logger:Log (UnityEngine.LogType,object)
UnityEngine.Debug:Log (object)
FLOBUK.StoreSimulator.CashDesk/<AutomatedCheckout>d__28:MoveNext () (at Assets/StoreSimulator/Scripts/CashDesk.cs:333)
UnityEngine.SetupCoroutine:InvokeMoveNext (System.Collections.IEnumerator,intptr)
UnityEngine.MonoBehaviour:StartCoroutineManaged2 (System.Collections.IEnumerator)
UnityEngine.MonoBehaviour:StartCoroutine (System.Collections.IEnumerator)
FLOBUK.StoreSimulator.CashDesk:TryStartAutomatedCheckout (single) (at Assets/StoreSimulator/Scripts/CashDesk.cs:281)
FLOBUK.StoreSimulator.Editor.ShopMasterFullRequirementsPhase3Runner:SetupAutomatedCashier (bool) (at Assets/StoreSimulator/Editor/ShopMasterFullRequirementsPhase3Runner.cs:281)
FLOBUK.StoreSimulator.Editor.ShopMasterFullRequirementsPhase3Runner:OnUpdate () (at Assets/StoreSimulator/Editor/ShopMasterFullRequirementsPhase3Runner.cs:79)
UnityEditor.EditorApplication:Internal_CallUpdateFunctions ()

(Filename: Assets/StoreSimulator/Scripts/CashDesk.cs Line: 333)

[Inventory] Product out of stock after sale: Leche
UnityEngine.Debug:ExtractStackTraceNoAlloc (byte*,int,string)
UnityEngine.StackTraceUtility:ExtractStackTrace ()
UnityEngine.DebugLogHandler:Internal_Log (UnityEngine.LogType,UnityEngine.LogOption,string,UnityEngine.Object)
UnityEngine.DebugLogHandler:LogFormat (UnityEngine.LogType,UnityEngine.Object,string,object[])
UnityEngine.Logger:Log (UnityEngine.LogType,object)
UnityEngine.Debug:Log (object)
FLOBUK.StoreSimulator.StatsDatabase:RegisterSoldProduct (FLOBUK.StoreSimulator.ProductScriptableObject,int) (at Assets/StoreSimulator/Scripts/StatsDatabase.cs:413)
FLOBUK.StoreSimulator.CashDesk:OnBillCustomer (string) (at Assets/StoreSimulator/Scripts/CashDesk.cs:223)
FLOBUK.StoreSimulator.CashDesk/<AutomatedCheckout>d__28:MoveNext () (at Assets/StoreSimulator/Scripts/CashDesk.cs:353)
UnityEngine.SetupCoroutine:InvokeMoveNext (System.Collections.IEnumerator,intptr)

(Filename: Assets/StoreSimulator/Scripts/StatsDatabase.cs Line: 413)

[EmployeeApp] Employee role changed: #1 -> Restocker.
UnityEngine.Debug:ExtractStackTraceNoAlloc (byte*,int,string)
UnityEngine.StackTraceUtility:ExtractStackTrace ()
UnityEngine.DebugLogHandler:Internal_Log (UnityEngine.LogType,UnityEngine.LogOption,string,UnityEngine.Object)
UnityEngine.DebugLogHandler:LogFormat (UnityEngine.LogType,UnityEngine.Object,string,object[])
UnityEngine.Logger:Log (UnityEngine.LogType,object)
UnityEngine.Debug:Log (object)
FLOBUK.StoreSimulator.EntrepreneurEmployeeSystem:TryAssignRole (int,FLOBUK.StoreSimulator.EmployeeRole,string&) (at Assets/Systems/EntrepreneurTree/EntrepreneurEmployeeSystem.cs:238)
FLOBUK.StoreSimulator.Editor.ShopMasterFullRequirementsPhase3Runner:SetupVisualRestock () (at Assets/StoreSimulator/Editor/ShopMasterFullRequirementsPhase3Runner.cs:298)
FLOBUK.StoreSimulator.Editor.ShopMasterFullRequirementsPhase3Runner:OnUpdate () (at Assets/StoreSimulator/Editor/ShopMasterFullRequirementsPhase3Runner.cs:87)
UnityEditor.EditorApplication:Internal_CallUpdateFunctions ()

(Filename: Assets/Systems/EntrepreneurTree/EntrepreneurEmployeeSystem.cs Line: 238)

[EmployeeNPC] Employee #1 walking to workstation 'cashier_station_0' at (2.50, 0.08, 10.00).
UnityEngine.Debug:ExtractStackTraceNoAlloc (byte*,int,string)
UnityEngine.StackTraceUtility:ExtractStackTrace ()
UnityEngine.DebugLogHandler:Internal_Log (UnityEngine.LogType,UnityEngine.LogOption,string,UnityEngine.Object)
UnityEngine.DebugLogHandler:LogFormat (UnityEngine.LogType,UnityEngine.Object,string,object[])
UnityEngine.Logger:Log (UnityEngine.LogType,object)
UnityEngine.Debug:Log (object)
FLOBUK.StoreSimulator.EmployeeNPCSpawner:MoveNPCToWorkstation (int) (at Assets/Systems/EntrepreneurTree/EmployeeNPCSpawner.cs:578)
FLOBUK.StoreSimulator.EmployeeNPCSpawner:OnRoleChanged (int,FLOBUK.StoreSimulator.EmployeeRole) (at Assets/Systems/EntrepreneurTree/EmployeeNPCSpawner.cs:267)
FLOBUK.StoreSimulator.EntrepreneurEmployeeSystem:TryAssignRole (int,FLOBUK.StoreSimulator.EmployeeRole,string&) (at Assets/Systems/EntrepreneurTree/EntrepreneurEmployeeSystem.cs:239)
FLOBUK.StoreSimulator.Editor.ShopMasterFullRequirementsPhase3Runner:SetupVisualRestock () (at Assets/StoreSimulator/Editor/ShopMasterFullRequirementsPhase3Runner.cs:298)
FLOBUK.StoreSimulator.Editor.ShopMasterFullRequirementsPhase3Runner:OnUpdate () (at Assets/StoreSimulator/Editor/ShopMasterFullRequirementsPhase3Runner.cs:87)
UnityEditor.EditorApplication:Internal_CallUpdateFunctions ()

(Filename: Assets/Systems/EntrepreneurTree/EmployeeNPCSpawner.cs Line: 578)

[Workstation] Station 'cashier_station_0' released from employee #1
UnityEngine.Debug:ExtractStackTraceNoAlloc (byte*,int,string)
UnityEngine.StackTraceUtility:ExtractStackTrace ()
UnityEngine.DebugLogHandler:Internal_Log (UnityEngine.LogType,UnityEngine.LogOption,string,UnityEngine.Object)
UnityEngine.DebugLogHandler:LogFormat (UnityEngine.LogType,UnityEngine.Object,string,object[])
UnityEngine.Logger:Log (UnityEngine.LogType,object)
UnityEngine.Debug:Log (object)
FLOBUK.StoreSimulator.EmployeeWorkstation:Release () (at Assets/Systems/EntrepreneurTree/EmployeeWorkstation.cs:103)
FLOBUK.StoreSimulator.EmployeeWorkstationRegistry:ReleaseEmployee (int) (at Assets/Systems/EntrepreneurTree/EmployeeWorkstationRegistry.cs:199)
FLOBUK.StoreSimulator.EmployeeWorkstationRegistry:OnEmployeeRoleChanged (int,FLOBUK.StoreSimulator.EmployeeRole) (at Assets/Systems/EntrepreneurTree/EmployeeWorkstationRegistry.cs:349)
FLOBUK.StoreSimulator.EntrepreneurEmployeeSystem:TryAssignRole (int,FLOBUK.StoreSimulator.EmployeeRole,string&) (at Assets/Systems/EntrepreneurTree/EntrepreneurEmployeeSystem.cs:239)
FLOBUK.StoreSimulator.Editor.ShopMasterFullRequirementsPhase3Runner:SetupVisualRestock () (at Assets/StoreSimulator/Editor/ShopMasterFullRequirementsPhase3Runner.cs:298)
FLOBUK.StoreSimulator.Editor.ShopMasterFullRequirementsPhase3Runner:OnUpdate () (at Assets/StoreSimulator/Editor/ShopMasterFullRequirementsPhase3Runner.cs:87)
UnityEditor.EditorApplication:Internal_CallUpdateFunctions ()

(Filename: Assets/Systems/EntrepreneurTree/EmployeeWorkstation.cs Line: 103)

[Workstation] Station 'restocker_station_0' assigned to employee #1
UnityEngine.Debug:ExtractStackTraceNoAlloc (byte*,int,string)
UnityEngine.StackTraceUtility:ExtractStackTrace ()
UnityEngine.DebugLogHandler:Internal_Log (UnityEngine.LogType,UnityEngine.LogOption,string,UnityEngine.Object)
UnityEngine.DebugLogHandler:LogFormat (UnityEngine.LogType,UnityEngine.Object,string,object[])
UnityEngine.Logger:Log (UnityEngine.LogType,object)
UnityEngine.Debug:Log (object)
FLOBUK.StoreSimulator.EmployeeWorkstation:TryAssign (int) (at Assets/Systems/EntrepreneurTree/EmployeeWorkstation.cs:95)
FLOBUK.StoreSimulator.EmployeeWorkstationRegistry:TryAutoAssign (int,FLOBUK.StoreSimulator.EmployeeWorkstationType,string&) (at Assets/Systems/EntrepreneurTree/EmployeeWorkstationRegistry.cs:143)
FLOBUK.StoreSimulator.EmployeeWorkstationRegistry:OnEmployeeRoleChanged (int,FLOBUK.StoreSimulator.EmployeeRole) (at Assets/Systems/EntrepreneurTree/EmployeeWorkstationRegistry.cs:351)
FLOBUK.StoreSimulator.EntrepreneurEmployeeSystem:TryAssignRole (int,FLOBUK.StoreSimulator.EmployeeRole,string&) (at Assets/Systems/EntrepreneurTree/EntrepreneurEmployeeSystem.cs:239)
FLOBUK.StoreSimulator.Editor.ShopMasterFullRequirementsPhase3Runner:SetupVisualRestock () (at Assets/StoreSimulator/Editor/ShopMasterFullRequirementsPhase3Runner.cs:298)
FLOBUK.StoreSimulator.Editor.ShopMasterFullRequirementsPhase3Runner:OnUpdate () (at Assets/StoreSimulator/Editor/ShopMasterFullRequirementsPhase3Runner.cs:87)
UnityEditor.EditorApplication:Internal_CallUpdateFunctions ()

(Filename: Assets/Systems/EntrepreneurTree/EmployeeWorkstation.cs Line: 95)

[WorkstationReg] Auto-assigned employee #1 to station 'restocker_station_0'.
UnityEngine.Debug:ExtractStackTraceNoAlloc (byte*,int,string)
UnityEngine.StackTraceUtility:ExtractStackTrace ()
UnityEngine.DebugLogHandler:Internal_Log (UnityEngine.LogType,UnityEngine.LogOption,string,UnityEngine.Object)
UnityEngine.DebugLogHandler:LogFormat (UnityEngine.LogType,UnityEngine.Object,string,object[])
UnityEngine.Logger:Log (UnityEngine.LogType,object)
UnityEngine.Debug:Log (object)
FLOBUK.StoreSimulator.EmployeeWorkstationRegistry:TryAutoAssign (int,FLOBUK.StoreSimulator.EmployeeWorkstationType,string&) (at Assets/Systems/EntrepreneurTree/EmployeeWorkstationRegistry.cs:147)
FLOBUK.StoreSimulator.EmployeeWorkstationRegistry:OnEmployeeRoleChanged (int,FLOBUK.StoreSimulator.EmployeeRole) (at Assets/Systems/EntrepreneurTree/EmployeeWorkstationRegistry.cs:351)
FLOBUK.StoreSimulator.EntrepreneurEmployeeSystem:TryAssignRole (int,FLOBUK.StoreSimulator.EmployeeRole,string&) (at Assets/Systems/EntrepreneurTree/EntrepreneurEmployeeSystem.cs:239)
FLOBUK.StoreSimulator.Editor.ShopMasterFullRequirementsPhase3Runner:SetupVisualRestock () (at Assets/StoreSimulator/Editor/ShopMasterFullRequirementsPhase3Runner.cs:298)
FLOBUK.StoreSimulator.Editor.ShopMasterFullRequirementsPhase3Runner:OnUpdate () (at Assets/StoreSimulator/Editor/ShopMasterFullRequirementsPhase3Runner.cs:87)
UnityEditor.EditorApplication:Internal_CallUpdateFunctions ()

(Filename: Assets/Systems/EntrepreneurTree/EmployeeWorkstationRegistry.cs Line: 147)

[EmployeeNPC] Employee #1 walking to workstation 'restocker_station_0' at (2.01, 0.12, 2.80).
UnityEngine.Debug:ExtractStackTraceNoAlloc (byte*,int,string)
UnityEngine.StackTraceUtility:ExtractStackTrace ()
UnityEngine.DebugLogHandler:Internal_Log (UnityEngine.LogType,UnityEngine.LogOption,string,UnityEngine.Object)
UnityEngine.DebugLogHandler:LogFormat (UnityEngine.LogType,UnityEngine.Object,string,object[])
UnityEngine.Logger:Log (UnityEngine.LogType,object)
UnityEngine.Debug:Log (object)
FLOBUK.StoreSimulator.EmployeeNPCSpawner:MoveNPCToWorkstation (int) (at Assets/Systems/EntrepreneurTree/EmployeeNPCSpawner.cs:578)
FLOBUK.StoreSimulator.EmployeeNPCSpawner:RefreshNPCPosition (int) (at Assets/Systems/EntrepreneurTree/EmployeeNPCSpawner.cs:126)
FLOBUK.StoreSimulator.EmployeeWorkstationRegistry:TryAutoAssign (int,FLOBUK.StoreSimulator.EmployeeWorkstationType,string&) (at Assets/Systems/EntrepreneurTree/EmployeeWorkstationRegistry.cs:149)
FLOBUK.StoreSimulator.EmployeeWorkstationRegistry:OnEmployeeRoleChanged (int,FLOBUK.StoreSimulator.EmployeeRole) (at Assets/Systems/EntrepreneurTree/EmployeeWorkstationRegistry.cs:351)
FLOBUK.StoreSimulator.EntrepreneurEmployeeSystem:TryAssignRole (int,FLOBUK.StoreSimulator.EmployeeRole,string&) (at Assets/Systems/EntrepreneurTree/EntrepreneurEmployeeSystem.cs:239)
FLOBUK.StoreSimulator.Editor.ShopMasterFullRequirementsPhase3Runner:SetupVisualRestock () (at Assets/StoreSimulator/Editor/ShopMasterFullRequirementsPhase3Runner.cs:298)
FLOBUK.StoreSimulator.Editor.ShopMasterFullRequirementsPhase3Runner:OnUpdate () (at Assets/StoreSimulator/Editor/ShopMasterFullRequirementsPhase3Runner.cs:87)
UnityEditor.EditorApplication:Internal_CallUpdateFunctions ()

(Filename: Assets/Systems/EntrepreneurTree/EmployeeNPCSpawner.cs Line: 578)

[ShelfSlots] Assigned 'Leche' → 'PlacementArea (3)'.
UnityEngine.Debug:ExtractStackTraceNoAlloc (byte*,int,string)
UnityEngine.StackTraceUtility:ExtractStackTrace ()
UnityEngine.DebugLogHandler:Internal_Log (UnityEngine.LogType,UnityEngine.LogOption,string,UnityEngine.Object)
UnityEngine.DebugLogHandler:LogFormat (UnityEngine.LogType,UnityEngine.Object,string,object[])
UnityEngine.Logger:Log (UnityEngine.LogType,object)
UnityEngine.Debug:Log (object)
FLOBUK.StoreSimulator.ShelfProductSlotSystem:AssignProduct (FLOBUK.StoreSimulator.PlacementObject,FLOBUK.StoreSimulator.ProductScriptableObject,string&) (at Assets/Systems/Inventory/ShelfProductSlotSystem.cs:203)
FLOBUK.StoreSimulator.Editor.ShopMasterFullRequirementsPhase3Runner:SetupVisualRestock () (at Assets/StoreSimulator/Editor/ShopMasterFullRequirementsPhase3Runner.cs:301)
FLOBUK.StoreSimulator.Editor.ShopMasterFullRequirementsPhase3Runner:OnUpdate () (at Assets/StoreSimulator/Editor/ShopMasterFullRequirementsPhase3Runner.cs:87)
UnityEditor.EditorApplication:Internal_CallUpdateFunctions ()

(Filename: Assets/Systems/Inventory/ShelfProductSlotSystem.cs Line: 203)

[Inventory] Product arrived: Leche. Stock: boxes=9 shelf=0
UnityEngine.Debug:ExtractStackTraceNoAlloc (byte*,int,string)
UnityEngine.StackTraceUtility:ExtractStackTrace ()
UnityEngine.DebugLogHandler:Internal_Log (UnityEngine.LogType,UnityEngine.LogOption,string,UnityEngine.Object)
UnityEngine.DebugLogHandler:LogFormat (UnityEngine.LogType,UnityEngine.Object,string,object[])
UnityEngine.Logger:Log (UnityEngine.LogType,object)
UnityEngine.Debug:Log (object)
FLOBUK.StoreSimulator.ProductInventorySystem:OnProductPurchased (FLOBUK.StoreSimulator.ProductScriptableObject) (at Assets/Systems/Inventory/ProductInventorySystem.cs:231)
FLOBUK.StoreSimulator.DeliverySystem:Purchase (FLOBUK.StoreSimulator.PurchasableScriptableObject) (at Assets/StoreSimulator/Scripts/DeliverySystem.cs:138)
FLOBUK.StoreSimulator.Editor.ShopMasterFullRequirementsPhase3Runner:SetupVisualRestock () (at Assets/StoreSimulator/Editor/ShopMasterFullRequirementsPhase3Runner.cs:304)
FLOBUK.StoreSimulator.Editor.ShopMasterFullRequirementsPhase3Runner:OnUpdate () (at Assets/StoreSimulator/Editor/ShopMasterFullRequirementsPhase3Runner.cs:87)
UnityEditor.EditorApplication:Internal_CallUpdateFunctions ()

(Filename: Assets/Systems/Inventory/ProductInventorySystem.cs Line: 231)

[Restock] Restock: found missing product 'Leche' → 'PlacementArea (3)'. fill=0.00 [slot-assigned]
UnityEngine.Debug:ExtractStackTraceNoAlloc (byte*,int,string)
UnityEngine.StackTraceUtility:ExtractStackTrace ()
UnityEngine.DebugLogHandler:Internal_Log (UnityEngine.LogType,UnityEngine.LogOption,string,UnityEngine.Object)
UnityEngine.DebugLogHandler:LogFormat (UnityEngine.LogType,UnityEngine.Object,string,object[])
UnityEngine.Logger:Log (UnityEngine.LogType,object)
UnityEngine.Debug:Log (object)
FLOBUK.StoreSimulator.EmployeeRestockCoordinator:FindRestockTarget (FLOBUK.StoreSimulator.PackageObject&,FLOBUK.StoreSimulator.ProductScriptableObject&) (at Assets/Systems/EntrepreneurTree/EmployeeRestockCoordinator.cs:494)
FLOBUK.StoreSimulator.EmployeeRestockCoordinator:TryStartVisualTask () (at Assets/Systems/EntrepreneurTree/EmployeeRestockCoordinator.cs:167)
System.Reflection.RuntimeMethodInfo:Invoke (object,System.Reflection.BindingFlags,System.Reflection.Binder,object[],System.Globalization.CultureInfo)
System.Reflection.MethodBase:Invoke (object,object[])
FLOBUK.StoreSimulator.Editor.ShopMasterFullRequirementsPhase3Runner:InvokePrivate (object,string,object[]) (at Assets/StoreSimulator/Editor/ShopMasterFullRequirementsPhase3Runner.cs:398)
FLOBUK.StoreSimulator.Editor.ShopMasterFullRequirementsPhase3Runner:SetupVisualRestock () (at Assets/StoreSimulator/Editor/ShopMasterFullRequirementsPhase3Runner.cs:309)
FLOBUK.StoreSimulator.Editor.ShopMasterFullRequirementsPhase3Runner:OnUpdate () (at Assets/StoreSimulator/Editor/ShopMasterFullRequirementsPhase3Runner.cs:87)
UnityEditor.EditorApplication:Internal_CallUpdateFunctions ()

(Filename: Assets/Systems/EntrepreneurTree/EmployeeRestockCoordinator.cs Line: 494)

[Restock] Employee #1 state GoingToStorage product='Leche' target='PlacementArea (3)'.
UnityEngine.Debug:ExtractStackTraceNoAlloc (byte*,int,string)
UnityEngine.StackTraceUtility:ExtractStackTrace ()
UnityEngine.DebugLogHandler:Internal_Log (UnityEngine.LogType,UnityEngine.LogOption,string,UnityEngine.Object)
UnityEngine.DebugLogHandler:LogFormat (UnityEngine.LogType,UnityEngine.Object,string,object[])
UnityEngine.Logger:Log (UnityEngine.LogType,object)
UnityEngine.Debug:Log (object)
FLOBUK.StoreSimulator.EmployeeRestockCoordinator:SetTaskState (FLOBUK.StoreSimulator.EmployeeRestockCoordinator/RestockTaskState,int,FLOBUK.StoreSimulator.ProductScriptableObject,FLOBUK.StoreSimulator.PlacementObject) (at Assets/Systems/EntrepreneurTree/EmployeeRestockCoordinator.cs:395)
FLOBUK.StoreSimulator.EmployeeRestockCoordinator/<RunVisualTask>d__37:MoveNext () (at Assets/Systems/EntrepreneurTree/EmployeeRestockCoordinator.cs:197)
UnityEngine.SetupCoroutine:InvokeMoveNext (System.Collections.IEnumerator,intptr)
UnityEngine.MonoBehaviour:StartCoroutineManaged2 (System.Collections.IEnumerator)
UnityEngine.MonoBehaviour:StartCoroutine (System.Collections.IEnumerator)
FLOBUK.StoreSimulator.EmployeeRestockCoordinator:TryStartVisualTask () (at Assets/Systems/EntrepreneurTree/EmployeeRestockCoordinator.cs:185)
System.Reflection.RuntimeMethodInfo:Invoke (object,System.Reflection.BindingFlags,System.Reflection.Binder,object[],System.Globalization.CultureInfo)
System.Reflection.MethodBase:Invoke (object,object[])
FLOBUK.StoreSimulator.Editor.ShopMasterFullRequirementsPhase3Runner:InvokePrivate (object,string,object[]) (at Assets/StoreSimulator/Editor/ShopMasterFullRequirementsPhase3Runner.cs:398)
FLOBUK.StoreSimulator.Editor.ShopMasterFullRequirementsPhase3Runner:SetupVisualRestock () (at Assets/StoreSimulator/Editor/ShopMasterFullRequirementsPhase3Runner.cs:309)
FLOBUK.StoreSimulator.Editor.ShopMasterFullRequirementsPhase3Runner:OnUpdate () (at Assets/StoreSimulator/Editor/ShopMasterFullRequirementsPhase3Runner.cs:87)
UnityEditor.EditorApplication:Internal_CallUpdateFunctions ()

(Filename: Assets/Systems/EntrepreneurTree/EmployeeRestockCoordinator.cs Line: 395)

[Restock] Navigation target (9.99, 0.08, 4.16) resolved near (10.00, 2.00, 7.50).
UnityEngine.Debug:ExtractStackTraceNoAlloc (byte*,int,string)
UnityEngine.StackTraceUtility:ExtractStackTrace ()
UnityEngine.DebugLogHandler:Internal_Log (UnityEngine.LogType,UnityEngine.LogOption,string,UnityEngine.Object)
UnityEngine.DebugLogHandler:LogFormat (UnityEngine.LogType,UnityEngine.Object,string,object[])
UnityEngine.Logger:Log (UnityEngine.LogType,object)
UnityEngine.Debug:Log (object)
FLOBUK.StoreSimulator.EmployeeRestockCoordinator:TrySetDestination (UnityEngine.AI.NavMeshAgent,UnityEngine.Vector3) (at Assets/Systems/EntrepreneurTree/EmployeeRestockCoordinator.cs:279)
FLOBUK.StoreSimulator.EmployeeRestockCoordinator/<RunVisualTask>d__37:MoveNext () (at Assets/Systems/EntrepreneurTree/EmployeeRestockCoordinator.cs:198)
UnityEngine.SetupCoroutine:InvokeMoveNext (System.Collections.IEnumerator,intptr)
UnityEngine.MonoBehaviour:StartCoroutineManaged2 (System.Collections.IEnumerator)
UnityEngine.MonoBehaviour:StartCoroutine (System.Collections.IEnumerator)
FLOBUK.StoreSimulator.EmployeeRestockCoordinator:TryStartVisualTask () (at Assets/Systems/EntrepreneurTree/EmployeeRestockCoordinator.cs:185)
System.Reflection.RuntimeMethodInfo:Invoke (object,System.Reflection.BindingFlags,System.Reflection.Binder,object[],System.Globalization.CultureInfo)
System.Reflection.MethodBase:Invoke (object,object[])
FLOBUK.StoreSimulator.Editor.ShopMasterFullRequirementsPhase3Runner:InvokePrivate (object,string,object[]) (at Assets/StoreSimulator/Editor/ShopMasterFullRequirementsPhase3Runner.cs:398)
FLOBUK.StoreSimulator.Editor.ShopMasterFullRequirementsPhase3Runner:SetupVisualRestock () (at Assets/StoreSimulator/Editor/ShopMasterFullRequirementsPhase3Runner.cs:309)
FLOBUK.StoreSimulator.Editor.ShopMasterFullRequirementsPhase3Runner:OnUpdate () (at Assets/StoreSimulator/Editor/ShopMasterFullRequirementsPhase3Runner.cs:87)
UnityEditor.EditorApplication:Internal_CallUpdateFunctions ()

(Filename: Assets/Systems/EntrepreneurTree/EmployeeRestockCoordinator.cs Line: 279)

[Restock] Arrived in state GoingToStorage. moved=6.21, elapsed=2.76s.
UnityEngine.Debug:ExtractStackTraceNoAlloc (byte*,int,string)
UnityEngine.StackTraceUtility:ExtractStackTrace ()
UnityEngine.DebugLogHandler:Internal_Log (UnityEngine.LogType,UnityEngine.LogOption,string,UnityEngine.Object)
UnityEngine.DebugLogHandler:LogFormat (UnityEngine.LogType,UnityEngine.Object,string,object[])
UnityEngine.Logger:Log (UnityEngine.LogType,object)
UnityEngine.Debug:Log (object)
FLOBUK.StoreSimulator.EmployeeRestockCoordinator/<WaitForArrival>d__41:MoveNext () (at Assets/Systems/EntrepreneurTree/EmployeeRestockCoordinator.cs:347)
UnityEngine.SetupCoroutine:InvokeMoveNext (System.Collections.IEnumerator,intptr)

(Filename: Assets/Systems/EntrepreneurTree/EmployeeRestockCoordinator.cs Line: 347)

[Restock] Employee #1 state PickingStock product='Leche' target='PlacementArea (3)'.
UnityEngine.Debug:ExtractStackTraceNoAlloc (byte*,int,string)
UnityEngine.StackTraceUtility:ExtractStackTrace ()
UnityEngine.DebugLogHandler:Internal_Log (UnityEngine.LogType,UnityEngine.LogOption,string,UnityEngine.Object)
UnityEngine.DebugLogHandler:LogFormat (UnityEngine.LogType,UnityEngine.Object,string,object[])
UnityEngine.Logger:Log (UnityEngine.LogType,object)
UnityEngine.Debug:Log (object)
FLOBUK.StoreSimulator.EmployeeRestockCoordinator:SetTaskState (FLOBUK.StoreSimulator.EmployeeRestockCoordinator/RestockTaskState,int,FLOBUK.StoreSimulator.ProductScriptableObject,FLOBUK.StoreSimulator.PlacementObject) (at Assets/Systems/EntrepreneurTree/EmployeeRestockCoordinator.cs:395)
FLOBUK.StoreSimulator.EmployeeRestockCoordinator/<RunVisualTask>d__37:MoveNext () (at Assets/Systems/EntrepreneurTree/EmployeeRestockCoordinator.cs:204)
UnityEngine.SetupCoroutine:InvokeMoveNext (System.Collections.IEnumerator,intptr)

(Filename: Assets/Systems/EntrepreneurTree/EmployeeRestockCoordinator.cs Line: 395)

[Restock] Employee #1 state GoingToShelf product='Leche' target='PlacementArea (3)'.
UnityEngine.Debug:ExtractStackTraceNoAlloc (byte*,int,string)
UnityEngine.StackTraceUtility:ExtractStackTrace ()
UnityEngine.DebugLogHandler:Internal_Log (UnityEngine.LogType,UnityEngine.LogOption,string,UnityEngine.Object)
UnityEngine.DebugLogHandler:LogFormat (UnityEngine.LogType,UnityEngine.Object,string,object[])
UnityEngine.Logger:Log (UnityEngine.LogType,object)
UnityEngine.Debug:Log (object)
FLOBUK.StoreSimulator.EmployeeRestockCoordinator:SetTaskState (FLOBUK.StoreSimulator.EmployeeRestockCoordinator/RestockTaskState,int,FLOBUK.StoreSimulator.ProductScriptableObject,FLOBUK.StoreSimulator.PlacementObject) (at Assets/Systems/EntrepreneurTree/EmployeeRestockCoordinator.cs:395)
FLOBUK.StoreSimulator.EmployeeRestockCoordinator/<RunVisualTask>d__37:MoveNext () (at Assets/Systems/EntrepreneurTree/EmployeeRestockCoordinator.cs:212)
UnityEngine.SetupCoroutine:InvokeMoveNext (System.Collections.IEnumerator,intptr)

(Filename: Assets/Systems/EntrepreneurTree/EmployeeRestockCoordinator.cs Line: 395)

[Restock] Navigation target (-4.77, 0.09, 10.75) resolved near (-5.38, 1.73, 10.75).
UnityEngine.Debug:ExtractStackTraceNoAlloc (byte*,int,string)
UnityEngine.StackTraceUtility:ExtractStackTrace ()
UnityEngine.DebugLogHandler:Internal_Log (UnityEngine.LogType,UnityEngine.LogOption,string,UnityEngine.Object)
UnityEngine.DebugLogHandler:LogFormat (UnityEngine.LogType,UnityEngine.Object,string,object[])
UnityEngine.Logger:Log (UnityEngine.LogType,object)
UnityEngine.Debug:Log (object)
FLOBUK.StoreSimulator.EmployeeRestockCoordinator:TrySetDestination (UnityEngine.AI.NavMeshAgent,UnityEngine.Vector3) (at Assets/Systems/EntrepreneurTree/EmployeeRestockCoordinator.cs:279)
FLOBUK.StoreSimulator.EmployeeRestockCoordinator/<RunVisualTask>d__37:MoveNext () (at Assets/Systems/EntrepreneurTree/EmployeeRestockCoordinator.cs:213)
UnityEngine.SetupCoroutine:InvokeMoveNext (System.Collections.IEnumerator,intptr)

(Filename: Assets/Systems/EntrepreneurTree/EmployeeRestockCoordinator.cs Line: 279)

[Restock] Arrived in state GoingToShelf. moved=15.33, elapsed=6.96s.
UnityEngine.Debug:ExtractStackTraceNoAlloc (byte*,int,string)
UnityEngine.StackTraceUtility:ExtractStackTrace ()
UnityEngine.DebugLogHandler:Internal_Log (UnityEngine.LogType,UnityEngine.LogOption,string,UnityEngine.Object)
UnityEngine.DebugLogHandler:LogFormat (UnityEngine.LogType,UnityEngine.Object,string,object[])
UnityEngine.Logger:Log (UnityEngine.LogType,object)
UnityEngine.Debug:Log (object)
FLOBUK.StoreSimulator.EmployeeRestockCoordinator/<WaitForArrival>d__41:MoveNext () (at Assets/Systems/EntrepreneurTree/EmployeeRestockCoordinator.cs:347)
UnityEngine.SetupCoroutine:InvokeMoveNext (System.Collections.IEnumerator,intptr)

(Filename: Assets/Systems/EntrepreneurTree/EmployeeRestockCoordinator.cs Line: 347)

[Restock] Employee #1 state PlacingProduct product='Leche' target='PlacementArea (3)'.
UnityEngine.Debug:ExtractStackTraceNoAlloc (byte*,int,string)
UnityEngine.StackTraceUtility:ExtractStackTrace ()
UnityEngine.DebugLogHandler:Internal_Log (UnityEngine.LogType,UnityEngine.LogOption,string,UnityEngine.Object)
UnityEngine.DebugLogHandler:LogFormat (UnityEngine.LogType,UnityEngine.Object,string,object[])
UnityEngine.Logger:Log (UnityEngine.LogType,object)
UnityEngine.Debug:Log (object)
FLOBUK.StoreSimulator.EmployeeRestockCoordinator:SetTaskState (FLOBUK.StoreSimulator.EmployeeRestockCoordinator/RestockTaskState,int,FLOBUK.StoreSimulator.ProductScriptableObject,FLOBUK.StoreSimulator.PlacementObject) (at Assets/Systems/EntrepreneurTree/EmployeeRestockCoordinator.cs:395)
FLOBUK.StoreSimulator.EmployeeRestockCoordinator/<RunVisualTask>d__37:MoveNext () (at Assets/Systems/EntrepreneurTree/EmployeeRestockCoordinator.cs:219)
UnityEngine.SetupCoroutine:InvokeMoveNext (System.Collections.IEnumerator,intptr)

(Filename: Assets/Systems/EntrepreneurTree/EmployeeRestockCoordinator.cs Line: 395)

[Restock] Employee #1 state ReturningOrIdle product='Leche' target='PlacementArea (3)'.
UnityEngine.Debug:ExtractStackTraceNoAlloc (byte*,int,string)
UnityEngine.StackTraceUtility:ExtractStackTrace ()
UnityEngine.DebugLogHandler:Internal_Log (UnityEngine.LogType,UnityEngine.LogOption,string,UnityEngine.Object)
UnityEngine.DebugLogHandler:LogFormat (UnityEngine.LogType,UnityEngine.Object,string,object[])
UnityEngine.Logger:Log (UnityEngine.LogType,object)
UnityEngine.Debug:Log (object)
FLOBUK.StoreSimulator.EmployeeRestockCoordinator:SetTaskState (FLOBUK.StoreSimulator.EmployeeRestockCoordinator/RestockTaskState,int,FLOBUK.StoreSimulator.ProductScriptableObject,FLOBUK.StoreSimulator.PlacementObject) (at Assets/Systems/EntrepreneurTree/EmployeeRestockCoordinator.cs:395)
FLOBUK.StoreSimulator.EmployeeRestockCoordinator/<RunVisualTask>d__37:MoveNext () (at Assets/Systems/EntrepreneurTree/EmployeeRestockCoordinator.cs:235)
UnityEngine.SetupCoroutine:InvokeMoveNext (System.Collections.IEnumerator,intptr)

(Filename: Assets/Systems/EntrepreneurTree/EmployeeRestockCoordinator.cs Line: 395)

[EmployeeNPC] Employee #1 walking to workstation 'restocker_station_0' at (2.01, 0.12, 2.80).
UnityEngine.Debug:ExtractStackTraceNoAlloc (byte*,int,string)
UnityEngine.StackTraceUtility:ExtractStackTrace ()
UnityEngine.DebugLogHandler:Internal_Log (UnityEngine.LogType,UnityEngine.LogOption,string,UnityEngine.Object)
UnityEngine.DebugLogHandler:LogFormat (UnityEngine.LogType,UnityEngine.Object,string,object[])
UnityEngine.Logger:Log (UnityEngine.LogType,object)
UnityEngine.Debug:Log (object)
FLOBUK.StoreSimulator.EmployeeNPCSpawner:MoveNPCToWorkstation (int) (at Assets/Systems/EntrepreneurTree/EmployeeNPCSpawner.cs:578)
FLOBUK.StoreSimulator.EmployeeNPCSpawner:RefreshNPCPosition (int) (at Assets/Systems/EntrepreneurTree/EmployeeNPCSpawner.cs:126)
FLOBUK.StoreSimulator.EmployeeRestockCoordinator/<RunVisualTask>d__37:MoveNext () (at Assets/Systems/EntrepreneurTree/EmployeeRestockCoordinator.cs:236)
UnityEngine.SetupCoroutine:InvokeMoveNext (System.Collections.IEnumerator,intptr)

(Filename: Assets/Systems/EntrepreneurTree/EmployeeNPCSpawner.cs Line: 578)

[Restock] State Idle.
UnityEngine.Debug:ExtractStackTraceNoAlloc (byte*,int,string)
UnityEngine.StackTraceUtility:ExtractStackTrace ()
UnityEngine.DebugLogHandler:Internal_Log (UnityEngine.LogType,UnityEngine.LogOption,string,UnityEngine.Object)
UnityEngine.DebugLogHandler:LogFormat (UnityEngine.LogType,UnityEngine.Object,string,object[])
UnityEngine.Logger:Log (UnityEngine.LogType,object)
UnityEngine.Debug:Log (object)
FLOBUK.StoreSimulator.EmployeeRestockCoordinator/<RunVisualTask>d__37:<>m__Finally1 () (at Assets/Systems/EntrepreneurTree/EmployeeRestockCoordinator.cs:244)
FLOBUK.StoreSimulator.EmployeeRestockCoordinator/<RunVisualTask>d__37:MoveNext () (at Assets/Systems/EntrepreneurTree/EmployeeRestockCoordinator.cs:237)
UnityEngine.SetupCoroutine:InvokeMoveNext (System.Collections.IEnumerator,intptr)

(Filename: Assets/Systems/EntrepreneurTree/EmployeeRestockCoordinator.cs Line: 244)

Unloading 16 Unused Serialized files (Serialized files now loaded: 0)
Loaded scene 'Temp/__Backupscenes/0.backup'
	Deserialize:            36.015 ms
	Integration:            352.562 ms
	Integration of assets:  0.040 ms
	Thread Wait Time:       0.010 ms
	Total Operation Time:   388.628 ms
Unloading 20 unused Assets / (72.8 KB). Loaded Objects now: 14185.
Memory consumption went from 239.2 MB to 239.1 MB.
Total: 19.376500 ms (FindLiveObjects: 0.974600 ms CreateObjectMapping: 0.590000 ms MarkObjects: 17.590000 ms  DeleteObjects: 0.220400 ms)

[UnityConnectServicesConfig] config is NOT valid, switching to default
[Physics::Module] Cleanup current backned.
[Physics::Module] Id: 0xf2b8ea05
Input System module state changed to: ShutdownInProgress.
Input System polling thread exited.
Input System module state changed to: Shutdown.
[Licensing::IpcConnector] License Notification channel disconnected successfully.
[Licensing::IpcConnector] License Client channel disconnected successfully.
AcceleratorClientConnectionCallback - disconnected - :0
Cleanup mono
Checking for leaked weakptr:
  Found no leaked weakptrs.
[Package Manager] Server process was shutdown
##utp:{"type":"MemoryLeaks","version":2,"phase":"Immediate","time":1780480890361,"processId":28916,"allocatedMemory":15093058,"memoryLabels":[{"Default":26077},{"Permanent":15356},{"NewDelete":83561},{"Thread":4230384},{"Manager":817146},{"VertexData":296},{"Geometry":816},{"Texture":160},{"Shader":78795},{"Material":24},{"GfxDevice":55352},{"Animation":328},{"Audio":4040},{"FontEngine":256},{"Physics":929},{"Serialization":968},{"Input":14824},{"JobScheduler":44528},{"TextLib":32},{"Mono":32},{"ScriptingNativeRuntime":155060},{"BaseObject":1619920},{"Resource":1304},{"Renderer":2928},{"Transform":4646},{"File":3933},{"WebCam":752},{"Culling":32},{"Terrain":11394},{"Wind":24},{"STL":40},{"String":15088},{"DynamicArray":124593},{"HashMap":102333},{"Utility":2664222},{"Curl":880},{"PoolAlloc":1960},{"AI":104},{"TypeTree":5005},{"ScriptManager":512},{"RuntimeInitializeOnLoadManager":64},{"SpriteAtlas":112},{"GI":7928},{"Director":8240},{"CloudService":8216},{"WebRequest":848},{"VR":45961},{"SceneManager":496},{"Video":64},{"LazyScriptCache":32},{"NativeArray":8},{"Camera":17},{"Secure":1},{"SerializationCache":1576},{"APIUpdating":10320},{"Subsystems":336},{"VirtualTexturing":57888},{"StaticSafetyDebugInfo":278528},{"Analytics":560},{"Hierarchy":272},{"Gui":80},{"EditorUtility":53723},{"VersionControl":4},{"Undo":912},{"AssetDatabase":4473240},{"EditorGi":360},{"UnityConnect":24208},{"Upm":1996},{"DrivenProperties":72},{"LocalIPC":260},{"ProfilerEditor":9738},{"CoreBusinessMetrics":14676},{"Licensing":3624},{"AssetReference":32},{"IPCStream":32}]}
