[Licensing::Module] Trying to connect to existing licensing client channel...
[Licensing::IpcConnector] Connection attempt to the License Client on channel: "LicenseClient-ijuan" failed because channel doesn't exist; code: "0x80000002"
[Licensing::Module] Successfully launched the LicensingClient (PId: 24648)
[Licensing::IpcConnector] Successfully connected to the License Client on channel: "LicenseClient-ijuan" at "2026-06-04T07:10:45.1820857Z"
[Licensing::Client] Error: Code 10 while verifying Licensing Client signature (process Id: 24648, path: "C:/Program Files/Unity/Hub/Editor/6000.0.37f1/Editor/Data/Resources/Licensing/Client/Unity.Licensing.Client.exe")
[Licensing::Module] Error: LicensingClient has failed validation; ignoring
[Licensing::Client] Handshaking with LicensingClient:
  Version:                 1.16.2+bdef8f5
  Session Id:              4526e2f920b2427fbc537ab76c5a2049
  Correlation Id:          c95a760827b7d75957b20e329d3892c7
  External correlation Id: 7458782326953620485
  Machine Id:              gVJ6FeRbdgyjoE5vwQkvsLBPWB4=
[Licensing::Module] Successfully connected to LicensingClient on channel: "LicenseClient-ijuan" (connect: 1.29s, validation: 0.12s, handshake: 0.05s)
[Licensing::IpcConnector] Successfully connected to the License Notification on channel: "LicenseClient-ijuan-notifications" at "2026-06-04T07:10:45.3469268Z"
[Licensing::Module] Connected to LicensingClient (PId: 24648, launch time: 0.01, total connection time: 1.45s)
[Licensing::Module] Error: Access token is unavailable; failed to update
[Licensing::Client] Error: Code 500 while processing request (status: Unable to update licenses. Errors: No ULF license found.,Token not found in cache)
[Licensing::Client] Error: Code 500 while updating license in client (status: Unable to update licenses. Errors: No ULF license found.,Token not found in cache)
Built from '6000.0/staging' branch; Version is '6000.0.37f1 (090b7797214c) revision 592759'; Using compiler version '193933523'; Build Type 'Release'
OS: 'Windows 11  (10.0.26200) 64bit Core' Language: 'es' Physical Memory: 16163 MB
[Licensing::Client] Successfully resolved entitlement details
[Licensing::Module] Serial number assigned to: "4674061739545-UnityPersXXXX"
BatchMode: 1, IsHumanControllingUs: 0, StartBugReporterOnCrash: 0, Is64bit: 1, IsPro: 0
[Licensing::Client] Successfully resolved entitlement details

COMMAND LINE ARGUMENTS:
C:\Program Files\Unity\Hub\Editor\6000.0.37f1\Editor\Unity.exe
-batchmode
-projectPath
C:\Users\ijuan\Animo
-executeMethod
FLOBUK.StoreSimulator.Editor.ShopMasterEntrepreneurTreeUnlockRulesAuditRunner.Run
-logFile
C:\Users\ijuan\Animo\Documentos\Unity_TreeUnlockRulesAudit.log
Successfully changed project path to: C:\Users\ijuan\Animo
C:/Users/ijuan/Animo
[UnityMemory] Configuration Parameters - Can be set up in boot.config
    "memorysetup-bucket-allocator-granularity=16"
    "memorysetup-bucket-allocator-bucket-count=8"
    "memorysetup-bucket-allocator-block-size=33554432"
    "memorysetup-bucket-allocator-block-count=8"
    "memorysetup-main-allocator-block-size=16777216"
    "memorysetup-thread-allocator-block-size=16777216"
    "memorysetup-gfx-main-allocator-block-size=16777216"
    "memorysetup-gfx-thread-allocator-block-size=16777216"
    "memorysetup-cache-allocator-block-size=4194304"
    "memorysetup-typetree-allocator-block-size=2097152"
    "memorysetup-profiler-bucket-allocator-granularity=16"
    "memorysetup-profiler-bucket-allocator-bucket-count=8"
    "memorysetup-profiler-bucket-allocator-block-size=33554432"
    "memorysetup-profiler-bucket-allocator-block-count=8"
    "memorysetup-profiler-allocator-block-size=16777216"
    "memorysetup-profiler-editor-allocator-block-size=1048576"
    "memorysetup-temp-allocator-size-main=16777216"
    "memorysetup-job-temp-allocator-block-size=2097152"
    "memorysetup-job-temp-allocator-block-size-background=1048576"
    "memorysetup-job-temp-allocator-reduction-small-platforms=262144"
    "memorysetup-allocator-temp-initial-block-size-main=262144"
    "memorysetup-allocator-temp-initial-block-size-worker=262144"
    "memorysetup-temp-allocator-size-background-worker=32768"
    "memorysetup-temp-allocator-size-job-worker=262144"
    "memorysetup-temp-allocator-size-preload-manager=33554432"
    "memorysetup-temp-allocator-size-nav-mesh-worker=65536"
    "memorysetup-temp-allocator-size-audio-worker=65536"
    "memorysetup-temp-allocator-size-cloud-worker=32768"
    "memorysetup-temp-allocator-size-gi-baking-worker=262144"
    "memorysetup-temp-allocator-size-gi-baking-worker=262144"
    "memorysetup-temp-allocator-size-gi-baking-worker=262144"
    "memorysetup-temp-allocator-size-gi-baking-worker=262144"
    "memorysetup-temp-allocator-size-gi-baking-worker=262144"
    "memorysetup-temp-allocator-size-gfx=262144"
Player connection [3328]  Target information:

Player connection [3328]  * "[IP] 192.168.100.38 [Port] 55504 [Flags] 2 [Guid] 2169192395 [EditorId] 2169192395 [Version] 1048832 [Id] WindowsEditor(7,LAP-JUANDEJUAN) [Debug] 1 [PackageName] WindowsEditor [ProjectName] Editor" 

Player connection [3328]  * "[IP] 192.168.56.1 [Port] 55504 [Flags] 2 [Guid] 2169192395 [EditorId] 2169192395 [Version] 1048832 [Id] WindowsEditor(7,LAP-JUANDEJUAN) [Debug] 1 [PackageName] WindowsEditor [ProjectName] Editor" 

Player connection [3328] Host joined multi-casting on [225.0.0.222:54997]...
Player connection [3328] Host joined alternative multi-casting on [225.0.0.222:34997]...
Input System module state changed to: Initialized.
[Physics::Module] Initialized fallback backend.
[Physics::Module] Id: 0xdecafbad
[Package Manager] Connected to IPC stream "Upm-4952" after 0.5 seconds.
Library Redirect Path: Library/
[Package Manager] Restoring resolved packages state from cache
[Licensing::Client] Successfully resolved entitlement details
[Package Manager] Registered 57 packages:
  Packages from [https://packages.unity.com]:
    com.unity.ai.navigation@2.0.5 (location: C:\Users\ijuan\Animo\Library\PackageCache\com.unity.ai.navigation@9f76b145f0a8)
    com.unity.collab-proxy@2.12.4 (location: C:\Users\ijuan\Animo\Library\PackageCache\com.unity.collab-proxy@0b1559bcd34e)
    com.unity.ide.rider@3.0.31 (location: C:\Users\ijuan\Animo\Library\PackageCache\com.unity.ide.rider@7921be93db40)
    com.unity.ide.visualstudio@2.0.22 (location: C:\Users\ijuan\Animo\Library\PackageCache\com.unity.ide.visualstudio@8140e851d83e)
    com.unity.inputsystem@1.16.0 (location: C:\Users\ijuan\Animo\Library\PackageCache\com.unity.inputsystem@552acc76aabe)
    com.unity.test-framework@1.4.5 (location: C:\Users\ijuan\Animo\Library\PackageCache\com.unity.test-framework@0a21eb82d95c)
    com.unity.timeline@1.8.7 (location: C:\Users\ijuan\Animo\Library\PackageCache\com.unity.timeline@c58b4ee65782)
    com.unity.visualscripting@1.9.5 (location: C:\Users\ijuan\Animo\Library\PackageCache\com.unity.visualscripting@1b53f46e931b)
    com.unity.ext.nunit@2.0.5 (location: C:\Users\ijuan\Animo\Library\PackageCache\com.unity.ext.nunit@60ef35ffd3cd)
    com.unity.searcher@4.9.2 (location: C:\Users\ijuan\Animo\Library\PackageCache\com.unity.searcher@90d011a70418)
    com.unity.burst@1.8.19 (location: C:\Users\ijuan\Animo\Library\PackageCache\com.unity.burst@7a907cf5a459)
    com.unity.mathematics@1.3.2 (location: C:\Users\ijuan\Animo\Library\PackageCache\com.unity.mathematics@8017b507cc74)
    com.unity.collections@2.5.1 (location: C:\Users\ijuan\Animo\Library\PackageCache\com.unity.collections@56bff8827a7e)
    com.unity.nuget.mono-cecil@1.11.4 (location: C:\Users\ijuan\Animo\Library\PackageCache\com.unity.nuget.mono-cecil@d6f9955a5d5f)
    com.unity.test-framework.performance@3.0.3 (location: C:\Users\ijuan\Animo\Library\PackageCache\com.unity.test-framework.performance@fb0dc592af8b)
  Built-in packages:
    com.unity.2d.sprite@1.0.0 (location: C:\Users\ijuan\Animo\Library\PackageCache\com.unity.2d.sprite@072d7bd355e5)
    com.unity.multiplayer.center@1.0.0 (location: C:\Users\ijuan\Animo\Library\PackageCache\com.unity.multiplayer.center@f502d8ac613f)
    com.unity.render-pipelines.core@17.0.3 (location: C:\Users\ijuan\Animo\Library\PackageCache\com.unity.render-pipelines.core@89eb3bdcd743)
    com.unity.render-pipelines.universal@17.0.3 (location: C:\Users\ijuan\Animo\Library\PackageCache\com.unity.render-pipelines.universal@15fef0f41df6)
    com.unity.render-pipelines.universal-config@17.0.3 (location: C:\Users\ijuan\Animo\Library\PackageCache\com.unity.render-pipelines.universal-config@fa63c96d3e1a)
    com.unity.shadergraph@17.0.3 (location: C:\Users\ijuan\Animo\Library\PackageCache\com.unity.shadergraph@911117698220)
    com.unity.ugui@2.0.0 (location: C:\Users\ijuan\Animo\Library\PackageCache\com.unity.ugui@603b5c2e4e5a)
    com.unity.modules.accessibility@1.0.0 (location: C:\Program Files\Unity\Hub\Editor\6000.0.37f1\Editor\Data\Resources\PackageManager\BuiltInPackages\com.unity.modules.accessibility)
    com.unity.modules.ai@1.0.0 (location: C:\Program Files\Unity\Hub\Editor\6000.0.37f1\Editor\Data\Resources\PackageManager\BuiltInPackages\com.unity.modules.ai)
    com.unity.modules.androidjni@1.0.0 (location: C:\Program Files\Unity\Hub\Editor\6000.0.37f1\Editor\Data\Resources\PackageManager\BuiltInPackages\com.unity.modules.androidjni)
    com.unity.modules.animation@1.0.0 (location: C:\Program Files\Unity\Hub\Editor\6000.0.37f1\Editor\Data\Resources\PackageManager\BuiltInPackages\com.unity.modules.animation)
    com.unity.modules.assetbundle@1.0.0 (location: C:\Program Files\Unity\Hub\Editor\6000.0.37f1\Editor\Data\Resources\PackageManager\BuiltInPackages\com.unity.modules.assetbundle)
    com.unity.modules.audio@1.0.0 (location: C:\Program Files\Unity\Hub\Editor\6000.0.37f1\Editor\Data\Resources\PackageManager\BuiltInPackages\com.unity.modules.audio)
    com.unity.modules.cloth@1.0.0 (location: C:\Program Files\Unity\Hub\Editor\6000.0.37f1\Editor\Data\Resources\PackageManager\BuiltInPackages\com.unity.modules.cloth)
    com.unity.modules.director@1.0.0 (location: C:\Program Files\Unity\Hub\Editor\6000.0.37f1\Editor\Data\Resources\PackageManager\BuiltInPackages\com.unity.modules.director)
    com.unity.modules.imageconversion@1.0.0 (location: C:\Program Files\Unity\Hub\Editor\6000.0.37f1\Editor\Data\Resources\PackageManager\BuiltInPackages\com.unity.modules.imageconversion)
    com.unity.modules.imgui@1.0.0 (location: C:\Program Files\Unity\Hub\Editor\6000.0.37f1\Editor\Data\Resources\PackageManager\BuiltInPackages\com.unity.modules.imgui)
    com.unity.modules.jsonserialize@1.0.0 (location: C:\Program Files\Unity\Hub\Editor\6000.0.37f1\Editor\Data\Resources\PackageManager\BuiltInPackages\com.unity.modules.jsonserialize)
    com.unity.modules.particlesystem@1.0.0 (location: C:\Program Files\Unity\Hub\Editor\6000.0.37f1\Editor\Data\Resources\PackageManager\BuiltInPackages\com.unity.modules.particlesystem)
    com.unity.modules.physics@1.0.0 (location: C:\Program Files\Unity\Hub\Editor\6000.0.37f1\Editor\Data\Resources\PackageManager\BuiltInPackages\com.unity.modules.physics)
    com.unity.modules.physics2d@1.0.0 (location: C:\Program Files\Unity\Hub\Editor\6000.0.37f1\Editor\Data\Resources\PackageManager\BuiltInPackages\com.unity.modules.physics2d)
    com.unity.modules.screencapture@1.0.0 (location: C:\Program Files\Unity\Hub\Editor\6000.0.37f1\Editor\Data\Resources\PackageManager\BuiltInPackages\com.unity.modules.screencapture)
    com.unity.modules.terrain@1.0.0 (location: C:\Program Files\Unity\Hub\Editor\6000.0.37f1\Editor\Data\Resources\PackageManager\BuiltInPackages\com.unity.modules.terrain)
    com.unity.modules.terrainphysics@1.0.0 (location: C:\Program Files\Unity\Hub\Editor\6000.0.37f1\Editor\Data\Resources\PackageManager\BuiltInPackages\com.unity.modules.terrainphysics)
    com.unity.modules.tilemap@1.0.0 (location: C:\Program Files\Unity\Hub\Editor\6000.0.37f1\Editor\Data\Resources\PackageManager\BuiltInPackages\com.unity.modules.tilemap)
    com.unity.modules.ui@1.0.0 (location: C:\Program Files\Unity\Hub\Editor\6000.0.37f1\Editor\Data\Resources\PackageManager\BuiltInPackages\com.unity.modules.ui)
    com.unity.modules.uielements@1.0.0 (location: C:\Program Files\Unity\Hub\Editor\6000.0.37f1\Editor\Data\Resources\PackageManager\BuiltInPackages\com.unity.modules.uielements)
    com.unity.modules.umbra@1.0.0 (location: C:\Program Files\Unity\Hub\Editor\6000.0.37f1\Editor\Data\Resources\PackageManager\BuiltInPackages\com.unity.modules.umbra)
    com.unity.modules.unityanalytics@1.0.0 (location: C:\Program Files\Unity\Hub\Editor\6000.0.37f1\Editor\Data\Resources\PackageManager\BuiltInPackages\com.unity.modules.unityanalytics)
    com.unity.modules.unitywebrequest@1.0.0 (location: C:\Program Files\Unity\Hub\Editor\6000.0.37f1\Editor\Data\Resources\PackageManager\BuiltInPackages\com.unity.modules.unitywebrequest)
    com.unity.modules.unitywebrequestassetbundle@1.0.0 (location: C:\Program Files\Unity\Hub\Editor\6000.0.37f1\Editor\Data\Resources\PackageManager\BuiltInPackages\com.unity.modules.unitywebrequestassetbundle)
    com.unity.modules.unitywebrequestaudio@1.0.0 (location: C:\Program Files\Unity\Hub\Editor\6000.0.37f1\Editor\Data\Resources\PackageManager\BuiltInPackages\com.unity.modules.unitywebrequestaudio)
    com.unity.modules.unitywebrequesttexture@1.0.0 (location: C:\Program Files\Unity\Hub\Editor\6000.0.37f1\Editor\Data\Resources\PackageManager\BuiltInPackages\com.unity.modules.unitywebrequesttexture)
    com.unity.modules.unitywebrequestwww@1.0.0 (location: C:\Program Files\Unity\Hub\Editor\6000.0.37f1\Editor\Data\Resources\PackageManager\BuiltInPackages\com.unity.modules.unitywebrequestwww)
    com.unity.modules.vehicles@1.0.0 (location: C:\Program Files\Unity\Hub\Editor\6000.0.37f1\Editor\Data\Resources\PackageManager\BuiltInPackages\com.unity.modules.vehicles)
    com.unity.modules.video@1.0.0 (location: C:\Program Files\Unity\Hub\Editor\6000.0.37f1\Editor\Data\Resources\PackageManager\BuiltInPackages\com.unity.modules.video)
    com.unity.modules.vr@1.0.0 (location: C:\Program Files\Unity\Hub\Editor\6000.0.37f1\Editor\Data\Resources\PackageManager\BuiltInPackages\com.unity.modules.vr)
    com.unity.modules.wind@1.0.0 (location: C:\Program Files\Unity\Hub\Editor\6000.0.37f1\Editor\Data\Resources\PackageManager\BuiltInPackages\com.unity.modules.wind)
    com.unity.modules.xr@1.0.0 (location: C:\Program Files\Unity\Hub\Editor\6000.0.37f1\Editor\Data\Resources\PackageManager\BuiltInPackages\com.unity.modules.xr)
    com.unity.modules.subsystems@1.0.0 (location: C:\Program Files\Unity\Hub\Editor\6000.0.37f1\Editor\Data\Resources\PackageManager\BuiltInPackages\com.unity.modules.subsystems)
    com.unity.modules.hierarchycore@1.0.0 (location: C:\Program Files\Unity\Hub\Editor\6000.0.37f1\Editor\Data\Resources\PackageManager\BuiltInPackages\com.unity.modules.hierarchycore)
    com.unity.rendering.light-transport@1.0.1 (location: C:\Users\ijuan\Animo\Library\PackageCache\com.unity.rendering.light-transport@307bc27a498f)
[Physics::Module] Selected backend.
[Physics::Module] Name: PhysX
[Physics::Module] Id: 0xf2b8ea05
[Physics::Module] SDK Version: 4.1.2
[Physics::Module] Integration Version: 1.0.0
[Physics::Module] Threading Mode: Multi-Threaded
[Subsystems] No new subsystems found in resolved package list.
Package Manager log level set to [2]
[Package Manager] Done registering packages in 0.13 seconds
Refreshing native plugins compatible for Editor in 5.02 ms, found 4 plugins.
Preloading 0 native plugins for Editor in 0.00 ms.
Initialize engine version: 6000.0.37f1 (090b7797214c)
[Subsystems] Discovering subsystems at path C:/Program Files/Unity/Hub/Editor/6000.0.37f1/Editor/Data/Resources/UnitySubsystems
[Subsystems] Discovering subsystems at path C:/Users/ijuan/Animo/Assets
GfxDevice: creating device client; kGfxThreadingModeNonThreaded
Direct3D:
    Version:  Direct3D 11.0 [level 11.1]
    Renderer: NVIDIA GeForce RTX 3050 Ti Laptop GPU (ID=0x25a0)
    Vendor:   NVIDIA
    VRAM:     3962 MB
    Driver:   32.0.15.9186
[Licensing::Client] Successfully resolved entitlement details
Initialize mono
Mono path[0] = 'C:/Program Files/Unity/Hub/Editor/6000.0.37f1/Editor/Data/Managed'
Mono path[1] = 'C:/Program Files/Unity/Hub/Editor/6000.0.37f1/Editor/Data/MonoBleedingEdge/lib/mono/unityjit-win32'
Mono config path = 'C:/Program Files/Unity/Hub/Editor/6000.0.37f1/Editor/Data/MonoBleedingEdge/etc'
Using monoOptions --debugger-agent=transport=dt_socket,embedding=1,server=y,suspend=n,address=127.0.0.1:56952
Using cacheserver namespaces - metadata:defaultmetadata, artifacts:defaultartifacts
Using cacheserver namespaces - metadata:defaultmetadata, artifacts:defaultartifacts
ImportWorker Server TCP listen port: 0
AcceleratorClientConnectionCallback - disconnected - :0
Begin MonoManager ReloadAssembly
Registering precompiled unity dll's ...
Register platform support module: C:/Program Files/Unity/Hub/Editor/6000.0.37f1/Editor/Data/PlaybackEngines/WebGLSupport/UnityEditor.WebGL.Extensions.dll
Register platform support module: C:/Program Files/Unity/Hub/Editor/6000.0.37f1/Editor/Data/PlaybackEngines/WindowsStandaloneSupport/UnityEditor.WindowsStandalone.Extensions.dll
Registered in 0.007414 seconds.
- Loaded All Assemblies, in  0.685 seconds
Native extension for WindowsStandalone target not found
Native extension for WebGL target not found
Mono: successfully reloaded assembly
- Finished resetting the current domain, in  0.580 seconds
Domain Reload Profiling: 1261ms
	BeginReloadAssembly (220ms)
		ExecutionOrderSort (0ms)
		DisableScriptedObjects (0ms)
		BackupInstance (0ms)
		ReleaseScriptingObjects (0ms)
		CreateAndSetChildDomain (1ms)
	RebuildCommonClasses (59ms)
	RebuildNativeTypeToScriptingClass (20ms)
	initialDomainReloadingComplete (82ms)
	LoadAllAssembliesAndSetupDomain (300ms)
		LoadAssemblies (215ms)
		RebuildTransferFunctionScriptingTraits (0ms)
		AnalyzeDomain (295ms)
			TypeCache.Refresh (292ms)
				TypeCache.ScanAssembly (268ms)
			BuildScriptInfoCaches (0ms)
			ResolveRequiredComponents (1ms)
	FinalizeReload (581ms)
		ReleaseScriptCaches (0ms)
		RebuildScriptCaches (0ms)
		SetupLoadedEditorAssemblies (515ms)
			LogAssemblyErrors (0ms)
			InitializePlatformSupportModulesInManaged (50ms)
			SetLoadedEditorAssemblies (7ms)
			BeforeProcessingInitializeOnLoad (89ms)
			ProcessInitializeOnLoadAttributes (262ms)
			ProcessInitializeOnLoadMethodAttributes (107ms)
			AfterProcessingInitializeOnLoad (0ms)
			EditorAssembliesLoaded (0ms)
		ExecutionOrderSort2 (0ms)
		AwakeInstancesAfterBackupRestoration (0ms)
[Licensing::Client] Successfully resolved entitlement details
Application.AssetDatabase Initial Refresh Start
Starting: C:\Program Files\Unity\Hub\Editor\6000.0.37f1\Editor\Data\bee_backend.exe --dont-print-to-structured-log --ipc --defer-dag-verification --dagfile="Library/Bee/1900b0aE.dag" --continue-on-failure --profile="Library/Bee/backend1.traceevents" ScriptAssemblies
WorkingDir: C:/Users/ijuan/Animo
DisplayProgressbar: Compiling Scripts
ExitCode: 0 Duration: 0s778ms
[636/808    0s] ILPP-Configuration Library/ilpp-configuration.nevergeneratedoutput
*** Tundra build success (0.71 seconds), 1 items updated, 808 evaluated
AssetDatabase: script compilation time: 1.622856s
Begin MonoManager ReloadAssembly
- Loaded All Assemblies, in  1.475 seconds
Refreshing native plugins compatible for Editor in 5.12 ms, found 4 plugins.
Native extension for WindowsStandalone target not found
Native extension for WebGL target not found
Refreshing native plugins compatible for Editor in 3.53 ms, found 4 plugins.
The project currently uses the compatibility mode where the Render Graph API is disabled. Support for this mode will be removed in future Unity versions. Migrate existing ScriptableRenderPasses to the new RenderGraph API. After the migration, disable the compatibility mode in Edit > Projects Settings > Graphics > Render Graph.
UnityEngine.Debug:ExtractStackTraceNoAlloc (byte*,int,string)
UnityEngine.StackTraceUtility:ExtractStackTrace ()
UnityEngine.DebugLogHandler:Internal_Log (UnityEngine.LogType,UnityEngine.LogOption,string,UnityEngine.Object)
UnityEngine.DebugLogHandler:LogFormat (UnityEngine.LogType,UnityEngine.Object,string,object[])
UnityEngine.Logger:Log (UnityEngine.LogType,object)
UnityEngine.Debug:LogWarning (object)
UnityEngine.Rendering.Universal.WarnUsingNonRenderGraph:EmitConsoleWarning () (at ./Library/PackageCache/com.unity.render-pipelines.universal@15fef0f41df6/Runtime/Data/UniversalRenderPipelineAsset.cs:427)
System.Reflection.RuntimeMethodInfo:Invoke (object,System.Reflection.BindingFlags,System.Reflection.Binder,object[],System.Globalization.CultureInfo)
System.Reflection.MethodBase:Invoke (object,object[])
UnityEditor.EditorAssemblies:ProcessInitializeOnLoadMethodAttributes ()

(Filename: ./Library/PackageCache/com.unity.render-pipelines.universal@15fef0f41df6/Runtime/Data/UniversalRenderPipelineAsset.cs Line: 427)

Mono: successfully reloaded assembly
- Finished resetting the current domain, in  5.904 seconds
Domain Reload Profiling: 7372ms
	BeginReloadAssembly (423ms)
		ExecutionOrderSort (0ms)
		DisableScriptedObjects (16ms)
		BackupInstance (0ms)
		ReleaseScriptingObjects (0ms)
		CreateAndSetChildDomain (161ms)
	RebuildCommonClasses (71ms)
	RebuildNativeTypeToScriptingClass (23ms)
	initialDomainReloadingComplete (52ms)
	LoadAllAssembliesAndSetupDomain (897ms)
		LoadAssemblies (654ms)
		RebuildTransferFunctionScriptingTraits (0ms)
		AnalyzeDomain (430ms)
			TypeCache.Refresh (310ms)
				TypeCache.ScanAssembly (282ms)
			BuildScriptInfoCaches (83ms)
			ResolveRequiredComponents (28ms)
	FinalizeReload (5905ms)
		ReleaseScriptCaches (0ms)
		RebuildScriptCaches (0ms)
		SetupLoadedEditorAssemblies (5589ms)
			LogAssemblyErrors (0ms)
			InitializePlatformSupportModulesInManaged (29ms)
			SetLoadedEditorAssemblies (6ms)
			BeforeProcessingInitializeOnLoad (216ms)
			ProcessInitializeOnLoadAttributes (5056ms)
			ProcessInitializeOnLoadMethodAttributes (272ms)
			AfterProcessingInitializeOnLoad (10ms)
			EditorAssembliesLoaded (1ms)
		ExecutionOrderSort2 (0ms)
		AwakeInstancesAfterBackupRestoration (14ms)
Asset Pipeline Refresh (id=54089bd01eed2e5478b81743fb8e5e95): Total: 10.128 seconds - Initiated by InitialRefreshV2(ForceSynchronousImport)
	Summary:
		Imports: total=0 (actual=0, local cache=0, cache server=0)
		Asset DB Process Time: managed=0 ms, native=6801 ms
		Asset DB Callback time: managed=44 ms, native=1 ms
		Scripting: domain reloads=1, domain reload time=1568 ms, compile time=1626 ms, other=85 ms
		Project Asset Count: scripts=1344, non-scripts=2687
		Asset File Changes: new=0, changed=0, moved=0, deleted=0
		Scan Filter Count: 0
	InvokeCustomDependenciesCallbacks: 0.002ms
	InvokePackagesCallback: 4.844ms
	ApplyChangesToAssetFolders: 0.974ms
	Scan: 300.381ms
	OnSourceAssetsModified: 0.003ms
	CategorizeAssetsWithTransientArtifact: 96.914ms
	ProcessAssetsWithTransientArtifactChanges: 154.626ms
	CategorizeAssets: 86.585ms
	ImportOutOfDateAssets: 5927.852ms (4297.957ms without children)
		CompileScripts: 1626.285ms
		ReloadNativeAssets: 0.040ms
		UnloadImportedAssets: 1.714ms
		EnsureUptoDateAssetsAreRegisteredWithGuidPM: 1.120ms
		InitializingProgressBar: 0.000ms
		PostProcessAllAssetNotificationsAddChangedAssets: 0.000ms
		OnDemandSchedulerStart: 0.735ms
	PostProcessAllAssets: 44.806ms
	GatherAllCurrentPrimaryArtifactRevisions: 0.001ms
	UnloadStreamsBegin: 1.636ms
	PersistCurrentRevisions: 0.214ms
	UnloadStreamsEnd: 0.001ms
	GenerateScriptTypeHashes: 7.999ms
	Untracked: 3509.299ms

Application.AssetDatabase Initial Refresh End
Scanning for USB devices : 2.383ms
Initializing Unity extensions:
[Licensing::Client] Successfully resolved entitlement details
[MODES] ModeService[none].Initialize
[MODES] ModeService[none].LoadModes
[MODES] Loading mode Default (0) for mode-current-id-Animo
Unloading 40 Unused Serialized files (Serialized files now loaded: 0)
Unloading 6600 unused Assets / (7.7 MB). Loaded Objects now: 7243.
Memory consumption went from 195.6 MB to 187.9 MB.
Total: 28.486000 ms (FindLiveObjects: 1.198200 ms CreateObjectMapping: 1.432000 ms MarkObjects: 16.017900 ms  DeleteObjects: 9.834700 ms)

Opening scene 'Assets/StoreSimulator/Scenes/Game.unity'
Unloading 29 Unused Serialized files (Serialized files now loaded: 0)
LightingSettings: switching bake backend from 1 to 2.
Loaded scene 'Assets/StoreSimulator/Scenes/Game.unity'
	Deserialize:            291.356 ms
	Integration:            1239.161 ms
	Integration of assets:  13.273 ms
	Thread Wait Time:       -0.053 ms
	Total Operation Time:   1543.737 ms
Unloading 7 unused Assets / (5.0 KB). Loaded Objects now: 14201.
Memory consumption went from 217.9 MB to 217.9 MB.
Total: 18.007100 ms (FindLiveObjects: 1.707900 ms CreateObjectMapping: 1.398500 ms MarkObjects: 14.717200 ms  DeleteObjects: 0.181600 ms)

[Project] Loading completed in 17.774 seconds
	Project init time: 				13.850 seconds
		Template init time: 		0.000 seconds
		Package Manager init time: 		0.480 seconds
		Asset Database init time: 		0.358 seconds
		Global illumination init time: 	0.006 seconds
		Assemblies load time: 			1.299 seconds
		Unity extensions init time: 	0.067 seconds
		Asset Database refresh time: 	10.128 seconds
	Scene opening time: 			2.265 seconds
##utp:{"type":"ProjectInfo","version":2,"phase":"Immediate","time":1780557061639,"processId":4952,"projectLoad":17.7735193,"projectInit":13.8495701,"templateInit":0.0,"packageManagerInit":0.4803391,"assetDatabaseInit":0.3583484,"globalIlluminationInit":0.0056313,"assembliesLoad":1.2991268,"unityExtensionsInit":0.0670353,"assetDatabaseRefresh":10.128348,"sceneOpening":2.2653266}
##utp:{"type":"EditorInfo","version":2,"phase":"Immediate","time":1780557061640,"processId":4952,"editorVersion":"6000.0.37f1 (090b7797214c)","branch":"6000.0/staging","buildType":"Release","platform":"Windows"}
Reloading assemblies for play mode.
Reloading assemblies after forced synchronous recompile.
Begin MonoManager ReloadAssembly
- Loaded All Assemblies, in  1.489 seconds
Refreshing native plugins compatible for Editor in 4.98 ms, found 4 plugins.
Native extension for WindowsStandalone target not found
Native extension for WebGL target not found
The project currently uses the compatibility mode where the Render Graph API is disabled. Support for this mode will be removed in future Unity versions. Migrate existing ScriptableRenderPasses to the new RenderGraph API. After the migration, disable the compatibility mode in Edit > Projects Settings > Graphics > Render Graph.
UnityEngine.Debug:ExtractStackTraceNoAlloc (byte*,int,string)
UnityEngine.StackTraceUtility:ExtractStackTrace ()
UnityEngine.DebugLogHandler:Internal_Log (UnityEngine.LogType,UnityEngine.LogOption,string,UnityEngine.Object)
UnityEngine.DebugLogHandler:LogFormat (UnityEngine.LogType,UnityEngine.Object,string,object[])
UnityEngine.Logger:Log (UnityEngine.LogType,object)
UnityEngine.Debug:LogWarning (object)
UnityEngine.Rendering.Universal.WarnUsingNonRenderGraph:EmitConsoleWarning () (at ./Library/PackageCache/com.unity.render-pipelines.universal@15fef0f41df6/Runtime/Data/UniversalRenderPipelineAsset.cs:427)
System.Reflection.RuntimeMethodInfo:Invoke (object,System.Reflection.BindingFlags,System.Reflection.Binder,object[],System.Globalization.CultureInfo)
System.Reflection.MethodBase:Invoke (object,object[])
UnityEditor.EditorAssemblies:ProcessInitializeOnLoadMethodAttributes ()

(Filename: ./Library/PackageCache/com.unity.render-pipelines.universal@15fef0f41df6/Runtime/Data/UniversalRenderPipelineAsset.cs Line: 427)

Mono: successfully reloaded assembly
- Finished resetting the current domain, in  1.989 seconds
Domain Reload Profiling: 3478ms
	BeginReloadAssembly (886ms)
		ExecutionOrderSort (1ms)
		DisableScriptedObjects (83ms)
		BackupInstance (0ms)
		ReleaseScriptingObjects (1ms)
		CreateAndSetChildDomain (487ms)
	RebuildCommonClasses (70ms)
	RebuildNativeTypeToScriptingClass (22ms)
	initialDomainReloadingComplete (55ms)
	LoadAllAssembliesAndSetupDomain (454ms)
		LoadAssemblies (294ms)
		RebuildTransferFunctionScriptingTraits (0ms)
		AnalyzeDomain (358ms)
			TypeCache.Refresh (15ms)
				TypeCache.ScanAssembly (0ms)
			BuildScriptInfoCaches (308ms)
			ResolveRequiredComponents (27ms)
	FinalizeReload (1990ms)
		ReleaseScriptCaches (0ms)
		RebuildScriptCaches (0ms)
		SetupLoadedEditorAssemblies (1233ms)
			LogAssemblyErrors (0ms)
			InitializePlatformSupportModulesInManaged (27ms)
			SetLoadedEditorAssemblies (6ms)
			BeforeProcessingInitializeOnLoad (214ms)
			ProcessInitializeOnLoadAttributes (851ms)
			ProcessInitializeOnLoadMethodAttributes (122ms)
			AfterProcessingInitializeOnLoad (13ms)
			EditorAssembliesLoaded (1ms)
		ExecutionOrderSort2 (1ms)
		AwakeInstancesAfterBackupRestoration (148ms)
Asset Pipeline Refresh (id=8ac6986e44254344b89a51adc871f7b5): Total: 3.849 seconds - Initiated by StopAssetImportingV2(ForceSynchronousImport | ForceDomainReload)
	Summary:
		Imports: total=0 (actual=0, local cache=0, cache server=0)
		Asset DB Process Time: managed=0 ms, native=2222 ms
		Asset DB Callback time: managed=88 ms, native=0 ms
		Scripting: domain reloads=1, domain reload time=1533 ms, compile time=4 ms, other=0 ms
		Project Asset Count: scripts=1344, non-scripts=2687
		Asset File Changes: new=0, changed=0, moved=0, deleted=0
		Scan Filter Count: 0
	InvokeCustomDependenciesCallbacks: 0.002ms
	InvokePackagesCallback: 4.675ms
	ApplyChangesToAssetFolders: 0.705ms
	Scan: 0.001ms
	OnSourceAssetsModified: 0.003ms
	CategorizeAssetsWithTransientArtifact: 0.008ms
	ProcessAssetsWithTransientArtifactChanges: 11.472ms
	CategorizeAssets: 118.023ms
	ImportOutOfDateAssets: 2016.430ms (1998.781ms without children)
		CompileScripts: 3.883ms
		CollectScriptTypesHashes: 7.567ms
		ReloadNativeAssets: 3.739ms
		UnloadImportedAssets: 0.136ms
		EnsureUptoDateAssetsAreRegisteredWithGuidPM: 1.493ms
		InitializingProgressBar: 0.002ms
		PostProcessAllAssetNotificationsAddChangedAssets: 0.001ms
		OnDemandSchedulerStart: 0.830ms
	PostProcessAllAssets: 88.923ms
	GatherAllCurrentPrimaryArtifactRevisions: 0.478ms
	UnloadStreamsBegin: 5.118ms
	PersistCurrentRevisions: 0.369ms
	UnloadStreamsEnd: 0.003ms
	GenerateScriptTypeHashes: 15.369ms
	Untracked: 1603.069ms

[EntrepreneurTree] Save integration subscribed to SaveGameSystem events.
UnityEngine.Debug:ExtractStackTraceNoAlloc (byte*,int,string)
UnityEngine.StackTraceUtility:ExtractStackTrace ()
UnityEngine.DebugLogHandler:Internal_Log (UnityEngine.LogType,UnityEngine.LogOption,string,UnityEngine.Object)
UnityEngine.DebugLogHandler:LogFormat (UnityEngine.LogType,UnityEngine.Object,string,object[])
UnityEngine.Logger:Log (UnityEngine.LogType,object)
UnityEngine.Debug:Log (object)
FLOBUK.StoreSimulator.EntrepreneurTreeSaveIntegration:Awake () (at Assets/Systems/EntrepreneurTree/EntrepreneurTreeSaveIntegration.cs:36)
UnityEngine.GameObject:Internal_AddComponentWithType (System.Type)
UnityEngine.GameObject:AddComponent (System.Type)
UnityEngine.GameObject:AddComponent<FLOBUK.StoreSimulator.EntrepreneurTreeSaveIntegration> ()
FLOBUK.StoreSimulator.EntrepreneurTreeUIBootstrap:EnsureTreeSystems () (at Assets/Systems/EntrepreneurTree/EntrepreneurTreeUIBootstrap.cs:118)
FLOBUK.StoreSimulator.EntrepreneurTreeUIBootstrap:IntegrateScene (UnityEngine.SceneManagement.Scene) (at Assets/Systems/EntrepreneurTree/EntrepreneurTreeUIBootstrap.cs:58)
FLOBUK.StoreSimulator.EntrepreneurTreeUIBootstrap:Initialize () (at Assets/Systems/EntrepreneurTree/EntrepreneurTreeUIBootstrap.cs:43)

(Filename: Assets/Systems/EntrepreneurTree/EntrepreneurTreeSaveIntegration.cs Line: 36)

[Expansion] Default zones initialized: 17 zones.
UnityEngine.Debug:ExtractStackTraceNoAlloc (byte*,int,string)
UnityEngine.StackTraceUtility:ExtractStackTrace ()
UnityEngine.DebugLogHandler:Internal_Log (UnityEngine.LogType,UnityEngine.LogOption,string,UnityEngine.Object)
UnityEngine.DebugLogHandler:LogFormat (UnityEngine.LogType,UnityEngine.Object,string,object[])
UnityEngine.Logger:Log (UnityEngine.LogType,object)
UnityEngine.Debug:Log (object)
FLOBUK.StoreSimulator.SupermarketExpansionSystem:EnsureDefaultZones () (at Assets/Systems/Expansion/SupermarketExpansionSystem.cs:384)
FLOBUK.StoreSimulator.SupermarketExpansionSystem:Awake () (at Assets/Systems/Expansion/SupermarketExpansionSystem.cs:70)
UnityEngine.GameObject:Internal_AddComponentWithType (System.Type)
UnityEngine.GameObject:AddComponent (System.Type)
UnityEngine.GameObject:AddComponent<FLOBUK.StoreSimulator.SupermarketExpansionSystem> ()
FLOBUK.StoreSimulator.EntrepreneurTreeUIBootstrap:EnsureTreeSystems () (at Assets/Systems/EntrepreneurTree/EntrepreneurTreeUIBootstrap.cs:128)
FLOBUK.StoreSimulator.EntrepreneurTreeUIBootstrap:IntegrateScene (UnityEngine.SceneManagement.Scene) (at Assets/Systems/EntrepreneurTree/EntrepreneurTreeUIBootstrap.cs:58)
FLOBUK.StoreSimulator.EntrepreneurTreeUIBootstrap:Initialize () (at Assets/Systems/EntrepreneurTree/EntrepreneurTreeUIBootstrap.cs:43)

(Filename: Assets/Systems/Expansion/SupermarketExpansionSystem.cs Line: 384)

[CashierAI] Registered 1 cash desk(s).
UnityEngine.Debug:ExtractStackTraceNoAlloc (byte*,int,string)
UnityEngine.StackTraceUtility:ExtractStackTrace ()
UnityEngine.DebugLogHandler:Internal_Log (UnityEngine.LogType,UnityEngine.LogOption,string,UnityEngine.Object)
UnityEngine.DebugLogHandler:LogFormat (UnityEngine.LogType,UnityEngine.Object,string,object[])
UnityEngine.Logger:Log (UnityEngine.LogType,object)
UnityEngine.Debug:Log (object)
FLOBUK.StoreSimulator.EmployeeCashierCoordinator:RefreshCashDesks () (at Assets/Systems/EntrepreneurTree/EmployeeCashierCoordinator.cs:88)
FLOBUK.StoreSimulator.EmployeeCashierCoordinator:OnEnable () (at Assets/Systems/EntrepreneurTree/EmployeeCashierCoordinator.cs:39)
UnityEngine.GameObject:Internal_AddComponentWithType (System.Type)
UnityEngine.GameObject:AddComponent (System.Type)
UnityEngine.GameObject:AddComponent<FLOBUK.StoreSimulator.EmployeeCashierCoordinator> ()
FLOBUK.StoreSimulator.EntrepreneurTreeUIBootstrap:EnsureTreeSystems () (at Assets/Systems/EntrepreneurTree/EntrepreneurTreeUIBootstrap.cs:137)
FLOBUK.StoreSimulator.EntrepreneurTreeUIBootstrap:IntegrateScene (UnityEngine.SceneManagement.Scene) (at Assets/Systems/EntrepreneurTree/EntrepreneurTreeUIBootstrap.cs:58)
FLOBUK.StoreSimulator.EntrepreneurTreeUIBootstrap:Initialize () (at Assets/Systems/EntrepreneurTree/EntrepreneurTreeUIBootstrap.cs:43)

(Filename: Assets/Systems/EntrepreneurTree/EmployeeCashierCoordinator.cs Line: 88)

[WarehouseZone] Using existing scene WarehouseZone: 'WarehouseZone' at (10.00, 0.00, 7.50).
UnityEngine.Debug:ExtractStackTraceNoAlloc (byte*,int,string)
UnityEngine.StackTraceUtility:ExtractStackTrace ()
UnityEngine.DebugLogHandler:Internal_Log (UnityEngine.LogType,UnityEngine.LogOption,string,UnityEngine.Object)
UnityEngine.DebugLogHandler:LogFormat (UnityEngine.LogType,UnityEngine.Object,string,object[])
UnityEngine.Logger:Log (UnityEngine.LogType,object)
UnityEngine.Debug:Log (object)
FLOBUK.StoreSimulator.WarehouseZoneBootstrap:EnsureWarehouseZone () (at Assets/Systems/EntrepreneurTree/WarehouseZoneBootstrap.cs:75)
FLOBUK.StoreSimulator.WarehouseZoneBootstrap:Awake () (at Assets/Systems/EntrepreneurTree/WarehouseZoneBootstrap.cs:51)
UnityEngine.GameObject:Internal_AddComponentWithType (System.Type)
UnityEngine.GameObject:AddComponent (System.Type)
UnityEngine.GameObject:AddComponent<FLOBUK.StoreSimulator.WarehouseZoneBootstrap> ()
FLOBUK.StoreSimulator.EntrepreneurTreeUIBootstrap:EnsureTreeSystems () (at Assets/Systems/EntrepreneurTree/EntrepreneurTreeUIBootstrap.cs:140)
FLOBUK.StoreSimulator.EntrepreneurTreeUIBootstrap:IntegrateScene (UnityEngine.SceneManagement.Scene) (at Assets/Systems/EntrepreneurTree/EntrepreneurTreeUIBootstrap.cs:58)
FLOBUK.StoreSimulator.EntrepreneurTreeUIBootstrap:Initialize () (at Assets/Systems/EntrepreneurTree/EntrepreneurTreeUIBootstrap.cs:43)

(Filename: Assets/Systems/EntrepreneurTree/WarehouseZoneBootstrap.cs Line: 75)

[EntrepreneurTree] TreeData loaded from editor path fallback: Assets/Data/EntrepreneurTree/EntrepreneurTreeData.asset
UnityEngine.Debug:ExtractStackTraceNoAlloc (byte*,int,string)
UnityEngine.StackTraceUtility:ExtractStackTrace ()
UnityEngine.DebugLogHandler:Internal_Log (UnityEngine.LogType,UnityEngine.LogOption,string,UnityEngine.Object)
UnityEngine.DebugLogHandler:LogFormat (UnityEngine.LogType,UnityEngine.Object,string,object[])
UnityEngine.Logger:Log (UnityEngine.LogType,object)
UnityEngine.Debug:Log (object)
FLOBUK.StoreSimulator.EntrepreneurTreeUIBootstrap:TryLoadProjectTreeData () (at Assets/Systems/EntrepreneurTree/EntrepreneurTreeUIBootstrap.cs:263)
FLOBUK.StoreSimulator.EntrepreneurTreeUIBootstrap:EnsureTreeSystems () (at Assets/Systems/EntrepreneurTree/EntrepreneurTreeUIBootstrap.cs:149)
FLOBUK.StoreSimulator.EntrepreneurTreeUIBootstrap:IntegrateScene (UnityEngine.SceneManagement.Scene) (at Assets/Systems/EntrepreneurTree/EntrepreneurTreeUIBootstrap.cs:58)
FLOBUK.StoreSimulator.EntrepreneurTreeUIBootstrap:Initialize () (at Assets/Systems/EntrepreneurTree/EntrepreneurTreeUIBootstrap.cs:43)

(Filename: Assets/Systems/EntrepreneurTree/EntrepreneurTreeUIBootstrap.cs Line: 263)

[EntrepreneurTree] TreeData loaded successfully.
UnityEngine.Debug:ExtractStackTraceNoAlloc (byte*,int,string)
UnityEngine.StackTraceUtility:ExtractStackTrace ()
UnityEngine.DebugLogHandler:Internal_Log (UnityEngine.LogType,UnityEngine.LogOption,string,UnityEngine.Object)
UnityEngine.DebugLogHandler:LogFormat (UnityEngine.LogType,UnityEngine.Object,string,object[])
UnityEngine.Logger:Log (UnityEngine.LogType,object)
UnityEngine.Debug:Log (object)
FLOBUK.StoreSimulator.EntrepreneurTreeUIBootstrap:EnsureTreeSystems () (at Assets/Systems/EntrepreneurTree/EntrepreneurTreeUIBootstrap.cs:152)
FLOBUK.StoreSimulator.EntrepreneurTreeUIBootstrap:IntegrateScene (UnityEngine.SceneManagement.Scene) (at Assets/Systems/EntrepreneurTree/EntrepreneurTreeUIBootstrap.cs:58)
FLOBUK.StoreSimulator.EntrepreneurTreeUIBootstrap:Initialize () (at Assets/Systems/EntrepreneurTree/EntrepreneurTreeUIBootstrap.cs:43)

(Filename: Assets/Systems/EntrepreneurTree/EntrepreneurTreeUIBootstrap.cs Line: 152)

[EntrepreneurTree] Bootstrap found Expansions panel.
UnityEngine.Debug:ExtractStackTraceNoAlloc (byte*,int,string)
UnityEngine.StackTraceUtility:ExtractStackTrace ()
UnityEngine.DebugLogHandler:Internal_Log (UnityEngine.LogType,UnityEngine.LogOption,string,UnityEngine.Object)
UnityEngine.DebugLogHandler:LogFormat (UnityEngine.LogType,UnityEngine.Object,string,object[])
UnityEngine.Logger:Log (UnityEngine.LogType,object)
UnityEngine.Debug:Log (object)
FLOBUK.StoreSimulator.EntrepreneurTreeUIBootstrap:IntegrateScene (UnityEngine.SceneManagement.Scene) (at Assets/Systems/EntrepreneurTree/EntrepreneurTreeUIBootstrap.cs:78)
FLOBUK.StoreSimulator.EntrepreneurTreeUIBootstrap:Initialize () (at Assets/Systems/EntrepreneurTree/EntrepreneurTreeUIBootstrap.cs:43)

(Filename: Assets/Systems/EntrepreneurTree/EntrepreneurTreeUIBootstrap.cs Line: 78)

[EntrepreneurTree] EntrepreneurTreeRoot created.
UnityEngine.Debug:ExtractStackTraceNoAlloc (byte*,int,string)
UnityEngine.StackTraceUtility:ExtractStackTrace ()
UnityEngine.DebugLogHandler:Internal_Log (UnityEngine.LogType,UnityEngine.LogOption,string,UnityEngine.Object)
UnityEngine.DebugLogHandler:LogFormat (UnityEngine.LogType,UnityEngine.Object,string,object[])
UnityEngine.Logger:Log (UnityEngine.LogType,object)
UnityEngine.Debug:Log (object)
FLOBUK.StoreSimulator.UpgradesUIController:EnsureTreeRootHierarchy () (at Assets/UI/Computer/Upgrades/UpgradesUIController.cs:586)
FLOBUK.StoreSimulator.UpgradesUIController:TryAutoConfigureFromHierarchy () (at Assets/UI/Computer/Upgrades/UpgradesUIController.cs:96)
FLOBUK.StoreSimulator.UpgradesUIController:Awake () (at Assets/UI/Computer/Upgrades/UpgradesUIController.cs:64)
UnityEngine.GameObject:Internal_AddComponentWithType (System.Type)
UnityEngine.GameObject:AddComponent (System.Type)
UnityEngine.GameObject:AddComponent<FLOBUK.StoreSimulator.UpgradesUIController> ()
FLOBUK.StoreSimulator.EntrepreneurTreeUIBootstrap:IntegrateScene (UnityEngine.SceneManagement.Scene) (at Assets/Systems/EntrepreneurTree/EntrepreneurTreeUIBootstrap.cs:83)
FLOBUK.StoreSimulator.EntrepreneurTreeUIBootstrap:Initialize () (at Assets/Systems/EntrepreneurTree/EntrepreneurTreeUIBootstrap.cs:43)

(Filename: Assets/UI/Computer/Upgrades/UpgradesUIController.cs Line: 586)

[EntrepreneurTree] Tree root resolved: EntrepreneurTreeRoot.
UnityEngine.Debug:ExtractStackTraceNoAlloc (byte*,int,string)
UnityEngine.StackTraceUtility:ExtractStackTrace ()
UnityEngine.DebugLogHandler:Internal_Log (UnityEngine.LogType,UnityEngine.LogOption,string,UnityEngine.Object)
UnityEngine.DebugLogHandler:LogFormat (UnityEngine.LogType,UnityEngine.Object,string,object[])
UnityEngine.Logger:Log (UnityEngine.LogType,object)
UnityEngine.Debug:Log (object)
FLOBUK.StoreSimulator.UpgradesUIController:EnsureTreeRootHierarchy () (at Assets/UI/Computer/Upgrades/UpgradesUIController.cs:644)
FLOBUK.StoreSimulator.UpgradesUIController:TryAutoConfigureFromHierarchy () (at Assets/UI/Computer/Upgrades/UpgradesUIController.cs:96)
FLOBUK.StoreSimulator.UpgradesUIController:Awake () (at Assets/UI/Computer/Upgrades/UpgradesUIController.cs:64)
UnityEngine.GameObject:Internal_AddComponentWithType (System.Type)
UnityEngine.GameObject:AddComponent (System.Type)
UnityEngine.GameObject:AddComponent<FLOBUK.StoreSimulator.UpgradesUIController> ()
FLOBUK.StoreSimulator.EntrepreneurTreeUIBootstrap:IntegrateScene (UnityEngine.SceneManagement.Scene) (at Assets/Systems/EntrepreneurTree/EntrepreneurTreeUIBootstrap.cs:83)
FLOBUK.StoreSimulator.EntrepreneurTreeUIBootstrap:Initialize () (at Assets/Systems/EntrepreneurTree/EntrepreneurTreeUIBootstrap.cs:43)

(Filename: Assets/UI/Computer/Upgrades/UpgradesUIController.cs Line: 644)

[EntrepreneurTree] Content parent resolved: Content.
UnityEngine.Debug:ExtractStackTraceNoAlloc (byte*,int,string)
UnityEngine.StackTraceUtility:ExtractStackTrace ()
UnityEngine.DebugLogHandler:Internal_Log (UnityEngine.LogType,UnityEngine.LogOption,string,UnityEngine.Object)
UnityEngine.DebugLogHandler:LogFormat (UnityEngine.LogType,UnityEngine.Object,string,object[])
UnityEngine.Logger:Log (UnityEngine.LogType,object)
UnityEngine.Debug:Log (object)
FLOBUK.StoreSimulator.UpgradesUIController:EnsureTreeRootHierarchy () (at Assets/UI/Computer/Upgrades/UpgradesUIController.cs:645)
FLOBUK.StoreSimulator.UpgradesUIController:TryAutoConfigureFromHierarchy () (at Assets/UI/Computer/Upgrades/UpgradesUIController.cs:96)
FLOBUK.StoreSimulator.UpgradesUIController:Awake () (at Assets/UI/Computer/Upgrades/UpgradesUIController.cs:64)
UnityEngine.GameObject:Internal_AddComponentWithType (System.Type)
UnityEngine.GameObject:AddComponent (System.Type)
UnityEngine.GameObject:AddComponent<FLOBUK.StoreSimulator.UpgradesUIController> ()
FLOBUK.StoreSimulator.EntrepreneurTreeUIBootstrap:IntegrateScene (UnityEngine.SceneManagement.Scene) (at Assets/Systems/EntrepreneurTree/EntrepreneurTreeUIBootstrap.cs:83)
FLOBUK.StoreSimulator.EntrepreneurTreeUIBootstrap:Initialize () (at Assets/Systems/EntrepreneurTree/EntrepreneurTreeUIBootstrap.cs:43)

(Filename: Assets/UI/Computer/Upgrades/UpgradesUIController.cs Line: 645)

[EntrepreneurTree] Tree data loaded: 73 nodes.
UnityEngine.Debug:ExtractStackTraceNoAlloc (byte*,int,string)
UnityEngine.StackTraceUtility:ExtractStackTrace ()
UnityEngine.DebugLogHandler:Internal_Log (UnityEngine.LogType,UnityEngine.LogOption,string,UnityEngine.Object)
UnityEngine.DebugLogHandler:LogFormat (UnityEngine.LogType,UnityEngine.Object,string,object[])
UnityEngine.Logger:Log (UnityEngine.LogType,object)
UnityEngine.Debug:Log (object)
FLOBUK.StoreSimulator.UpgradesUIController:BuildTree () (at Assets/UI/Computer/Upgrades/UpgradesUIController.cs:142)
FLOBUK.StoreSimulator.UpgradesUIController:OnEnable () (at Assets/UI/Computer/Upgrades/UpgradesUIController.cs:77)
UnityEngine.GameObject:Internal_AddComponentWithType (System.Type)
UnityEngine.GameObject:AddComponent (System.Type)
UnityEngine.GameObject:AddComponent<FLOBUK.StoreSimulator.UpgradesUIController> ()
FLOBUK.StoreSimulator.EntrepreneurTreeUIBootstrap:IntegrateScene (UnityEngine.SceneManagement.Scene) (at Assets/Systems/EntrepreneurTree/EntrepreneurTreeUIBootstrap.cs:83)
FLOBUK.StoreSimulator.EntrepreneurTreeUIBootstrap:Initialize () (at Assets/Systems/EntrepreneurTree/EntrepreneurTreeUIBootstrap.cs:43)

(Filename: Assets/UI/Computer/Upgrades/UpgradesUIController.cs Line: 142)

[EntrepreneurTree] Rendering node: product_basic_1 at 0/-110.
UnityEngine.Debug:ExtractStackTraceNoAlloc (byte*,int,string)
UnityEngine.StackTraceUtility:ExtractStackTrace ()
UnityEngine.DebugLogHandler:Internal_Log (UnityEngine.LogType,UnityEngine.LogOption,string,UnityEngine.Object)
UnityEngine.DebugLogHandler:LogFormat (UnityEngine.LogType,UnityEngine.Object,string,object[])
UnityEngine.Logger:Log (UnityEngine.LogType,object)
UnityEngine.Debug:Log (object)
FLOBUK.StoreSimulator.UpgradesUIController:BuildTree () (at Assets/UI/Computer/Upgrades/UpgradesUIController.cs:158)
FLOBUK.StoreSimulator.UpgradesUIController:OnEnable () (at Assets/UI/Computer/Upgrades/UpgradesUIController.cs:77)
UnityEngine.GameObject:Internal_AddComponentWithType (System.Type)
UnityEngine.GameObject:AddComponent (System.Type)
UnityEngine.GameObject:AddComponent<FLOBUK.StoreSimulator.UpgradesUIController> ()
FLOBUK.StoreSimulator.EntrepreneurTreeUIBootstrap:IntegrateScene (UnityEngine.SceneManagement.Scene) (at Assets/Systems/EntrepreneurTree/EntrepreneurTreeUIBootstrap.cs:83)
FLOBUK.StoreSimulator.EntrepreneurTreeUIBootstrap:Initialize () (at Assets/Systems/EntrepreneurTree/EntrepreneurTreeUIBootstrap.cs:43)

(Filename: Assets/UI/Computer/Upgrades/UpgradesUIController.cs Line: 158)

[EntrepreneurTree] Rendering node: product_basic_2 at 0/-252.
UnityEngine.Debug:ExtractStackTraceNoAlloc (byte*,int,string)
UnityEngine.StackTraceUtility:ExtractStackTrace ()
UnityEngine.DebugLogHandler:Internal_Log (UnityEngine.LogType,UnityEngine.LogOption,string,UnityEngine.Object)
UnityEngine.DebugLogHandler:LogFormat (UnityEngine.LogType,UnityEngine.Object,string,object[])
UnityEngine.Logger:Log (UnityEngine.LogType,object)
UnityEngine.Debug:Log (object)
FLOBUK.StoreSimulator.UpgradesUIController:BuildTree () (at Assets/UI/Computer/Upgrades/UpgradesUIController.cs:158)
FLOBUK.StoreSimulator.UpgradesUIController:OnEnable () (at Assets/UI/Computer/Upgrades/UpgradesUIController.cs:77)
UnityEngine.GameObject:Internal_AddComponentWithType (System.Type)
UnityEngine.GameObject:AddComponent (System.Type)
UnityEngine.GameObject:AddComponent<FLOBUK.StoreSimulator.UpgradesUIController> ()
FLOBUK.StoreSimulator.EntrepreneurTreeUIBootstrap:IntegrateScene (UnityEngine.SceneManagement.Scene) (at Assets/Systems/EntrepreneurTree/EntrepreneurTreeUIBootstrap.cs:83)
FLOBUK.StoreSimulator.EntrepreneurTreeUIBootstrap:Initialize () (at Assets/Systems/EntrepreneurTree/EntrepreneurTreeUIBootstrap.cs:43)

(Filename: Assets/UI/Computer/Upgrades/UpgradesUIController.cs Line: 158)

[EntrepreneurTree] Rendering node: product_basic_3 at 0/-394.
UnityEngine.Debug:ExtractStackTraceNoAlloc (byte*,int,string)
UnityEngine.StackTraceUtility:ExtractStackTrace ()
UnityEngine.DebugLogHandler:Internal_Log (UnityEngine.LogType,UnityEngine.LogOption,string,UnityEngine.Object)
UnityEngine.DebugLogHandler:LogFormat (UnityEngine.LogType,UnityEngine.Object,string,object[])
UnityEngine.Logger:Log (UnityEngine.LogType,object)
UnityEngine.Debug:Log (object)
FLOBUK.StoreSimulator.UpgradesUIController:BuildTree () (at Assets/UI/Computer/Upgrades/UpgradesUIController.cs:158)
FLOBUK.StoreSimulator.UpgradesUIController:OnEnable () (at Assets/UI/Computer/Upgrades/UpgradesUIController.cs:77)
UnityEngine.GameObject:Internal_AddComponentWithType (System.Type)
UnityEngine.GameObject:AddComponent (System.Type)
UnityEngine.GameObject:AddComponent<FLOBUK.StoreSimulator.UpgradesUIController> ()
FLOBUK.StoreSimulator.EntrepreneurTreeUIBootstrap:IntegrateScene (UnityEngine.SceneManagement.Scene) (at Assets/Systems/EntrepreneurTree/EntrepreneurTreeUIBootstrap.cs:83)
FLOBUK.StoreSimulator.EntrepreneurTreeUIBootstrap:Initialize () (at Assets/Systems/EntrepreneurTree/EntrepreneurTreeUIBootstrap.cs:43)

(Filename: Assets/UI/Computer/Upgrades/UpgradesUIController.cs Line: 158)

[EntrepreneurTree] Rendering node: product_dairy_1 at 0/-536.
UnityEngine.Debug:ExtractStackTraceNoAlloc (byte*,int,string)
UnityEngine.StackTraceUtility:ExtractStackTrace ()
UnityEngine.DebugLogHandler:Internal_Log (UnityEngine.LogType,UnityEngine.LogOption,string,UnityEngine.Object)
UnityEngine.DebugLogHandler:LogFormat (UnityEngine.LogType,UnityEngine.Object,string,object[])
UnityEngine.Logger:Log (UnityEngine.LogType,object)
UnityEngine.Debug:Log (object)
FLOBUK.StoreSimulator.UpgradesUIController:BuildTree () (at Assets/UI/Computer/Upgrades/UpgradesUIController.cs:158)
FLOBUK.StoreSimulator.UpgradesUIController:OnEnable () (at Assets/UI/Computer/Upgrades/UpgradesUIController.cs:77)
UnityEngine.GameObject:Internal_AddComponentWithType (System.Type)
UnityEngine.GameObject:AddComponent (System.Type)
UnityEngine.GameObject:AddComponent<FLOBUK.StoreSimulator.UpgradesUIController> ()
FLOBUK.StoreSimulator.EntrepreneurTreeUIBootstrap:IntegrateScene (UnityEngine.SceneManagement.Scene) (at Assets/Systems/EntrepreneurTree/EntrepreneurTreeUIBootstrap.cs:83)
FLOBUK.StoreSimulator.EntrepreneurTreeUIBootstrap:Initialize () (at Assets/Systems/EntrepreneurTree/EntrepreneurTreeUIBootstrap.cs:43)

(Filename: Assets/UI/Computer/Upgrades/UpgradesUIController.cs Line: 158)

[EntrepreneurTree] Rendering node: product_dairy_2 at 0/-678.
UnityEngine.Debug:ExtractStackTraceNoAlloc (byte*,int,string)
UnityEngine.StackTraceUtility:ExtractStackTrace ()
UnityEngine.DebugLogHandler:Internal_Log (UnityEngine.LogType,UnityEngine.LogOption,string,UnityEngine.Object)
UnityEngine.DebugLogHandler:LogFormat (UnityEngine.LogType,UnityEngine.Object,string,object[])
UnityEngine.Logger:Log (UnityEngine.LogType,object)
UnityEngine.Debug:Log (object)
FLOBUK.StoreSimulator.UpgradesUIController:BuildTree () (at Assets/UI/Computer/Upgrades/UpgradesUIController.cs:158)
FLOBUK.StoreSimulator.UpgradesUIController:OnEnable () (at Assets/UI/Computer/Upgrades/UpgradesUIController.cs:77)
UnityEngine.GameObject:Internal_AddComponentWithType (System.Type)
UnityEngine.GameObject:AddComponent (System.Type)
UnityEngine.GameObject:AddComponent<FLOBUK.StoreSimulator.UpgradesUIController> ()
FLOBUK.StoreSimulator.EntrepreneurTreeUIBootstrap:IntegrateScene (UnityEngine.SceneManagement.Scene) (at Assets/Systems/EntrepreneurTree/EntrepreneurTreeUIBootstrap.cs:83)
FLOBUK.StoreSimulator.EntrepreneurTreeUIBootstrap:Initialize () (at Assets/Systems/EntrepreneurTree/EntrepreneurTreeUIBootstrap.cs:43)

(Filename: Assets/UI/Computer/Upgrades/UpgradesUIController.cs Line: 158)

[EntrepreneurTree] Rendering node: product_dairy_3 at 0/-820.
UnityEngine.Debug:ExtractStackTraceNoAlloc (byte*,int,string)
UnityEngine.StackTraceUtility:ExtractStackTrace ()
UnityEngine.DebugLogHandler:Internal_Log (UnityEngine.LogType,UnityEngine.LogOption,string,UnityEngine.Object)
UnityEngine.DebugLogHandler:LogFormat (UnityEngine.LogType,UnityEngine.Object,string,object[])
UnityEngine.Logger:Log (UnityEngine.LogType,object)
UnityEngine.Debug:Log (object)
FLOBUK.StoreSimulator.UpgradesUIController:BuildTree () (at Assets/UI/Computer/Upgrades/UpgradesUIController.cs:158)
FLOBUK.StoreSimulator.UpgradesUIController:OnEnable () (at Assets/UI/Computer/Upgrades/UpgradesUIController.cs:77)
UnityEngine.GameObject:Internal_AddComponentWithType (System.Type)
UnityEngine.GameObject:AddComponent (System.Type)
UnityEngine.GameObject:AddComponent<FLOBUK.StoreSimulator.UpgradesUIController> ()
FLOBUK.StoreSimulator.EntrepreneurTreeUIBootstrap:IntegrateScene (UnityEngine.SceneManagement.Scene) (at Assets/Systems/EntrepreneurTree/EntrepreneurTreeUIBootstrap.cs:83)
FLOBUK.StoreSimulator.EntrepreneurTreeUIBootstrap:Initialize () (at Assets/Systems/EntrepreneurTree/EntrepreneurTreeUIBootstrap.cs:43)

(Filename: Assets/UI/Computer/Upgrades/UpgradesUIController.cs Line: 158)

[EntrepreneurTree] Rendering node: product_spices_1 at 0/-962.
UnityEngine.Debug:ExtractStackTraceNoAlloc (byte*,int,string)
UnityEngine.StackTraceUtility:ExtractStackTrace ()
UnityEngine.DebugLogHandler:Internal_Log (UnityEngine.LogType,UnityEngine.LogOption,string,UnityEngine.Object)
UnityEngine.DebugLogHandler:LogFormat (UnityEngine.LogType,UnityEngine.Object,string,object[])
UnityEngine.Logger:Log (UnityEngine.LogType,object)
UnityEngine.Debug:Log (object)
FLOBUK.StoreSimulator.UpgradesUIController:BuildTree () (at Assets/UI/Computer/Upgrades/UpgradesUIController.cs:158)
FLOBUK.StoreSimulator.UpgradesUIController:OnEnable () (at Assets/UI/Computer/Upgrades/UpgradesUIController.cs:77)
UnityEngine.GameObject:Internal_AddComponentWithType (System.Type)
UnityEngine.GameObject:AddComponent (System.Type)
UnityEngine.GameObject:AddComponent<FLOBUK.StoreSimulator.UpgradesUIController> ()
FLOBUK.StoreSimulator.EntrepreneurTreeUIBootstrap:IntegrateScene (UnityEngine.SceneManagement.Scene) (at Assets/Systems/EntrepreneurTree/EntrepreneurTreeUIBootstrap.cs:83)
FLOBUK.StoreSimulator.EntrepreneurTreeUIBootstrap:Initialize () (at Assets/Systems/EntrepreneurTree/EntrepreneurTreeUIBootstrap.cs:43)

(Filename: Assets/UI/Computer/Upgrades/UpgradesUIController.cs Line: 158)

[EntrepreneurTree] Rendering node: product_fresh_1 at 0/-1104.
UnityEngine.Debug:ExtractStackTraceNoAlloc (byte*,int,string)
UnityEngine.StackTraceUtility:ExtractStackTrace ()
UnityEngine.DebugLogHandler:Internal_Log (UnityEngine.LogType,UnityEngine.LogOption,string,UnityEngine.Object)
UnityEngine.DebugLogHandler:LogFormat (UnityEngine.LogType,UnityEngine.Object,string,object[])
UnityEngine.Logger:Log (UnityEngine.LogType,object)
UnityEngine.Debug:Log (object)
FLOBUK.StoreSimulator.UpgradesUIController:BuildTree () (at Assets/UI/Computer/Upgrades/UpgradesUIController.cs:158)
FLOBUK.StoreSimulator.UpgradesUIController:OnEnable () (at Assets/UI/Computer/Upgrades/UpgradesUIController.cs:77)
UnityEngine.GameObject:Internal_AddComponentWithType (System.Type)
UnityEngine.GameObject:AddComponent (System.Type)
UnityEngine.GameObject:AddComponent<FLOBUK.StoreSimulator.UpgradesUIController> ()
FLOBUK.StoreSimulator.EntrepreneurTreeUIBootstrap:IntegrateScene (UnityEngine.SceneManagement.Scene) (at Assets/Systems/EntrepreneurTree/EntrepreneurTreeUIBootstrap.cs:83)
FLOBUK.StoreSimulator.EntrepreneurTreeUIBootstrap:Initialize () (at Assets/Systems/EntrepreneurTree/EntrepreneurTreeUIBootstrap.cs:43)

(Filename: Assets/UI/Computer/Upgrades/UpgradesUIController.cs Line: 158)

[EntrepreneurTree] Rendering node: product_fresh_2 at 0/-1246.
UnityEngine.Debug:ExtractStackTraceNoAlloc (byte*,int,string)
UnityEngine.StackTraceUtility:ExtractStackTrace ()
UnityEngine.DebugLogHandler:Internal_Log (UnityEngine.LogType,UnityEngine.LogOption,string,UnityEngine.Object)
UnityEngine.DebugLogHandler:LogFormat (UnityEngine.LogType,UnityEngine.Object,string,object[])
UnityEngine.Logger:Log (UnityEngine.LogType,object)
UnityEngine.Debug:Log (object)
FLOBUK.StoreSimulator.UpgradesUIController:BuildTree () (at Assets/UI/Computer/Upgrades/UpgradesUIController.cs:158)
FLOBUK.StoreSimulator.UpgradesUIController:OnEnable () (at Assets/UI/Computer/Upgrades/UpgradesUIController.cs:77)
UnityEngine.GameObject:Internal_AddComponentWithType (System.Type)
UnityEngine.GameObject:AddComponent (System.Type)
UnityEngine.GameObject:AddComponent<FLOBUK.StoreSimulator.UpgradesUIController> ()
FLOBUK.StoreSimulator.EntrepreneurTreeUIBootstrap:IntegrateScene (UnityEngine.SceneManagement.Scene) (at Assets/Systems/EntrepreneurTree/EntrepreneurTreeUIBootstrap.cs:83)
FLOBUK.StoreSimulator.EntrepreneurTreeUIBootstrap:Initialize () (at Assets/Systems/EntrepreneurTree/EntrepreneurTreeUIBootstrap.cs:43)

(Filename: Assets/UI/Computer/Upgrades/UpgradesUIController.cs Line: 158)

[EntrepreneurTree] Rendering node: product_hygiene at 0/-1388.
UnityEngine.Debug:ExtractStackTraceNoAlloc (byte*,int,string)
UnityEngine.StackTraceUtility:ExtractStackTrace ()
UnityEngine.DebugLogHandler:Internal_Log (UnityEngine.LogType,UnityEngine.LogOption,string,UnityEngine.Object)
UnityEngine.DebugLogHandler:LogFormat (UnityEngine.LogType,UnityEngine.Object,string,object[])
UnityEngine.Logger:Log (UnityEngine.LogType,object)
UnityEngine.Debug:Log (object)
FLOBUK.StoreSimulator.UpgradesUIController:BuildTree () (at Assets/UI/Computer/Upgrades/UpgradesUIController.cs:158)
FLOBUK.StoreSimulator.UpgradesUIController:OnEnable () (at Assets/UI/Computer/Upgrades/UpgradesUIController.cs:77)
UnityEngine.GameObject:Internal_AddComponentWithType (System.Type)
UnityEngine.GameObject:AddComponent (System.Type)
UnityEngine.GameObject:AddComponent<FLOBUK.StoreSimulator.UpgradesUIController> ()
FLOBUK.StoreSimulator.EntrepreneurTreeUIBootstrap:IntegrateScene (UnityEngine.SceneManagement.Scene) (at Assets/Systems/EntrepreneurTree/EntrepreneurTreeUIBootstrap.cs:83)
FLOBUK.StoreSimulator.EntrepreneurTreeUIBootstrap:Initialize () (at Assets/Systems/EntrepreneurTree/EntrepreneurTreeUIBootstrap.cs:43)

(Filename: Assets/UI/Computer/Upgrades/UpgradesUIController.cs Line: 158)

[EntrepreneurTree] Rendering node: product_protein_1 at 0/-1530.
UnityEngine.Debug:ExtractStackTraceNoAlloc (byte*,int,string)
UnityEngine.StackTraceUtility:ExtractStackTrace ()
UnityEngine.DebugLogHandler:Internal_Log (UnityEngine.LogType,UnityEngine.LogOption,string,UnityEngine.Object)
UnityEngine.DebugLogHandler:LogFormat (UnityEngine.LogType,UnityEngine.Object,string,object[])
UnityEngine.Logger:Log (UnityEngine.LogType,object)
UnityEngine.Debug:Log (object)
FLOBUK.StoreSimulator.UpgradesUIController:BuildTree () (at Assets/UI/Computer/Upgrades/UpgradesUIController.cs:158)
FLOBUK.StoreSimulator.UpgradesUIController:OnEnable () (at Assets/UI/Computer/Upgrades/UpgradesUIController.cs:77)
UnityEngine.GameObject:Internal_AddComponentWithType (System.Type)
UnityEngine.GameObject:AddComponent (System.Type)
UnityEngine.GameObject:AddComponent<FLOBUK.StoreSimulator.UpgradesUIController> ()
FLOBUK.StoreSimulator.EntrepreneurTreeUIBootstrap:IntegrateScene (UnityEngine.SceneManagement.Scene) (at Assets/Systems/EntrepreneurTree/EntrepreneurTreeUIBootstrap.cs:83)
FLOBUK.StoreSimulator.EntrepreneurTreeUIBootstrap:Initialize () (at Assets/Systems/EntrepreneurTree/EntrepreneurTreeUIBootstrap.cs:43)

(Filename: Assets/UI/Computer/Upgrades/UpgradesUIController.cs Line: 158)

[EntrepreneurTree] Rendering node: product_sodas at 0/-1672.
UnityEngine.Debug:ExtractStackTraceNoAlloc (byte*,int,string)
UnityEngine.StackTraceUtility:ExtractStackTrace ()
UnityEngine.DebugLogHandler:Internal_Log (UnityEngine.LogType,UnityEngine.LogOption,string,UnityEngine.Object)
UnityEngine.DebugLogHandler:LogFormat (UnityEngine.LogType,UnityEngine.Object,string,object[])
UnityEngine.Logger:Log (UnityEngine.LogType,object)
UnityEngine.Debug:Log (object)
FLOBUK.StoreSimulator.UpgradesUIController:BuildTree () (at Assets/UI/Computer/Upgrades/UpgradesUIController.cs:158)
FLOBUK.StoreSimulator.UpgradesUIController:OnEnable () (at Assets/UI/Computer/Upgrades/UpgradesUIController.cs:77)
UnityEngine.GameObject:Internal_AddComponentWithType (System.Type)
UnityEngine.GameObject:AddComponent (System.Type)
UnityEngine.GameObject:AddComponent<FLOBUK.StoreSimulator.UpgradesUIController> ()
FLOBUK.StoreSimulator.EntrepreneurTreeUIBootstrap:IntegrateScene (UnityEngine.SceneManagement.Scene) (at Assets/Systems/EntrepreneurTree/EntrepreneurTreeUIBootstrap.cs:83)
FLOBUK.StoreSimulator.EntrepreneurTreeUIBootstrap:Initialize () (at Assets/Systems/EntrepreneurTree/EntrepreneurTreeUIBootstrap.cs:43)

(Filename: Assets/UI/Computer/Upgrades/UpgradesUIController.cs Line: 158)

[EntrepreneurTree] Rendering node: product_luxury_1 at 0/-1814.
UnityEngine.Debug:ExtractStackTraceNoAlloc (byte*,int,string)
UnityEngine.StackTraceUtility:ExtractStackTrace ()
UnityEngine.DebugLogHandler:Internal_Log (UnityEngine.LogType,UnityEngine.LogOption,string,UnityEngine.Object)
UnityEngine.DebugLogHandler:LogFormat (UnityEngine.LogType,UnityEngine.Object,string,object[])
UnityEngine.Logger:Log (UnityEngine.LogType,object)
UnityEngine.Debug:Log (object)
FLOBUK.StoreSimulator.UpgradesUIController:BuildTree () (at Assets/UI/Computer/Upgrades/UpgradesUIController.cs:158)
FLOBUK.StoreSimulator.UpgradesUIController:OnEnable () (at Assets/UI/Computer/Upgrades/UpgradesUIController.cs:77)
UnityEngine.GameObject:Internal_AddComponentWithType (System.Type)
UnityEngine.GameObject:AddComponent (System.Type)
UnityEngine.GameObject:AddComponent<FLOBUK.StoreSimulator.UpgradesUIController> ()
FLOBUK.StoreSimulator.EntrepreneurTreeUIBootstrap:IntegrateScene (UnityEngine.SceneManagement.Scene) (at Assets/Systems/EntrepreneurTree/EntrepreneurTreeUIBootstrap.cs:83)
FLOBUK.StoreSimulator.EntrepreneurTreeUIBootstrap:Initialize () (at Assets/Systems/EntrepreneurTree/EntrepreneurTreeUIBootstrap.cs:43)

(Filename: Assets/UI/Computer/Upgrades/UpgradesUIController.cs Line: 158)

[EntrepreneurTree] Rendering node: product_appliances_1 at 0/-1956.
UnityEngine.Debug:ExtractStackTraceNoAlloc (byte*,int,string)
UnityEngine.StackTraceUtility:ExtractStackTrace ()
UnityEngine.DebugLogHandler:Internal_Log (UnityEngine.LogType,UnityEngine.LogOption,string,UnityEngine.Object)
UnityEngine.DebugLogHandler:LogFormat (UnityEngine.LogType,UnityEngine.Object,string,object[])
UnityEngine.Logger:Log (UnityEngine.LogType,object)
UnityEngine.Debug:Log (object)
FLOBUK.StoreSimulator.UpgradesUIController:BuildTree () (at Assets/UI/Computer/Upgrades/UpgradesUIController.cs:158)
FLOBUK.StoreSimulator.UpgradesUIController:OnEnable () (at Assets/UI/Computer/Upgrades/UpgradesUIController.cs:77)
UnityEngine.GameObject:Internal_AddComponentWithType (System.Type)
UnityEngine.GameObject:AddComponent (System.Type)
UnityEngine.GameObject:AddComponent<FLOBUK.StoreSimulator.UpgradesUIController> ()
FLOBUK.StoreSimulator.EntrepreneurTreeUIBootstrap:IntegrateScene (UnityEngine.SceneManagement.Scene) (at Assets/Systems/EntrepreneurTree/EntrepreneurTreeUIBootstrap.cs:83)
FLOBUK.StoreSimulator.EntrepreneurTreeUIBootstrap:Initialize () (at Assets/Systems/EntrepreneurTree/EntrepreneurTreeUIBootstrap.cs:43)

(Filename: Assets/UI/Computer/Upgrades/UpgradesUIController.cs Line: 158)

[EntrepreneurTree] Rendering node: employee_1 at 260/-110.
UnityEngine.Debug:ExtractStackTraceNoAlloc (byte*,int,string)
UnityEngine.StackTraceUtility:ExtractStackTrace ()
UnityEngine.DebugLogHandler:Internal_Log (UnityEngine.LogType,UnityEngine.LogOption,string,UnityEngine.Object)
UnityEngine.DebugLogHandler:LogFormat (UnityEngine.LogType,UnityEngine.Object,string,object[])
UnityEngine.Logger:Log (UnityEngine.LogType,object)
UnityEngine.Debug:Log (object)
FLOBUK.StoreSimulator.UpgradesUIController:BuildTree () (at Assets/UI/Computer/Upgrades/UpgradesUIController.cs:158)
FLOBUK.StoreSimulator.UpgradesUIController:OnEnable () (at Assets/UI/Computer/Upgrades/UpgradesUIController.cs:77)
UnityEngine.GameObject:Internal_AddComponentWithType (System.Type)
UnityEngine.GameObject:AddComponent (System.Type)
UnityEngine.GameObject:AddComponent<FLOBUK.StoreSimulator.UpgradesUIController> ()
FLOBUK.StoreSimulator.EntrepreneurTreeUIBootstrap:IntegrateScene (UnityEngine.SceneManagement.Scene) (at Assets/Systems/EntrepreneurTree/EntrepreneurTreeUIBootstrap.cs:83)
FLOBUK.StoreSimulator.EntrepreneurTreeUIBootstrap:Initialize () (at Assets/Systems/EntrepreneurTree/EntrepreneurTreeUIBootstrap.cs:43)

(Filename: Assets/UI/Computer/Upgrades/UpgradesUIController.cs Line: 158)

[EntrepreneurTree] Rendering node: employee_2 at 260/-252.
UnityEngine.Debug:ExtractStackTraceNoAlloc (byte*,int,string)
UnityEngine.StackTraceUtility:ExtractStackTrace ()
UnityEngine.DebugLogHandler:Internal_Log (UnityEngine.LogType,UnityEngine.LogOption,string,UnityEngine.Object)
UnityEngine.DebugLogHandler:LogFormat (UnityEngine.LogType,UnityEngine.Object,string,object[])
UnityEngine.Logger:Log (UnityEngine.LogType,object)
UnityEngine.Debug:Log (object)
FLOBUK.StoreSimulator.UpgradesUIController:BuildTree () (at Assets/UI/Computer/Upgrades/UpgradesUIController.cs:158)
FLOBUK.StoreSimulator.UpgradesUIController:OnEnable () (at Assets/UI/Computer/Upgrades/UpgradesUIController.cs:77)
UnityEngine.GameObject:Internal_AddComponentWithType (System.Type)
UnityEngine.GameObject:AddComponent (System.Type)
UnityEngine.GameObject:AddComponent<FLOBUK.StoreSimulator.UpgradesUIController> ()
FLOBUK.StoreSimulator.EntrepreneurTreeUIBootstrap:IntegrateScene (UnityEngine.SceneManagement.Scene) (at Assets/Systems/EntrepreneurTree/EntrepreneurTreeUIBootstrap.cs:83)
FLOBUK.StoreSimulator.EntrepreneurTreeUIBootstrap:Initialize () (at Assets/Systems/EntrepreneurTree/EntrepreneurTreeUIBootstrap.cs:43)

(Filename: Assets/UI/Computer/Upgrades/UpgradesUIController.cs Line: 158)

[EntrepreneurTree] Rendering node: employee_3 at 260/-394.
UnityEngine.Debug:ExtractStackTraceNoAlloc (byte*,int,string)
UnityEngine.StackTraceUtility:ExtractStackTrace ()
UnityEngine.DebugLogHandler:Internal_Log (UnityEngine.LogType,UnityEngine.LogOption,string,UnityEngine.Object)
UnityEngine.DebugLogHandler:LogFormat (UnityEngine.LogType,UnityEngine.Object,string,object[])
UnityEngine.Logger:Log (UnityEngine.LogType,object)
UnityEngine.Debug:Log (object)
FLOBUK.StoreSimulator.UpgradesUIController:BuildTree () (at Assets/UI/Computer/Upgrades/UpgradesUIController.cs:158)
FLOBUK.StoreSimulator.UpgradesUIController:OnEnable () (at Assets/UI/Computer/Upgrades/UpgradesUIController.cs:77)
UnityEngine.GameObject:Internal_AddComponentWithType (System.Type)
UnityEngine.GameObject:AddComponent (System.Type)
UnityEngine.GameObject:AddComponent<FLOBUK.StoreSimulator.UpgradesUIController> ()
FLOBUK.StoreSimulator.EntrepreneurTreeUIBootstrap:IntegrateScene (UnityEngine.SceneManagement.Scene) (at Assets/Systems/EntrepreneurTree/EntrepreneurTreeUIBootstrap.cs:83)
FLOBUK.StoreSimulator.EntrepreneurTreeUIBootstrap:Initialize () (at Assets/Systems/EntrepreneurTree/EntrepreneurTreeUIBootstrap.cs:43)

(Filename: Assets/UI/Computer/Upgrades/UpgradesUIController.cs Line: 158)

[EntrepreneurTree] Rendering node: employee_4 at 260/-536.
UnityEngine.Debug:ExtractStackTraceNoAlloc (byte*,int,string)
UnityEngine.StackTraceUtility:ExtractStackTrace ()
UnityEngine.DebugLogHandler:Internal_Log (UnityEngine.LogType,UnityEngine.LogOption,string,UnityEngine.Object)
UnityEngine.DebugLogHandler:LogFormat (UnityEngine.LogType,UnityEngine.Object,string,object[])
UnityEngine.Logger:Log (UnityEngine.LogType,object)
UnityEngine.Debug:Log (object)
FLOBUK.StoreSimulator.UpgradesUIController:BuildTree () (at Assets/UI/Computer/Upgrades/UpgradesUIController.cs:158)
FLOBUK.StoreSimulator.UpgradesUIController:OnEnable () (at Assets/UI/Computer/Upgrades/UpgradesUIController.cs:77)
UnityEngine.GameObject:Internal_AddComponentWithType (System.Type)
UnityEngine.GameObject:AddComponent (System.Type)
UnityEngine.GameObject:AddComponent<FLOBUK.StoreSimulator.UpgradesUIController> ()
FLOBUK.StoreSimulator.EntrepreneurTreeUIBootstrap:IntegrateScene (UnityEngine.SceneManagement.Scene) (at Assets/Systems/EntrepreneurTree/EntrepreneurTreeUIBootstrap.cs:83)
FLOBUK.StoreSimulator.EntrepreneurTreeUIBootstrap:Initialize () (at Assets/Systems/EntrepreneurTree/EntrepreneurTreeUIBootstrap.cs:43)

(Filename: Assets/UI/Computer/Upgrades/UpgradesUIController.cs Line: 158)

[EntrepreneurTree] Rendering node: employee_5 at 260/-678.
UnityEngine.Debug:ExtractStackTraceNoAlloc (byte*,int,string)
UnityEngine.StackTraceUtility:ExtractStackTrace ()
UnityEngine.DebugLogHandler:Internal_Log (UnityEngine.LogType,UnityEngine.LogOption,string,UnityEngine.Object)
UnityEngine.DebugLogHandler:LogFormat (UnityEngine.LogType,UnityEngine.Object,string,object[])
UnityEngine.Logger:Log (UnityEngine.LogType,object)
UnityEngine.Debug:Log (object)
FLOBUK.StoreSimulator.UpgradesUIController:BuildTree () (at Assets/UI/Computer/Upgrades/UpgradesUIController.cs:158)
FLOBUK.StoreSimulator.UpgradesUIController:OnEnable () (at Assets/UI/Computer/Upgrades/UpgradesUIController.cs:77)
UnityEngine.GameObject:Internal_AddComponentWithType (System.Type)
UnityEngine.GameObject:AddComponent (System.Type)
UnityEngine.GameObject:AddComponent<FLOBUK.StoreSimulator.UpgradesUIController> ()
FLOBUK.StoreSimulator.EntrepreneurTreeUIBootstrap:IntegrateScene (UnityEngine.SceneManagement.Scene) (at Assets/Systems/EntrepreneurTree/EntrepreneurTreeUIBootstrap.cs:83)
FLOBUK.StoreSimulator.EntrepreneurTreeUIBootstrap:Initialize () (at Assets/Systems/EntrepreneurTree/EntrepreneurTreeUIBootstrap.cs:43)

(Filename: Assets/UI/Computer/Upgrades/UpgradesUIController.cs Line: 158)

[EntrepreneurTree] Rendering node: employee_6 at 260/-820.
UnityEngine.Debug:ExtractStackTraceNoAlloc (byte*,int,string)
UnityEngine.StackTraceUtility:ExtractStackTrace ()
UnityEngine.DebugLogHandler:Internal_Log (UnityEngine.LogType,UnityEngine.LogOption,string,UnityEngine.Object)
UnityEngine.DebugLogHandler:LogFormat (UnityEngine.LogType,UnityEngine.Object,string,object[])
UnityEngine.Logger:Log (UnityEngine.LogType,object)
UnityEngine.Debug:Log (object)
FLOBUK.StoreSimulator.UpgradesUIController:BuildTree () (at Assets/UI/Computer/Upgrades/UpgradesUIController.cs:158)
FLOBUK.StoreSimulator.UpgradesUIController:OnEnable () (at Assets/UI/Computer/Upgrades/UpgradesUIController.cs:77)
UnityEngine.GameObject:Internal_AddComponentWithType (System.Type)
UnityEngine.GameObject:AddComponent (System.Type)
UnityEngine.GameObject:AddComponent<FLOBUK.StoreSimulator.UpgradesUIController> ()
FLOBUK.StoreSimulator.EntrepreneurTreeUIBootstrap:IntegrateScene (UnityEngine.SceneManagement.Scene) (at Assets/Systems/EntrepreneurTree/EntrepreneurTreeUIBootstrap.cs:83)
FLOBUK.StoreSimulator.EntrepreneurTreeUIBootstrap:Initialize () (at Assets/Systems/EntrepreneurTree/EntrepreneurTreeUIBootstrap.cs:43)

(Filename: Assets/UI/Computer/Upgrades/UpgradesUIController.cs Line: 158)

[EntrepreneurTree] Rendering node: employee_7 at 260/-962.
UnityEngine.Debug:ExtractStackTraceNoAlloc (byte*,int,string)
UnityEngine.StackTraceUtility:ExtractStackTrace ()
UnityEngine.DebugLogHandler:Internal_Log (UnityEngine.LogType,UnityEngine.LogOption,string,UnityEngine.Object)
UnityEngine.DebugLogHandler:LogFormat (UnityEngine.LogType,UnityEngine.Object,string,object[])
UnityEngine.Logger:Log (UnityEngine.LogType,object)
UnityEngine.Debug:Log (object)
FLOBUK.StoreSimulator.UpgradesUIController:BuildTree () (at Assets/UI/Computer/Upgrades/UpgradesUIController.cs:158)
FLOBUK.StoreSimulator.UpgradesUIController:OnEnable () (at Assets/UI/Computer/Upgrades/UpgradesUIController.cs:77)
UnityEngine.GameObject:Internal_AddComponentWithType (System.Type)
UnityEngine.GameObject:AddComponent (System.Type)
UnityEngine.GameObject:AddComponent<FLOBUK.StoreSimulator.UpgradesUIController> ()
FLOBUK.StoreSimulator.EntrepreneurTreeUIBootstrap:IntegrateScene (UnityEngine.SceneManagement.Scene) (at Assets/Systems/EntrepreneurTree/EntrepreneurTreeUIBootstrap.cs:83)
FLOBUK.StoreSimulator.EntrepreneurTreeUIBootstrap:Initialize () (at Assets/Systems/EntrepreneurTree/EntrepreneurTreeUIBootstrap.cs:43)

(Filename: Assets/UI/Computer/Upgrades/UpgradesUIController.cs Line: 158)

[EntrepreneurTree] Rendering node: employee_8 at 260/-1104.
UnityEngine.Debug:ExtractStackTraceNoAlloc (byte*,int,string)
UnityEngine.StackTraceUtility:ExtractStackTrace ()
UnityEngine.DebugLogHandler:Internal_Log (UnityEngine.LogType,UnityEngine.LogOption,string,UnityEngine.Object)
UnityEngine.DebugLogHandler:LogFormat (UnityEngine.LogType,UnityEngine.Object,string,object[])
UnityEngine.Logger:Log (UnityEngine.LogType,object)
UnityEngine.Debug:Log (object)
FLOBUK.StoreSimulator.UpgradesUIController:BuildTree () (at Assets/UI/Computer/Upgrades/UpgradesUIController.cs:158)
FLOBUK.StoreSimulator.UpgradesUIController:OnEnable () (at Assets/UI/Computer/Upgrades/UpgradesUIController.cs:77)
UnityEngine.GameObject:Internal_AddComponentWithType (System.Type)
UnityEngine.GameObject:AddComponent (System.Type)
UnityEngine.GameObject:AddComponent<FLOBUK.StoreSimulator.UpgradesUIController> ()
FLOBUK.StoreSimulator.EntrepreneurTreeUIBootstrap:IntegrateScene (UnityEngine.SceneManagement.Scene) (at Assets/Systems/EntrepreneurTree/EntrepreneurTreeUIBootstrap.cs:83)
FLOBUK.StoreSimulator.EntrepreneurTreeUIBootstrap:Initialize () (at Assets/Systems/EntrepreneurTree/EntrepreneurTreeUIBootstrap.cs:43)

(Filename: Assets/UI/Computer/Upgrades/UpgradesUIController.cs Line: 158)

[EntrepreneurTree] Rendering node: employee_9 at 260/-1246.
UnityEngine.Debug:ExtractStackTraceNoAlloc (byte*,int,string)
UnityEngine.StackTraceUtility:ExtractStackTrace ()
UnityEngine.DebugLogHandler:Internal_Log (UnityEngine.LogType,UnityEngine.LogOption,string,UnityEngine.Object)
UnityEngine.DebugLogHandler:LogFormat (UnityEngine.LogType,UnityEngine.Object,string,object[])
UnityEngine.Logger:Log (UnityEngine.LogType,object)
UnityEngine.Debug:Log (object)
FLOBUK.StoreSimulator.UpgradesUIController:BuildTree () (at Assets/UI/Computer/Upgrades/UpgradesUIController.cs:158)
FLOBUK.StoreSimulator.UpgradesUIController:OnEnable () (at Assets/UI/Computer/Upgrades/UpgradesUIController.cs:77)
UnityEngine.GameObject:Internal_AddComponentWithType (System.Type)
UnityEngine.GameObject:AddComponent (System.Type)
UnityEngine.GameObject:AddComponent<FLOBUK.StoreSimulator.UpgradesUIController> ()
FLOBUK.StoreSimulator.EntrepreneurTreeUIBootstrap:IntegrateScene (UnityEngine.SceneManagement.Scene) (at Assets/Systems/EntrepreneurTree/EntrepreneurTreeUIBootstrap.cs:83)
FLOBUK.StoreSimulator.EntrepreneurTreeUIBootstrap:Initialize () (at Assets/Systems/EntrepreneurTree/EntrepreneurTreeUIBootstrap.cs:43)

(Filename: Assets/UI/Computer/Upgrades/UpgradesUIController.cs Line: 158)

[EntrepreneurTree] Rendering node: employee_10 at 260/-1388.
UnityEngine.Debug:ExtractStackTraceNoAlloc (byte*,int,string)
UnityEngine.StackTraceUtility:ExtractStackTrace ()
UnityEngine.DebugLogHandler:Internal_Log (UnityEngine.LogType,UnityEngine.LogOption,string,UnityEngine.Object)
UnityEngine.DebugLogHandler:LogFormat (UnityEngine.LogType,UnityEngine.Object,string,object[])
UnityEngine.Logger:Log (UnityEngine.LogType,object)
UnityEngine.Debug:Log (object)
FLOBUK.StoreSimulator.UpgradesUIController:BuildTree () (at Assets/UI/Computer/Upgrades/UpgradesUIController.cs:158)
FLOBUK.StoreSimulator.UpgradesUIController:OnEnable () (at Assets/UI/Computer/Upgrades/UpgradesUIController.cs:77)
UnityEngine.GameObject:Internal_AddComponentWithType (System.Type)
UnityEngine.GameObject:AddComponent (System.Type)
UnityEngine.GameObject:AddComponent<FLOBUK.StoreSimulator.UpgradesUIController> ()
FLOBUK.StoreSimulator.EntrepreneurTreeUIBootstrap:IntegrateScene (UnityEngine.SceneManagement.Scene) (at Assets/Systems/EntrepreneurTree/EntrepreneurTreeUIBootstrap.cs:83)
FLOBUK.StoreSimulator.EntrepreneurTreeUIBootstrap:Initialize () (at Assets/Systems/EntrepreneurTree/EntrepreneurTreeUIBootstrap.cs:43)

(Filename: Assets/UI/Computer/Upgrades/UpgradesUIController.cs Line: 158)

[EntrepreneurTree] Rendering node: employee_11 at 260/-1530.
UnityEngine.Debug:ExtractStackTraceNoAlloc (byte*,int,string)
UnityEngine.StackTraceUtility:ExtractStackTrace ()
UnityEngine.DebugLogHandler:Internal_Log (UnityEngine.LogType,UnityEngine.LogOption,string,UnityEngine.Object)
UnityEngine.DebugLogHandler:LogFormat (UnityEngine.LogType,UnityEngine.Object,string,object[])
UnityEngine.Logger:Log (UnityEngine.LogType,object)
UnityEngine.Debug:Log (object)
FLOBUK.StoreSimulator.UpgradesUIController:BuildTree () (at Assets/UI/Computer/Upgrades/UpgradesUIController.cs:158)
FLOBUK.StoreSimulator.UpgradesUIController:OnEnable () (at Assets/UI/Computer/Upgrades/UpgradesUIController.cs:77)
UnityEngine.GameObject:Internal_AddComponentWithType (System.Type)
UnityEngine.GameObject:AddComponent (System.Type)
UnityEngine.GameObject:AddComponent<FLOBUK.StoreSimulator.UpgradesUIController> ()
FLOBUK.StoreSimulator.EntrepreneurTreeUIBootstrap:IntegrateScene (UnityEngine.SceneManagement.Scene) (at Assets/Systems/EntrepreneurTree/EntrepreneurTreeUIBootstrap.cs:83)
FLOBUK.StoreSimulator.EntrepreneurTreeUIBootstrap:Initialize () (at Assets/Systems/EntrepreneurTree/EntrepreneurTreeUIBootstrap.cs:43)

(Filename: Assets/UI/Computer/Upgrades/UpgradesUIController.cs Line: 158)

[EntrepreneurTree] Rendering node: employee_12 at 260/-1672.
UnityEngine.Debug:ExtractStackTraceNoAlloc (byte*,int,string)
UnityEngine.StackTraceUtility:ExtractStackTrace ()
UnityEngine.DebugLogHandler:Internal_Log (UnityEngine.LogType,UnityEngine.LogOption,string,UnityEngine.Object)
UnityEngine.DebugLogHandler:LogFormat (UnityEngine.LogType,UnityEngine.Object,string,object[])
UnityEngine.Logger:Log (UnityEngine.LogType,object)
UnityEngine.Debug:Log (object)
FLOBUK.StoreSimulator.UpgradesUIController:BuildTree () (at Assets/UI/Computer/Upgrades/UpgradesUIController.cs:158)
FLOBUK.StoreSimulator.UpgradesUIController:OnEnable () (at Assets/UI/Computer/Upgrades/UpgradesUIController.cs:77)
UnityEngine.GameObject:Internal_AddComponentWithType (System.Type)
UnityEngine.GameObject:AddComponent (System.Type)
UnityEngine.GameObject:AddComponent<FLOBUK.StoreSimulator.UpgradesUIController> ()
FLOBUK.StoreSimulator.EntrepreneurTreeUIBootstrap:IntegrateScene (UnityEngine.SceneManagement.Scene) (at Assets/Systems/EntrepreneurTree/EntrepreneurTreeUIBootstrap.cs:83)
FLOBUK.StoreSimulator.EntrepreneurTreeUIBootstrap:Initialize () (at Assets/Systems/EntrepreneurTree/EntrepreneurTreeUIBootstrap.cs:43)

(Filename: Assets/UI/Computer/Upgrades/UpgradesUIController.cs Line: 158)

[EntrepreneurTree] Rendering node: employee_13 at 260/-1814.
UnityEngine.Debug:ExtractStackTraceNoAlloc (byte*,int,string)
UnityEngine.StackTraceUtility:ExtractStackTrace ()
UnityEngine.DebugLogHandler:Internal_Log (UnityEngine.LogType,UnityEngine.LogOption,string,UnityEngine.Object)
UnityEngine.DebugLogHandler:LogFormat (UnityEngine.LogType,UnityEngine.Object,string,object[])
UnityEngine.Logger:Log (UnityEngine.LogType,object)
UnityEngine.Debug:Log (object)
FLOBUK.StoreSimulator.UpgradesUIController:BuildTree () (at Assets/UI/Computer/Upgrades/UpgradesUIController.cs:158)
FLOBUK.StoreSimulator.UpgradesUIController:OnEnable () (at Assets/UI/Computer/Upgrades/UpgradesUIController.cs:77)
UnityEngine.GameObject:Internal_AddComponentWithType (System.Type)
UnityEngine.GameObject:AddComponent (System.Type)
UnityEngine.GameObject:AddComponent<FLOBUK.StoreSimulator.UpgradesUIController> ()
FLOBUK.StoreSimulator.EntrepreneurTreeUIBootstrap:IntegrateScene (UnityEngine.SceneManagement.Scene) (at Assets/Systems/EntrepreneurTree/EntrepreneurTreeUIBootstrap.cs:83)
FLOBUK.StoreSimulator.EntrepreneurTreeUIBootstrap:Initialize () (at Assets/Systems/EntrepreneurTree/EntrepreneurTreeUIBootstrap.cs:43)

(Filename: Assets/UI/Computer/Upgrades/UpgradesUIController.cs Line: 158)

[EntrepreneurTree] Rendering node: employee_14 at 260/-1956.
UnityEngine.Debug:ExtractStackTraceNoAlloc (byte*,int,string)
UnityEngine.StackTraceUtility:ExtractStackTrace ()
UnityEngine.DebugLogHandler:Internal_Log (UnityEngine.LogType,UnityEngine.LogOption,string,UnityEngine.Object)
UnityEngine.DebugLogHandler:LogFormat (UnityEngine.LogType,UnityEngine.Object,string,object[])
UnityEngine.Logger:Log (UnityEngine.LogType,object)
UnityEngine.Debug:Log (object)
FLOBUK.StoreSimulator.UpgradesUIController:BuildTree () (at Assets/UI/Computer/Upgrades/UpgradesUIController.cs:158)
FLOBUK.StoreSimulator.UpgradesUIController:OnEnable () (at Assets/UI/Computer/Upgrades/UpgradesUIController.cs:77)
UnityEngine.GameObject:Internal_AddComponentWithType (System.Type)
UnityEngine.GameObject:AddComponent (System.Type)
UnityEngine.GameObject:AddComponent<FLOBUK.StoreSimulator.UpgradesUIController> ()
FLOBUK.StoreSimulator.EntrepreneurTreeUIBootstrap:IntegrateScene (UnityEngine.SceneManagement.Scene) (at Assets/Systems/EntrepreneurTree/EntrepreneurTreeUIBootstrap.cs:83)
FLOBUK.StoreSimulator.EntrepreneurTreeUIBootstrap:Initialize () (at Assets/Systems/EntrepreneurTree/EntrepreneurTreeUIBootstrap.cs:43)

(Filename: Assets/UI/Computer/Upgrades/UpgradesUIController.cs Line: 158)

[EntrepreneurTree] Rendering node: employee_15 at 260/-2098.
UnityEngine.Debug:ExtractStackTraceNoAlloc (byte*,int,string)
UnityEngine.StackTraceUtility:ExtractStackTrace ()
UnityEngine.DebugLogHandler:Internal_Log (UnityEngine.LogType,UnityEngine.LogOption,string,UnityEngine.Object)
UnityEngine.DebugLogHandler:LogFormat (UnityEngine.LogType,UnityEngine.Object,string,object[])
UnityEngine.Logger:Log (UnityEngine.LogType,object)
UnityEngine.Debug:Log (object)
FLOBUK.StoreSimulator.UpgradesUIController:BuildTree () (at Assets/UI/Computer/Upgrades/UpgradesUIController.cs:158)
FLOBUK.StoreSimulator.UpgradesUIController:OnEnable () (at Assets/UI/Computer/Upgrades/UpgradesUIController.cs:77)
UnityEngine.GameObject:Internal_AddComponentWithType (System.Type)
UnityEngine.GameObject:AddComponent (System.Type)
UnityEngine.GameObject:AddComponent<FLOBUK.StoreSimulator.UpgradesUIController> ()
FLOBUK.StoreSimulator.EntrepreneurTreeUIBootstrap:IntegrateScene (UnityEngine.SceneManagement.Scene) (at Assets/Systems/EntrepreneurTree/EntrepreneurTreeUIBootstrap.cs:83)
FLOBUK.StoreSimulator.EntrepreneurTreeUIBootstrap:Initialize () (at Assets/Systems/EntrepreneurTree/EntrepreneurTreeUIBootstrap.cs:43)

(Filename: Assets/UI/Computer/Upgrades/UpgradesUIController.cs Line: 158)

[EntrepreneurTree] Rendering node: employee_16 at 260/-2240.
UnityEngine.Debug:ExtractStackTraceNoAlloc (byte*,int,string)
UnityEngine.StackTraceUtility:ExtractStackTrace ()
UnityEngine.DebugLogHandler:Internal_Log (UnityEngine.LogType,UnityEngine.LogOption,string,UnityEngine.Object)
UnityEngine.DebugLogHandler:LogFormat (UnityEngine.LogType,UnityEngine.Object,string,object[])
UnityEngine.Logger:Log (UnityEngine.LogType,object)
UnityEngine.Debug:Log (object)
FLOBUK.StoreSimulator.UpgradesUIController:BuildTree () (at Assets/UI/Computer/Upgrades/UpgradesUIController.cs:158)
FLOBUK.StoreSimulator.UpgradesUIController:OnEnable () (at Assets/UI/Computer/Upgrades/UpgradesUIController.cs:77)
UnityEngine.GameObject:Internal_AddComponentWithType (System.Type)
UnityEngine.GameObject:AddComponent (System.Type)
UnityEngine.GameObject:AddComponent<FLOBUK.StoreSimulator.UpgradesUIController> ()
FLOBUK.StoreSimulator.EntrepreneurTreeUIBootstrap:IntegrateScene (UnityEngine.SceneManagement.Scene) (at Assets/Systems/EntrepreneurTree/EntrepreneurTreeUIBootstrap.cs:83)
FLOBUK.StoreSimulator.EntrepreneurTreeUIBootstrap:Initialize () (at Assets/Systems/EntrepreneurTree/EntrepreneurTreeUIBootstrap.cs:43)

(Filename: Assets/UI/Computer/Upgrades/UpgradesUIController.cs Line: 158)

[EntrepreneurTree] Rendering node: employee_17 at 260/-2382.
UnityEngine.Debug:ExtractStackTraceNoAlloc (byte*,int,string)
UnityEngine.StackTraceUtility:ExtractStackTrace ()
UnityEngine.DebugLogHandler:Internal_Log (UnityEngine.LogType,UnityEngine.LogOption,string,UnityEngine.Object)
UnityEngine.DebugLogHandler:LogFormat (UnityEngine.LogType,UnityEngine.Object,string,object[])
UnityEngine.Logger:Log (UnityEngine.LogType,object)
UnityEngine.Debug:Log (object)
FLOBUK.StoreSimulator.UpgradesUIController:BuildTree () (at Assets/UI/Computer/Upgrades/UpgradesUIController.cs:158)
FLOBUK.StoreSimulator.UpgradesUIController:OnEnable () (at Assets/UI/Computer/Upgrades/UpgradesUIController.cs:77)
UnityEngine.GameObject:Internal_AddComponentWithType (System.Type)
UnityEngine.GameObject:AddComponent (System.Type)
UnityEngine.GameObject:AddComponent<FLOBUK.StoreSimulator.UpgradesUIController> ()
FLOBUK.StoreSimulator.EntrepreneurTreeUIBootstrap:IntegrateScene (UnityEngine.SceneManagement.Scene) (at Assets/Systems/EntrepreneurTree/EntrepreneurTreeUIBootstrap.cs:83)
FLOBUK.StoreSimulator.EntrepreneurTreeUIBootstrap:Initialize () (at Assets/Systems/EntrepreneurTree/EntrepreneurTreeUIBootstrap.cs:43)

(Filename: Assets/UI/Computer/Upgrades/UpgradesUIController.cs Line: 158)

[EntrepreneurTree] Rendering node: employee_18 at 260/-2524.
UnityEngine.Debug:ExtractStackTraceNoAlloc (byte*,int,string)
UnityEngine.StackTraceUtility:ExtractStackTrace ()
UnityEngine.DebugLogHandler:Internal_Log (UnityEngine.LogType,UnityEngine.LogOption,string,UnityEngine.Object)
UnityEngine.DebugLogHandler:LogFormat (UnityEngine.LogType,UnityEngine.Object,string,object[])
UnityEngine.Logger:Log (UnityEngine.LogType,object)
UnityEngine.Debug:Log (object)
FLOBUK.StoreSimulator.UpgradesUIController:BuildTree () (at Assets/UI/Computer/Upgrades/UpgradesUIController.cs:158)
FLOBUK.StoreSimulator.UpgradesUIController:OnEnable () (at Assets/UI/Computer/Upgrades/UpgradesUIController.cs:77)
UnityEngine.GameObject:Internal_AddComponentWithType (System.Type)
UnityEngine.GameObject:AddComponent (System.Type)
UnityEngine.GameObject:AddComponent<FLOBUK.StoreSimulator.UpgradesUIController> ()
FLOBUK.StoreSimulator.EntrepreneurTreeUIBootstrap:IntegrateScene (UnityEngine.SceneManagement.Scene) (at Assets/Systems/EntrepreneurTree/EntrepreneurTreeUIBootstrap.cs:83)
FLOBUK.StoreSimulator.EntrepreneurTreeUIBootstrap:Initialize () (at Assets/Systems/EntrepreneurTree/EntrepreneurTreeUIBootstrap.cs:43)

(Filename: Assets/UI/Computer/Upgrades/UpgradesUIController.cs Line: 158)

[EntrepreneurTree] Rendering node: security_1 at 520/-110.
UnityEngine.Debug:ExtractStackTraceNoAlloc (byte*,int,string)
UnityEngine.StackTraceUtility:ExtractStackTrace ()
UnityEngine.DebugLogHandler:Internal_Log (UnityEngine.LogType,UnityEngine.LogOption,string,UnityEngine.Object)
UnityEngine.DebugLogHandler:LogFormat (UnityEngine.LogType,UnityEngine.Object,string,object[])
UnityEngine.Logger:Log (UnityEngine.LogType,object)
UnityEngine.Debug:Log (object)
FLOBUK.StoreSimulator.UpgradesUIController:BuildTree () (at Assets/UI/Computer/Upgrades/UpgradesUIController.cs:158)
FLOBUK.StoreSimulator.UpgradesUIController:OnEnable () (at Assets/UI/Computer/Upgrades/UpgradesUIController.cs:77)
UnityEngine.GameObject:Internal_AddComponentWithType (System.Type)
UnityEngine.GameObject:AddComponent (System.Type)
UnityEngine.GameObject:AddComponent<FLOBUK.StoreSimulator.UpgradesUIController> ()
FLOBUK.StoreSimulator.EntrepreneurTreeUIBootstrap:IntegrateScene (UnityEngine.SceneManagement.Scene) (at Assets/Systems/EntrepreneurTree/EntrepreneurTreeUIBootstrap.cs:83)
FLOBUK.StoreSimulator.EntrepreneurTreeUIBootstrap:Initialize () (at Assets/Systems/EntrepreneurTree/EntrepreneurTreeUIBootstrap.cs:43)

(Filename: Assets/UI/Computer/Upgrades/UpgradesUIController.cs Line: 158)

[EntrepreneurTree] Rendering node: security_2 at 520/-252.
UnityEngine.Debug:ExtractStackTraceNoAlloc (byte*,int,string)
UnityEngine.StackTraceUtility:ExtractStackTrace ()
UnityEngine.DebugLogHandler:Internal_Log (UnityEngine.LogType,UnityEngine.LogOption,string,UnityEngine.Object)
UnityEngine.DebugLogHandler:LogFormat (UnityEngine.LogType,UnityEngine.Object,string,object[])
UnityEngine.Logger:Log (UnityEngine.LogType,object)
UnityEngine.Debug:Log (object)
FLOBUK.StoreSimulator.UpgradesUIController:BuildTree () (at Assets/UI/Computer/Upgrades/UpgradesUIController.cs:158)
FLOBUK.StoreSimulator.UpgradesUIController:OnEnable () (at Assets/UI/Computer/Upgrades/UpgradesUIController.cs:77)
UnityEngine.GameObject:Internal_AddComponentWithType (System.Type)
UnityEngine.GameObject:AddComponent (System.Type)
UnityEngine.GameObject:AddComponent<FLOBUK.StoreSimulator.UpgradesUIController> ()
FLOBUK.StoreSimulator.EntrepreneurTreeUIBootstrap:IntegrateScene (UnityEngine.SceneManagement.Scene) (at Assets/Systems/EntrepreneurTree/EntrepreneurTreeUIBootstrap.cs:83)
FLOBUK.StoreSimulator.EntrepreneurTreeUIBootstrap:Initialize () (at Assets/Systems/EntrepreneurTree/EntrepreneurTreeUIBootstrap.cs:43)

(Filename: Assets/UI/Computer/Upgrades/UpgradesUIController.cs Line: 158)

[EntrepreneurTree] Rendering node: security_3 at 520/-394.
UnityEngine.Debug:ExtractStackTraceNoAlloc (byte*,int,string)
UnityEngine.StackTraceUtility:ExtractStackTrace ()
UnityEngine.DebugLogHandler:Internal_Log (UnityEngine.LogType,UnityEngine.LogOption,string,UnityEngine.Object)
UnityEngine.DebugLogHandler:LogFormat (UnityEngine.LogType,UnityEngine.Object,string,object[])
UnityEngine.Logger:Log (UnityEngine.LogType,object)
UnityEngine.Debug:Log (object)
FLOBUK.StoreSimulator.UpgradesUIController:BuildTree () (at Assets/UI/Computer/Upgrades/UpgradesUIController.cs:158)
FLOBUK.StoreSimulator.UpgradesUIController:OnEnable () (at Assets/UI/Computer/Upgrades/UpgradesUIController.cs:77)
UnityEngine.GameObject:Internal_AddComponentWithType (System.Type)
UnityEngine.GameObject:AddComponent (System.Type)
UnityEngine.GameObject:AddComponent<FLOBUK.StoreSimulator.UpgradesUIController> ()
FLOBUK.StoreSimulator.EntrepreneurTreeUIBootstrap:IntegrateScene (UnityEngine.SceneManagement.Scene) (at Assets/Systems/EntrepreneurTree/EntrepreneurTreeUIBootstrap.cs:83)
FLOBUK.StoreSimulator.EntrepreneurTreeUIBootstrap:Initialize () (at Assets/Systems/EntrepreneurTree/EntrepreneurTreeUIBootstrap.cs:43)

(Filename: Assets/UI/Computer/Upgrades/UpgradesUIController.cs Line: 158)

[EntrepreneurTree] Rendering node: upgrade_caffeine at 780/-110.
UnityEngine.Debug:ExtractStackTraceNoAlloc (byte*,int,string)
UnityEngine.StackTraceUtility:ExtractStackTrace ()
UnityEngine.DebugLogHandler:Internal_Log (UnityEngine.LogType,UnityEngine.LogOption,string,UnityEngine.Object)
UnityEngine.DebugLogHandler:LogFormat (UnityEngine.LogType,UnityEngine.Object,string,object[])
UnityEngine.Logger:Log (UnityEngine.LogType,object)
UnityEngine.Debug:Log (object)
FLOBUK.StoreSimulator.UpgradesUIController:BuildTree () (at Assets/UI/Computer/Upgrades/UpgradesUIController.cs:158)
FLOBUK.StoreSimulator.UpgradesUIController:OnEnable () (at Assets/UI/Computer/Upgrades/UpgradesUIController.cs:77)
UnityEngine.GameObject:Internal_AddComponentWithType (System.Type)
UnityEngine.GameObject:AddComponent (System.Type)
UnityEngine.GameObject:AddComponent<FLOBUK.StoreSimulator.UpgradesUIController> ()
FLOBUK.StoreSimulator.EntrepreneurTreeUIBootstrap:IntegrateScene (UnityEngine.SceneManagement.Scene) (at Assets/Systems/EntrepreneurTree/EntrepreneurTreeUIBootstrap.cs:83)
FLOBUK.StoreSimulator.EntrepreneurTreeUIBootstrap:Initialize () (at Assets/Systems/EntrepreneurTree/EntrepreneurTreeUIBootstrap.cs:43)

(Filename: Assets/UI/Computer/Upgrades/UpgradesUIController.cs Line: 158)

[EntrepreneurTree] Rendering node: upgrade_charismatic at 780/-252.
UnityEngine.Debug:ExtractStackTraceNoAlloc (byte*,int,string)
UnityEngine.StackTraceUtility:ExtractStackTrace ()
UnityEngine.DebugLogHandler:Internal_Log (UnityEngine.LogType,UnityEngine.LogOption,string,UnityEngine.Object)
UnityEngine.DebugLogHandler:LogFormat (UnityEngine.LogType,UnityEngine.Object,string,object[])
UnityEngine.Logger:Log (UnityEngine.LogType,object)
UnityEngine.Debug:Log (object)
FLOBUK.StoreSimulator.UpgradesUIController:BuildTree () (at Assets/UI/Computer/Upgrades/UpgradesUIController.cs:158)
FLOBUK.StoreSimulator.UpgradesUIController:OnEnable () (at Assets/UI/Computer/Upgrades/UpgradesUIController.cs:77)
UnityEngine.GameObject:Internal_AddComponentWithType (System.Type)
UnityEngine.GameObject:AddComponent (System.Type)
UnityEngine.GameObject:AddComponent<FLOBUK.StoreSimulator.UpgradesUIController> ()
FLOBUK.StoreSimulator.EntrepreneurTreeUIBootstrap:IntegrateScene (UnityEngine.SceneManagement.Scene) (at Assets/Systems/EntrepreneurTree/EntrepreneurTreeUIBootstrap.cs:83)
FLOBUK.StoreSimulator.EntrepreneurTreeUIBootstrap:Initialize () (at Assets/Systems/EntrepreneurTree/EntrepreneurTreeUIBootstrap.cs:43)

(Filename: Assets/UI/Computer/Upgrades/UpgradesUIController.cs Line: 158)

[EntrepreneurTree] Focused default node: product_basic_1.
UnityEngine.Debug:ExtractStackTraceNoAlloc (byte*,int,string)
UnityEngine.StackTraceUtility:ExtractStackTrace ()
UnityEngine.DebugLogHandler:Internal_Log (UnityEngine.LogType,UnityEngine.LogOption,string,UnityEngine.Object)
UnityEngine.DebugLogHandler:LogFormat (UnityEngine.LogType,UnityEngine.Object,string,object[])
UnityEngine.Logger:Log (UnityEngine.LogType,object)
UnityEngine.Debug:Log (object)
FLOBUK.StoreSimulator.UpgradesUIController:FocusDefaultNode () (at Assets/UI/Computer/Upgrades/UpgradesUIController.cs:830)
FLOBUK.StoreSimulator.UpgradesUIController:BuildTree () (at Assets/UI/Computer/Upgrades/UpgradesUIController.cs:204)
FLOBUK.StoreSimulator.UpgradesUIController:OnEnable () (at Assets/UI/Computer/Upgrades/UpgradesUIController.cs:77)
UnityEngine.GameObject:Internal_AddComponentWithType (System.Type)
UnityEngine.GameObject:AddComponent (System.Type)
UnityEngine.GameObject:AddComponent<FLOBUK.StoreSimulator.UpgradesUIController> ()
FLOBUK.StoreSimulator.EntrepreneurTreeUIBootstrap:IntegrateScene (UnityEngine.SceneManagement.Scene) (at Assets/Systems/EntrepreneurTree/EntrepreneurTreeUIBootstrap.cs:83)
FLOBUK.StoreSimulator.EntrepreneurTreeUIBootstrap:Initialize () (at Assets/Systems/EntrepreneurTree/EntrepreneurTreeUIBootstrap.cs:43)

(Filename: Assets/UI/Computer/Upgrades/UpgradesUIController.cs Line: 830)

[EntrepreneurTree] Tree render complete: 37 nodes, 36 connections.
UnityEngine.Debug:ExtractStackTraceNoAlloc (byte*,int,string)
UnityEngine.StackTraceUtility:ExtractStackTrace ()
UnityEngine.DebugLogHandler:Internal_Log (UnityEngine.LogType,UnityEngine.LogOption,string,UnityEngine.Object)
UnityEngine.DebugLogHandler:LogFormat (UnityEngine.LogType,UnityEngine.Object,string,object[])
UnityEngine.Logger:Log (UnityEngine.LogType,object)
UnityEngine.Debug:Log (object)
FLOBUK.StoreSimulator.UpgradesUIController:BuildTree () (at Assets/UI/Computer/Upgrades/UpgradesUIController.cs:205)
FLOBUK.StoreSimulator.UpgradesUIController:OnEnable () (at Assets/UI/Computer/Upgrades/UpgradesUIController.cs:77)
UnityEngine.GameObject:Internal_AddComponentWithType (System.Type)
UnityEngine.GameObject:AddComponent (System.Type)
UnityEngine.GameObject:AddComponent<FLOBUK.StoreSimulator.UpgradesUIController> ()
FLOBUK.StoreSimulator.EntrepreneurTreeUIBootstrap:IntegrateScene (UnityEngine.SceneManagement.Scene) (at Assets/Systems/EntrepreneurTree/EntrepreneurTreeUIBootstrap.cs:83)
FLOBUK.StoreSimulator.EntrepreneurTreeUIBootstrap:Initialize () (at Assets/Systems/EntrepreneurTree/EntrepreneurTreeUIBootstrap.cs:43)

(Filename: Assets/UI/Computer/Upgrades/UpgradesUIController.cs Line: 205)

[EntrepreneurTree] Attached UpgradesUIController to ContentArea/Expansions.
UnityEngine.Debug:ExtractStackTraceNoAlloc (byte*,int,string)
UnityEngine.StackTraceUtility:ExtractStackTrace ()
UnityEngine.DebugLogHandler:Internal_Log (UnityEngine.LogType,UnityEngine.LogOption,string,UnityEngine.Object)
UnityEngine.DebugLogHandler:LogFormat (UnityEngine.LogType,UnityEngine.Object,string,object[])
UnityEngine.Logger:Log (UnityEngine.LogType,object)
UnityEngine.Debug:Log (object)
FLOBUK.StoreSimulator.EntrepreneurTreeUIBootstrap:IntegrateScene (UnityEngine.SceneManagement.Scene) (at Assets/Systems/EntrepreneurTree/EntrepreneurTreeUIBootstrap.cs:84)
FLOBUK.StoreSimulator.EntrepreneurTreeUIBootstrap:Initialize () (at Assets/Systems/EntrepreneurTree/EntrepreneurTreeUIBootstrap.cs:43)

(Filename: Assets/Systems/EntrepreneurTree/EntrepreneurTreeUIBootstrap.cs Line: 84)

[EntrepreneurTree] Legacy Scroll View hidden.
UnityEngine.Debug:ExtractStackTraceNoAlloc (byte*,int,string)
UnityEngine.StackTraceUtility:ExtractStackTrace ()
UnityEngine.DebugLogHandler:Internal_Log (UnityEngine.LogType,UnityEngine.LogOption,string,UnityEngine.Object)
UnityEngine.DebugLogHandler:LogFormat (UnityEngine.LogType,UnityEngine.Object,string,object[])
UnityEngine.Logger:Log (UnityEngine.LogType,object)
UnityEngine.Debug:Log (object)
FLOBUK.StoreSimulator.UpgradesUIController:ToggleLegacyContent (bool) (at Assets/UI/Computer/Upgrades/UpgradesUIController.cs:952)
FLOBUK.StoreSimulator.UpgradesUIController:ShowTreeView () (at Assets/UI/Computer/Upgrades/UpgradesUIController.cs:964)
FLOBUK.StoreSimulator.UpgradesUIController:BuildTree () (at Assets/UI/Computer/Upgrades/UpgradesUIController.cs:114)
FLOBUK.StoreSimulator.EntrepreneurTreeUIBootstrap:IntegrateScene (UnityEngine.SceneManagement.Scene) (at Assets/Systems/EntrepreneurTree/EntrepreneurTreeUIBootstrap.cs:92)
FLOBUK.StoreSimulator.EntrepreneurTreeUIBootstrap:Initialize () (at Assets/Systems/EntrepreneurTree/EntrepreneurTreeUIBootstrap.cs:43)

(Filename: Assets/UI/Computer/Upgrades/UpgradesUIController.cs Line: 952)

[EntrepreneurTree] BuildTree skipped. Existing tree reused.
UnityEngine.Debug:ExtractStackTraceNoAlloc (byte*,int,string)
UnityEngine.StackTraceUtility:ExtractStackTrace ()
UnityEngine.DebugLogHandler:Internal_Log (UnityEngine.LogType,UnityEngine.LogOption,string,UnityEngine.Object)
UnityEngine.DebugLogHandler:LogFormat (UnityEngine.LogType,UnityEngine.Object,string,object[])
UnityEngine.Logger:Log (UnityEngine.LogType,object)
UnityEngine.Debug:Log (object)
FLOBUK.StoreSimulator.UpgradesUIController:BuildTree () (at Assets/UI/Computer/Upgrades/UpgradesUIController.cs:117)
FLOBUK.StoreSimulator.EntrepreneurTreeUIBootstrap:IntegrateScene (UnityEngine.SceneManagement.Scene) (at Assets/Systems/EntrepreneurTree/EntrepreneurTreeUIBootstrap.cs:92)
FLOBUK.StoreSimulator.EntrepreneurTreeUIBootstrap:Initialize () (at Assets/Systems/EntrepreneurTree/EntrepreneurTreeUIBootstrap.cs:43)

(Filename: Assets/UI/Computer/Upgrades/UpgradesUIController.cs Line: 117)

[ExpansionApp] Expansion panel created.
UnityEngine.Debug:ExtractStackTraceNoAlloc (byte*,int,string)
UnityEngine.StackTraceUtility:ExtractStackTrace ()
UnityEngine.DebugLogHandler:Internal_Log (UnityEngine.LogType,UnityEngine.LogOption,string,UnityEngine.Object)
UnityEngine.DebugLogHandler:LogFormat (UnityEngine.LogType,UnityEngine.Object,string,object[])
UnityEngine.Logger:Log (UnityEngine.LogType,object)
UnityEngine.Debug:Log (object)
FLOBUK.StoreSimulator.EntrepreneurTreeUIBootstrap:EnsureExpansionTab (FLOBUK.StoreSimulator.UIShopCategoryHelper,UnityEngine.Transform) (at Assets/Systems/EntrepreneurTree/EntrepreneurTreeUIBootstrap.cs:291)
FLOBUK.StoreSimulator.EntrepreneurTreeUIBootstrap:IntegrateScene (UnityEngine.SceneManagement.Scene) (at Assets/Systems/EntrepreneurTree/EntrepreneurTreeUIBootstrap.cs:94)
FLOBUK.StoreSimulator.EntrepreneurTreeUIBootstrap:Initialize () (at Assets/Systems/EntrepreneurTree/EntrepreneurTreeUIBootstrap.cs:43)

(Filename: Assets/Systems/EntrepreneurTree/EntrepreneurTreeUIBootstrap.cs Line: 291)

[Expansion] Map rebuilt: 17 zones. Scale=2.99 Panel=1166×754 Content=380×236
UnityEngine.Debug:ExtractStackTraceNoAlloc (byte*,int,string)
UnityEngine.StackTraceUtility:ExtractStackTrace ()
UnityEngine.DebugLogHandler:Internal_Log (UnityEngine.LogType,UnityEngine.LogOption,string,UnityEngine.Object)
UnityEngine.DebugLogHandler:LogFormat (UnityEngine.LogType,UnityEngine.Object,string,object[])
UnityEngine.Logger:Log (UnityEngine.LogType,object)
UnityEngine.Debug:Log (object)
FLOBUK.StoreSimulator.ExpansionMapRenderer:Rebuild (System.Collections.Generic.IReadOnlyList`1<FLOBUK.StoreSimulator.ExpansionZoneData>) (at Assets/UI/Computer/Expansion/ExpansionMapRenderer.cs:126)
FLOBUK.StoreSimulator.ExpansionAppUIController:FullRefresh () (at Assets/UI/Computer/Expansion/ExpansionAppUIController.cs:224)
FLOBUK.StoreSimulator.ExpansionAppUIController:Initialize (FLOBUK.StoreSimulator.UIShopCategoryHelper,UnityEngine.RectTransform) (at Assets/UI/Computer/Expansion/ExpansionAppUIController.cs:62)
FLOBUK.StoreSimulator.EntrepreneurTreeUIBootstrap:EnsureExpansionTab (FLOBUK.StoreSimulator.UIShopCategoryHelper,UnityEngine.Transform) (at Assets/Systems/EntrepreneurTree/EntrepreneurTreeUIBootstrap.cs:298)
FLOBUK.StoreSimulator.EntrepreneurTreeUIBootstrap:IntegrateScene (UnityEngine.SceneManagement.Scene) (at Assets/Systems/EntrepreneurTree/EntrepreneurTreeUIBootstrap.cs:94)
FLOBUK.StoreSimulator.EntrepreneurTreeUIBootstrap:Initialize () (at Assets/Systems/EntrepreneurTree/EntrepreneurTreeUIBootstrap.cs:43)

(Filename: Assets/UI/Computer/Expansion/ExpansionMapRenderer.cs Line: 126)

[Expansion] Expansion app initialized. Zones: 17
UnityEngine.Debug:ExtractStackTraceNoAlloc (byte*,int,string)
UnityEngine.StackTraceUtility:ExtractStackTrace ()
UnityEngine.DebugLogHandler:Internal_Log (UnityEngine.LogType,UnityEngine.LogOption,string,UnityEngine.Object)
UnityEngine.DebugLogHandler:LogFormat (UnityEngine.LogType,UnityEngine.Object,string,object[])
UnityEngine.Logger:Log (UnityEngine.LogType,object)
UnityEngine.Debug:Log (object)
FLOBUK.StoreSimulator.ExpansionAppUIController:Initialize (FLOBUK.StoreSimulator.UIShopCategoryHelper,UnityEngine.RectTransform) (at Assets/UI/Computer/Expansion/ExpansionAppUIController.cs:63)
FLOBUK.StoreSimulator.EntrepreneurTreeUIBootstrap:EnsureExpansionTab (FLOBUK.StoreSimulator.UIShopCategoryHelper,UnityEngine.Transform) (at Assets/Systems/EntrepreneurTree/EntrepreneurTreeUIBootstrap.cs:298)
FLOBUK.StoreSimulator.EntrepreneurTreeUIBootstrap:IntegrateScene (UnityEngine.SceneManagement.Scene) (at Assets/Systems/EntrepreneurTree/EntrepreneurTreeUIBootstrap.cs:94)
FLOBUK.StoreSimulator.EntrepreneurTreeUIBootstrap:Initialize () (at Assets/Systems/EntrepreneurTree/EntrepreneurTreeUIBootstrap.cs:43)

(Filename: Assets/UI/Computer/Expansion/ExpansionAppUIController.cs Line: 63)

[ExpansionApp] Expansion tab created.
UnityEngine.Debug:ExtractStackTraceNoAlloc (byte*,int,string)
UnityEngine.StackTraceUtility:ExtractStackTrace ()
UnityEngine.DebugLogHandler:Internal_Log (UnityEngine.LogType,UnityEngine.LogOption,string,UnityEngine.Object)
UnityEngine.DebugLogHandler:LogFormat (UnityEngine.LogType,UnityEngine.Object,string,object[])
UnityEngine.Logger:Log (UnityEngine.LogType,object)
UnityEngine.Debug:Log (object)
FLOBUK.StoreSimulator.EntrepreneurTreeUIBootstrap:EnsureExpansionButton (FLOBUK.StoreSimulator.UIShopCategoryHelper,UnityEngine.GameObject) (at Assets/Systems/EntrepreneurTree/EntrepreneurTreeUIBootstrap.cs:355)
FLOBUK.StoreSimulator.EntrepreneurTreeUIBootstrap:EnsureExpansionTab (FLOBUK.StoreSimulator.UIShopCategoryHelper,UnityEngine.Transform) (at Assets/Systems/EntrepreneurTree/EntrepreneurTreeUIBootstrap.cs:299)
FLOBUK.StoreSimulator.EntrepreneurTreeUIBootstrap:IntegrateScene (UnityEngine.SceneManagement.Scene) (at Assets/Systems/EntrepreneurTree/EntrepreneurTreeUIBootstrap.cs:94)
FLOBUK.StoreSimulator.EntrepreneurTreeUIBootstrap:Initialize () (at Assets/Systems/EntrepreneurTree/EntrepreneurTreeUIBootstrap.cs:43)

(Filename: Assets/Systems/EntrepreneurTree/EntrepreneurTreeUIBootstrap.cs Line: 355)

[Employees] Employee panel created.
UnityEngine.Debug:ExtractStackTraceNoAlloc (byte*,int,string)
UnityEngine.StackTraceUtility:ExtractStackTrace ()
UnityEngine.DebugLogHandler:Internal_Log (UnityEngine.LogType,UnityEngine.LogOption,string,UnityEngine.Object)
UnityEngine.DebugLogHandler:LogFormat (UnityEngine.LogType,UnityEngine.Object,string,object[])
UnityEngine.Logger:Log (UnityEngine.LogType,object)
UnityEngine.Debug:Log (object)
FLOBUK.StoreSimulator.EntrepreneurTreeUIBootstrap:EnsureEmployeeTab (FLOBUK.StoreSimulator.UIShopCategoryHelper,UnityEngine.Transform) (at Assets/Systems/EntrepreneurTree/EntrepreneurTreeUIBootstrap.cs:395)
FLOBUK.StoreSimulator.EntrepreneurTreeUIBootstrap:IntegrateScene (UnityEngine.SceneManagement.Scene) (at Assets/Systems/EntrepreneurTree/EntrepreneurTreeUIBootstrap.cs:95)
FLOBUK.StoreSimulator.EntrepreneurTreeUIBootstrap:Initialize () (at Assets/Systems/EntrepreneurTree/EntrepreneurTreeUIBootstrap.cs:43)

(Filename: Assets/Systems/EntrepreneurTree/EntrepreneurTreeUIBootstrap.cs Line: 395)

[Employees] EmployeeAppUIController attached to Empleados panel.
UnityEngine.Debug:ExtractStackTraceNoAlloc (byte*,int,string)
UnityEngine.StackTraceUtility:ExtractStackTrace ()
UnityEngine.DebugLogHandler:Internal_Log (UnityEngine.LogType,UnityEngine.LogOption,string,UnityEngine.Object)
UnityEngine.DebugLogHandler:LogFormat (UnityEngine.LogType,UnityEngine.Object,string,object[])
UnityEngine.Logger:Log (UnityEngine.LogType,object)
UnityEngine.Debug:Log (object)
FLOBUK.StoreSimulator.EntrepreneurTreeUIBootstrap:EnsureEmployeeTab (FLOBUK.StoreSimulator.UIShopCategoryHelper,UnityEngine.Transform) (at Assets/Systems/EntrepreneurTree/EntrepreneurTreeUIBootstrap.cs:402)
FLOBUK.StoreSimulator.EntrepreneurTreeUIBootstrap:IntegrateScene (UnityEngine.SceneManagement.Scene) (at Assets/Systems/EntrepreneurTree/EntrepreneurTreeUIBootstrap.cs:95)
FLOBUK.StoreSimulator.EntrepreneurTreeUIBootstrap:Initialize () (at Assets/Systems/EntrepreneurTree/EntrepreneurTreeUIBootstrap.cs:43)

(Filename: Assets/Systems/EntrepreneurTree/EntrepreneurTreeUIBootstrap.cs Line: 402)

[Employees] Employee tab button created.
UnityEngine.Debug:ExtractStackTraceNoAlloc (byte*,int,string)
UnityEngine.StackTraceUtility:ExtractStackTrace ()
UnityEngine.DebugLogHandler:Internal_Log (UnityEngine.LogType,UnityEngine.LogOption,string,UnityEngine.Object)
UnityEngine.DebugLogHandler:LogFormat (UnityEngine.LogType,UnityEngine.Object,string,object[])
UnityEngine.Logger:Log (UnityEngine.LogType,object)
UnityEngine.Debug:Log (object)
FLOBUK.StoreSimulator.EntrepreneurTreeUIBootstrap:EnsureEmployeeButton (FLOBUK.StoreSimulator.UIShopCategoryHelper,UnityEngine.GameObject) (at Assets/Systems/EntrepreneurTree/EntrepreneurTreeUIBootstrap.cs:462)
FLOBUK.StoreSimulator.EntrepreneurTreeUIBootstrap:EnsureEmployeeTab (FLOBUK.StoreSimulator.UIShopCategoryHelper,UnityEngine.Transform) (at Assets/Systems/EntrepreneurTree/EntrepreneurTreeUIBootstrap.cs:406)
FLOBUK.StoreSimulator.EntrepreneurTreeUIBootstrap:IntegrateScene (UnityEngine.SceneManagement.Scene) (at Assets/Systems/EntrepreneurTree/EntrepreneurTreeUIBootstrap.cs:95)
FLOBUK.StoreSimulator.EntrepreneurTreeUIBootstrap:Initialize () (at Assets/Systems/EntrepreneurTree/EntrepreneurTreeUIBootstrap.cs:43)

(Filename: Assets/Systems/EntrepreneurTree/EntrepreneurTreeUIBootstrap.cs Line: 462)

[Achievements] Achievements panel created.
UnityEngine.Debug:ExtractStackTraceNoAlloc (byte*,int,string)
UnityEngine.StackTraceUtility:ExtractStackTrace ()
UnityEngine.DebugLogHandler:Internal_Log (UnityEngine.LogType,UnityEngine.LogOption,string,UnityEngine.Object)
UnityEngine.DebugLogHandler:LogFormat (UnityEngine.LogType,UnityEngine.Object,string,object[])
UnityEngine.Logger:Log (UnityEngine.LogType,object)
UnityEngine.Debug:Log (object)
FLOBUK.StoreSimulator.EntrepreneurTreeUIBootstrap:EnsureAchievementsTab (FLOBUK.StoreSimulator.UIShopCategoryHelper,UnityEngine.Transform) (at Assets/Systems/EntrepreneurTree/EntrepreneurTreeUIBootstrap.cs:503)
FLOBUK.StoreSimulator.EntrepreneurTreeUIBootstrap:IntegrateScene (UnityEngine.SceneManagement.Scene) (at Assets/Systems/EntrepreneurTree/EntrepreneurTreeUIBootstrap.cs:96)
FLOBUK.StoreSimulator.EntrepreneurTreeUIBootstrap:Initialize () (at Assets/Systems/EntrepreneurTree/EntrepreneurTreeUIBootstrap.cs:43)

(Filename: Assets/Systems/EntrepreneurTree/EntrepreneurTreeUIBootstrap.cs Line: 503)

[Achievements] AchievementsAppUIController attached to Logros panel.
UnityEngine.Debug:ExtractStackTraceNoAlloc (byte*,int,string)
UnityEngine.StackTraceUtility:ExtractStackTrace ()
UnityEngine.DebugLogHandler:Internal_Log (UnityEngine.LogType,UnityEngine.LogOption,string,UnityEngine.Object)
UnityEngine.DebugLogHandler:LogFormat (UnityEngine.LogType,UnityEngine.Object,string,object[])
UnityEngine.Logger:Log (UnityEngine.LogType,object)
UnityEngine.Debug:Log (object)
FLOBUK.StoreSimulator.EntrepreneurTreeUIBootstrap:EnsureAchievementsTab (FLOBUK.StoreSimulator.UIShopCategoryHelper,UnityEngine.Transform) (at Assets/Systems/EntrepreneurTree/EntrepreneurTreeUIBootstrap.cs:510)
FLOBUK.StoreSimulator.EntrepreneurTreeUIBootstrap:IntegrateScene (UnityEngine.SceneManagement.Scene) (at Assets/Systems/EntrepreneurTree/EntrepreneurTreeUIBootstrap.cs:96)
FLOBUK.StoreSimulator.EntrepreneurTreeUIBootstrap:Initialize () (at Assets/Systems/EntrepreneurTree/EntrepreneurTreeUIBootstrap.cs:43)

(Filename: Assets/Systems/EntrepreneurTree/EntrepreneurTreeUIBootstrap.cs Line: 510)

[Achievements] Achievements tab button created.
UnityEngine.Debug:ExtractStackTraceNoAlloc (byte*,int,string)
UnityEngine.StackTraceUtility:ExtractStackTrace ()
UnityEngine.DebugLogHandler:Internal_Log (UnityEngine.LogType,UnityEngine.LogOption,string,UnityEngine.Object)
UnityEngine.DebugLogHandler:LogFormat (UnityEngine.LogType,UnityEngine.Object,string,object[])
UnityEngine.Logger:Log (UnityEngine.LogType,object)
UnityEngine.Debug:Log (object)
FLOBUK.StoreSimulator.EntrepreneurTreeUIBootstrap:EnsureAchievementsButton (FLOBUK.StoreSimulator.UIShopCategoryHelper,UnityEngine.GameObject) (at Assets/Systems/EntrepreneurTree/EntrepreneurTreeUIBootstrap.cs:570)
FLOBUK.StoreSimulator.EntrepreneurTreeUIBootstrap:EnsureAchievementsTab (FLOBUK.StoreSimulator.UIShopCategoryHelper,UnityEngine.Transform) (at Assets/Systems/EntrepreneurTree/EntrepreneurTreeUIBootstrap.cs:514)
FLOBUK.StoreSimulator.EntrepreneurTreeUIBootstrap:IntegrateScene (UnityEngine.SceneManagement.Scene) (at Assets/Systems/EntrepreneurTree/EntrepreneurTreeUIBootstrap.cs:96)
FLOBUK.StoreSimulator.EntrepreneurTreeUIBootstrap:Initialize () (at Assets/Systems/EntrepreneurTree/EntrepreneurTreeUIBootstrap.cs:43)

(Filename: Assets/Systems/EntrepreneurTree/EntrepreneurTreeUIBootstrap.cs Line: 570)

[Orders] Orders panel created.
UnityEngine.Debug:ExtractStackTraceNoAlloc (byte*,int,string)
UnityEngine.StackTraceUtility:ExtractStackTrace ()
UnityEngine.DebugLogHandler:Internal_Log (UnityEngine.LogType,UnityEngine.LogOption,string,UnityEngine.Object)
UnityEngine.DebugLogHandler:LogFormat (UnityEngine.LogType,UnityEngine.Object,string,object[])
UnityEngine.Logger:Log (UnityEngine.LogType,object)
UnityEngine.Debug:Log (object)
FLOBUK.StoreSimulator.EntrepreneurTreeUIBootstrap:EnsureOrdersTab (FLOBUK.StoreSimulator.UIShopCategoryHelper,UnityEngine.Transform) (at Assets/Systems/EntrepreneurTree/EntrepreneurTreeUIBootstrap.cs:620)
FLOBUK.StoreSimulator.EntrepreneurTreeUIBootstrap:IntegrateScene (UnityEngine.SceneManagement.Scene) (at Assets/Systems/EntrepreneurTree/EntrepreneurTreeUIBootstrap.cs:97)
FLOBUK.StoreSimulator.EntrepreneurTreeUIBootstrap:Initialize () (at Assets/Systems/EntrepreneurTree/EntrepreneurTreeUIBootstrap.cs:43)

(Filename: Assets/Systems/EntrepreneurTree/EntrepreneurTreeUIBootstrap.cs Line: 620)

[Orders] OrdersAppUIController attached to Compra panel.
UnityEngine.Debug:ExtractStackTraceNoAlloc (byte*,int,string)
UnityEngine.StackTraceUtility:ExtractStackTrace ()
UnityEngine.DebugLogHandler:Internal_Log (UnityEngine.LogType,UnityEngine.LogOption,string,UnityEngine.Object)
UnityEngine.DebugLogHandler:LogFormat (UnityEngine.LogType,UnityEngine.Object,string,object[])
UnityEngine.Logger:Log (UnityEngine.LogType,object)
UnityEngine.Debug:Log (object)
FLOBUK.StoreSimulator.EntrepreneurTreeUIBootstrap:EnsureOrdersTab (FLOBUK.StoreSimulator.UIShopCategoryHelper,UnityEngine.Transform) (at Assets/Systems/EntrepreneurTree/EntrepreneurTreeUIBootstrap.cs:627)
FLOBUK.StoreSimulator.EntrepreneurTreeUIBootstrap:IntegrateScene (UnityEngine.SceneManagement.Scene) (at Assets/Systems/EntrepreneurTree/EntrepreneurTreeUIBootstrap.cs:97)
FLOBUK.StoreSimulator.EntrepreneurTreeUIBootstrap:Initialize () (at Assets/Systems/EntrepreneurTree/EntrepreneurTreeUIBootstrap.cs:43)

(Filename: Assets/Systems/EntrepreneurTree/EntrepreneurTreeUIBootstrap.cs Line: 627)

[Orders] Orders tab button created.
UnityEngine.Debug:ExtractStackTraceNoAlloc (byte*,int,string)
UnityEngine.StackTraceUtility:ExtractStackTrace ()
UnityEngine.DebugLogHandler:Internal_Log (UnityEngine.LogType,UnityEngine.LogOption,string,UnityEngine.Object)
UnityEngine.DebugLogHandler:LogFormat (UnityEngine.LogType,UnityEngine.Object,string,object[])
UnityEngine.Logger:Log (UnityEngine.LogType,object)
UnityEngine.Debug:Log (object)
FLOBUK.StoreSimulator.EntrepreneurTreeUIBootstrap:EnsureOrdersButton (FLOBUK.StoreSimulator.UIShopCategoryHelper,UnityEngine.GameObject) (at Assets/Systems/EntrepreneurTree/EntrepreneurTreeUIBootstrap.cs:687)
FLOBUK.StoreSimulator.EntrepreneurTreeUIBootstrap:EnsureOrdersTab (FLOBUK.StoreSimulator.UIShopCategoryHelper,UnityEngine.Transform) (at Assets/Systems/EntrepreneurTree/EntrepreneurTreeUIBootstrap.cs:631)
FLOBUK.StoreSimulator.EntrepreneurTreeUIBootstrap:IntegrateScene (UnityEngine.SceneManagement.Scene) (at Assets/Systems/EntrepreneurTree/EntrepreneurTreeUIBootstrap.cs:97)
FLOBUK.StoreSimulator.EntrepreneurTreeUIBootstrap:Initialize () (at Assets/Systems/EntrepreneurTree/EntrepreneurTreeUIBootstrap.cs:43)

(Filename: Assets/Systems/EntrepreneurTree/EntrepreneurTreeUIBootstrap.cs Line: 687)

[Pricing] Pricing panel created.
UnityEngine.Debug:ExtractStackTraceNoAlloc (byte*,int,string)
UnityEngine.StackTraceUtility:ExtractStackTrace ()
UnityEngine.DebugLogHandler:Internal_Log (UnityEngine.LogType,UnityEngine.LogOption,string,UnityEngine.Object)
UnityEngine.DebugLogHandler:LogFormat (UnityEngine.LogType,UnityEngine.Object,string,object[])
UnityEngine.Logger:Log (UnityEngine.LogType,object)
UnityEngine.Debug:Log (object)
FLOBUK.StoreSimulator.EntrepreneurTreeUIBootstrap:EnsurePricingTab (FLOBUK.StoreSimulator.UIShopCategoryHelper,UnityEngine.Transform) (at Assets/Systems/EntrepreneurTree/EntrepreneurTreeUIBootstrap.cs:727)
FLOBUK.StoreSimulator.EntrepreneurTreeUIBootstrap:IntegrateScene (UnityEngine.SceneManagement.Scene) (at Assets/Systems/EntrepreneurTree/EntrepreneurTreeUIBootstrap.cs:98)
FLOBUK.StoreSimulator.EntrepreneurTreeUIBootstrap:Initialize () (at Assets/Systems/EntrepreneurTree/EntrepreneurTreeUIBootstrap.cs:43)

(Filename: Assets/Systems/EntrepreneurTree/EntrepreneurTreeUIBootstrap.cs Line: 727)

[Pricing] PricingAppUIController attached to Precios panel.
UnityEngine.Debug:ExtractStackTraceNoAlloc (byte*,int,string)
UnityEngine.StackTraceUtility:ExtractStackTrace ()
UnityEngine.DebugLogHandler:Internal_Log (UnityEngine.LogType,UnityEngine.LogOption,string,UnityEngine.Object)
UnityEngine.DebugLogHandler:LogFormat (UnityEngine.LogType,UnityEngine.Object,string,object[])
UnityEngine.Logger:Log (UnityEngine.LogType,object)
UnityEngine.Debug:Log (object)
FLOBUK.StoreSimulator.EntrepreneurTreeUIBootstrap:EnsurePricingTab (FLOBUK.StoreSimulator.UIShopCategoryHelper,UnityEngine.Transform) (at Assets/Systems/EntrepreneurTree/EntrepreneurTreeUIBootstrap.cs:734)
FLOBUK.StoreSimulator.EntrepreneurTreeUIBootstrap:IntegrateScene (UnityEngine.SceneManagement.Scene) (at Assets/Systems/EntrepreneurTree/EntrepreneurTreeUIBootstrap.cs:98)
FLOBUK.StoreSimulator.EntrepreneurTreeUIBootstrap:Initialize () (at Assets/Systems/EntrepreneurTree/EntrepreneurTreeUIBootstrap.cs:43)

(Filename: Assets/Systems/EntrepreneurTree/EntrepreneurTreeUIBootstrap.cs Line: 734)

[Pricing] Pricing tab button created.
UnityEngine.Debug:ExtractStackTraceNoAlloc (byte*,int,string)
UnityEngine.StackTraceUtility:ExtractStackTrace ()
UnityEngine.DebugLogHandler:Internal_Log (UnityEngine.LogType,UnityEngine.LogOption,string,UnityEngine.Object)
UnityEngine.DebugLogHandler:LogFormat (UnityEngine.LogType,UnityEngine.Object,string,object[])
UnityEngine.Logger:Log (UnityEngine.LogType,object)
UnityEngine.Debug:Log (object)
FLOBUK.StoreSimulator.EntrepreneurTreeUIBootstrap:EnsurePricingButton (FLOBUK.StoreSimulator.UIShopCategoryHelper,UnityEngine.GameObject) (at Assets/Systems/EntrepreneurTree/EntrepreneurTreeUIBootstrap.cs:795)
FLOBUK.StoreSimulator.EntrepreneurTreeUIBootstrap:EnsurePricingTab (FLOBUK.StoreSimulator.UIShopCategoryHelper,UnityEngine.Transform) (at Assets/Systems/EntrepreneurTree/EntrepreneurTreeUIBootstrap.cs:738)
FLOBUK.StoreSimulator.EntrepreneurTreeUIBootstrap:IntegrateScene (UnityEngine.SceneManagement.Scene) (at Assets/Systems/EntrepreneurTree/EntrepreneurTreeUIBootstrap.cs:98)
FLOBUK.StoreSimulator.EntrepreneurTreeUIBootstrap:Initialize () (at Assets/Systems/EntrepreneurTree/EntrepreneurTreeUIBootstrap.cs:43)

(Filename: Assets/Systems/EntrepreneurTree/EntrepreneurTreeUIBootstrap.cs Line: 795)

[Inventory] Inventory panel created.
UnityEngine.Debug:ExtractStackTraceNoAlloc (byte*,int,string)
UnityEngine.StackTraceUtility:ExtractStackTrace ()
UnityEngine.DebugLogHandler:Internal_Log (UnityEngine.LogType,UnityEngine.LogOption,string,UnityEngine.Object)
UnityEngine.DebugLogHandler:LogFormat (UnityEngine.LogType,UnityEngine.Object,string,object[])
UnityEngine.Logger:Log (UnityEngine.LogType,object)
UnityEngine.Debug:Log (object)
FLOBUK.StoreSimulator.EntrepreneurTreeUIBootstrap:EnsureInventoryTab (FLOBUK.StoreSimulator.UIShopCategoryHelper,UnityEngine.Transform) (at Assets/Systems/EntrepreneurTree/EntrepreneurTreeUIBootstrap.cs:834)
FLOBUK.StoreSimulator.EntrepreneurTreeUIBootstrap:IntegrateScene (UnityEngine.SceneManagement.Scene) (at Assets/Systems/EntrepreneurTree/EntrepreneurTreeUIBootstrap.cs:99)
FLOBUK.StoreSimulator.EntrepreneurTreeUIBootstrap:Initialize () (at Assets/Systems/EntrepreneurTree/EntrepreneurTreeUIBootstrap.cs:43)

(Filename: Assets/Systems/EntrepreneurTree/EntrepreneurTreeUIBootstrap.cs Line: 834)

[Inventory] InventoryAppUIController attached to Inventario panel.
UnityEngine.Debug:ExtractStackTraceNoAlloc (byte*,int,string)
UnityEngine.StackTraceUtility:ExtractStackTrace ()
UnityEngine.DebugLogHandler:Internal_Log (UnityEngine.LogType,UnityEngine.LogOption,string,UnityEngine.Object)
UnityEngine.DebugLogHandler:LogFormat (UnityEngine.LogType,UnityEngine.Object,string,object[])
UnityEngine.Logger:Log (UnityEngine.LogType,object)
UnityEngine.Debug:Log (object)
FLOBUK.StoreSimulator.EntrepreneurTreeUIBootstrap:EnsureInventoryTab (FLOBUK.StoreSimulator.UIShopCategoryHelper,UnityEngine.Transform) (at Assets/Systems/EntrepreneurTree/EntrepreneurTreeUIBootstrap.cs:841)
FLOBUK.StoreSimulator.EntrepreneurTreeUIBootstrap:IntegrateScene (UnityEngine.SceneManagement.Scene) (at Assets/Systems/EntrepreneurTree/EntrepreneurTreeUIBootstrap.cs:99)
FLOBUK.StoreSimulator.EntrepreneurTreeUIBootstrap:Initialize () (at Assets/Systems/EntrepreneurTree/EntrepreneurTreeUIBootstrap.cs:43)

(Filename: Assets/Systems/EntrepreneurTree/EntrepreneurTreeUIBootstrap.cs Line: 841)

[Inventory] Inventory tab button created.
UnityEngine.Debug:ExtractStackTraceNoAlloc (byte*,int,string)
UnityEngine.StackTraceUtility:ExtractStackTrace ()
UnityEngine.DebugLogHandler:Internal_Log (UnityEngine.LogType,UnityEngine.LogOption,string,UnityEngine.Object)
UnityEngine.DebugLogHandler:LogFormat (UnityEngine.LogType,UnityEngine.Object,string,object[])
UnityEngine.Logger:Log (UnityEngine.LogType,object)
UnityEngine.Debug:Log (object)
FLOBUK.StoreSimulator.EntrepreneurTreeUIBootstrap:EnsureInventoryButton (FLOBUK.StoreSimulator.UIShopCategoryHelper,UnityEngine.GameObject) (at Assets/Systems/EntrepreneurTree/EntrepreneurTreeUIBootstrap.cs:910)
FLOBUK.StoreSimulator.EntrepreneurTreeUIBootstrap:EnsureInventoryTab (FLOBUK.StoreSimulator.UIShopCategoryHelper,UnityEngine.Transform) (at Assets/Systems/EntrepreneurTree/EntrepreneurTreeUIBootstrap.cs:845)
FLOBUK.StoreSimulator.EntrepreneurTreeUIBootstrap:IntegrateScene (UnityEngine.SceneManagement.Scene) (at Assets/Systems/EntrepreneurTree/EntrepreneurTreeUIBootstrap.cs:99)
FLOBUK.StoreSimulator.EntrepreneurTreeUIBootstrap:Initialize () (at Assets/Systems/EntrepreneurTree/EntrepreneurTreeUIBootstrap.cs:43)

(Filename: Assets/Systems/EntrepreneurTree/EntrepreneurTreeUIBootstrap.cs Line: 910)

[Instructions] Instructions panel created.
UnityEngine.Debug:ExtractStackTraceNoAlloc (byte*,int,string)
UnityEngine.StackTraceUtility:ExtractStackTrace ()
UnityEngine.DebugLogHandler:Internal_Log (UnityEngine.LogType,UnityEngine.LogOption,string,UnityEngine.Object)
UnityEngine.DebugLogHandler:LogFormat (UnityEngine.LogType,UnityEngine.Object,string,object[])
UnityEngine.Logger:Log (UnityEngine.LogType,object)
UnityEngine.Debug:Log (object)
FLOBUK.StoreSimulator.EntrepreneurTreeUIBootstrap:EnsureInstructionsTab (FLOBUK.StoreSimulator.UIShopCategoryHelper,UnityEngine.Transform) (at Assets/Systems/EntrepreneurTree/EntrepreneurTreeUIBootstrap.cs:945)
FLOBUK.StoreSimulator.EntrepreneurTreeUIBootstrap:IntegrateScene (UnityEngine.SceneManagement.Scene) (at Assets/Systems/EntrepreneurTree/EntrepreneurTreeUIBootstrap.cs:100)
FLOBUK.StoreSimulator.EntrepreneurTreeUIBootstrap:Initialize () (at Assets/Systems/EntrepreneurTree/EntrepreneurTreeUIBootstrap.cs:43)

(Filename: Assets/Systems/EntrepreneurTree/EntrepreneurTreeUIBootstrap.cs Line: 945)

[Instructions] Instructions tab button created.
UnityEngine.Debug:ExtractStackTraceNoAlloc (byte*,int,string)
UnityEngine.StackTraceUtility:ExtractStackTrace ()
UnityEngine.DebugLogHandler:Internal_Log (UnityEngine.LogType,UnityEngine.LogOption,string,UnityEngine.Object)
UnityEngine.DebugLogHandler:LogFormat (UnityEngine.LogType,UnityEngine.Object,string,object[])
UnityEngine.Logger:Log (UnityEngine.LogType,object)
UnityEngine.Debug:Log (object)
FLOBUK.StoreSimulator.EntrepreneurTreeUIBootstrap:EnsureInstructionsButton (FLOBUK.StoreSimulator.UIShopCategoryHelper,UnityEngine.GameObject) (at Assets/Systems/EntrepreneurTree/EntrepreneurTreeUIBootstrap.cs:990)
FLOBUK.StoreSimulator.EntrepreneurTreeUIBootstrap:EnsureInstructionsTab (FLOBUK.StoreSimulator.UIShopCategoryHelper,UnityEngine.Transform) (at Assets/Systems/EntrepreneurTree/EntrepreneurTreeUIBootstrap.cs:951)
FLOBUK.StoreSimulator.EntrepreneurTreeUIBootstrap:IntegrateScene (UnityEngine.SceneManagement.Scene) (at Assets/Systems/EntrepreneurTree/EntrepreneurTreeUIBootstrap.cs:100)
FLOBUK.StoreSimulator.EntrepreneurTreeUIBootstrap:Initialize () (at Assets/Systems/EntrepreneurTree/EntrepreneurTreeUIBootstrap.cs:43)

(Filename: Assets/Systems/EntrepreneurTree/EntrepreneurTreeUIBootstrap.cs Line: 990)

[LicensesTab] Licenses tab hidden: 'LICENSES'.
UnityEngine.Debug:ExtractStackTraceNoAlloc (byte*,int,string)
UnityEngine.StackTraceUtility:ExtractStackTrace ()
UnityEngine.DebugLogHandler:Internal_Log (UnityEngine.LogType,UnityEngine.LogOption,string,UnityEngine.Object)
UnityEngine.DebugLogHandler:LogFormat (UnityEngine.LogType,UnityEngine.Object,string,object[])
UnityEngine.Logger:Log (UnityEngine.LogType,object)
UnityEngine.Debug:Log (object)
FLOBUK.StoreSimulator.EntrepreneurTreeUIBootstrap:HideLicensesTab (FLOBUK.StoreSimulator.UIShopCategoryHelper) (at Assets/Systems/EntrepreneurTree/EntrepreneurTreeUIBootstrap.cs:1027)
FLOBUK.StoreSimulator.EntrepreneurTreeUIBootstrap:IntegrateScene (UnityEngine.SceneManagement.Scene) (at Assets/Systems/EntrepreneurTree/EntrepreneurTreeUIBootstrap.cs:101)
FLOBUK.StoreSimulator.EntrepreneurTreeUIBootstrap:Initialize () (at Assets/Systems/EntrepreneurTree/EntrepreneurTreeUIBootstrap.cs:43)

(Filename: Assets/Systems/EntrepreneurTree/EntrepreneurTreeUIBootstrap.cs Line: 1027)

[LicensesTab] Licenses panel hidden: 'Licenses'.
UnityEngine.Debug:ExtractStackTraceNoAlloc (byte*,int,string)
UnityEngine.StackTraceUtility:ExtractStackTrace ()
UnityEngine.DebugLogHandler:Internal_Log (UnityEngine.LogType,UnityEngine.LogOption,string,UnityEngine.Object)
UnityEngine.DebugLogHandler:LogFormat (UnityEngine.LogType,UnityEngine.Object,string,object[])
UnityEngine.Logger:Log (UnityEngine.LogType,object)
UnityEngine.Debug:Log (object)
FLOBUK.StoreSimulator.EntrepreneurTreeUIBootstrap:HideLicensesTab (FLOBUK.StoreSimulator.UIShopCategoryHelper) (at Assets/Systems/EntrepreneurTree/EntrepreneurTreeUIBootstrap.cs:1040)
FLOBUK.StoreSimulator.EntrepreneurTreeUIBootstrap:IntegrateScene (UnityEngine.SceneManagement.Scene) (at Assets/Systems/EntrepreneurTree/EntrepreneurTreeUIBootstrap.cs:101)
FLOBUK.StoreSimulator.EntrepreneurTreeUIBootstrap:Initialize () (at Assets/Systems/EntrepreneurTree/EntrepreneurTreeUIBootstrap.cs:43)

(Filename: Assets/Systems/EntrepreneurTree/EntrepreneurTreeUIBootstrap.cs Line: 1040)

Loaded scene 'Temp/__Backupscenes/0.backup'
	Deserialize:            74.247 ms
	Integration:            1055.132 ms
	Integration of assets:  3.056 ms
	Thread Wait Time:       -0.047 ms
	Total Operation Time:   1132.387 ms
[EntrepreneurTree] Product mapping: product_basic_1 -> 6 products found.
UnityEngine.Debug:ExtractStackTraceNoAlloc (byte*,int,string)
UnityEngine.StackTraceUtility:ExtractStackTrace ()
UnityEngine.DebugLogHandler:Internal_Log (UnityEngine.LogType,UnityEngine.LogOption,string,UnityEngine.Object)
UnityEngine.DebugLogHandler:LogFormat (UnityEngine.LogType,UnityEngine.Object,string,object[])
UnityEngine.Logger:Log (UnityEngine.LogType,object)
UnityEngine.Debug:Log (object)
FLOBUK.StoreSimulator.EntrepreneurTreeProductUnlockAdapter:BuildMappingIfNeeded () (at Assets/Systems/EntrepreneurTree/EntrepreneurTreeProductUnlockAdapter.cs:191)
FLOBUK.StoreSimulator.EntrepreneurTreeProductUnlockAdapter:IsProductUnlocked (FLOBUK.StoreSimulator.ProductScriptableObject) (at Assets/Systems/EntrepreneurTree/EntrepreneurTreeProductUnlockAdapter.cs:85)
FLOBUK.StoreSimulator.EntrepreneurTreeGameplayBridge:IsProductUnlocked (FLOBUK.StoreSimulator.ProductScriptableObject) (at Assets/Systems/EntrepreneurTree/EntrepreneurTreeGameplayBridge.cs:49)
FLOBUK.StoreSimulator.UIShopItemProduct:Initialize (FLOBUK.StoreSimulator.PurchasableScriptableObject) (at Assets/StoreSimulator/Scripts/UIShopItemProduct.cs:48)
FLOBUK.StoreSimulator.UIShopCategory:InstantiateItem (FLOBUK.StoreSimulator.PurchasableScriptableObject) (at Assets/StoreSimulator/Scripts/UIShopCategory.cs:164)
FLOBUK.StoreSimulator.UIShopCategory:AddItems (int) (at Assets/StoreSimulator/Scripts/UIShopCategory.cs:111)
FLOBUK.StoreSimulator.UIShopCategory:Start () (at Assets/StoreSimulator/Scripts/UIShopCategory.cs:74)

(Filename: Assets/Systems/EntrepreneurTree/EntrepreneurTreeProductUnlockAdapter.cs Line: 191)

[EntrepreneurTree] Product mapping: product_basic_2 -> 5 products found.
UnityEngine.Debug:ExtractStackTraceNoAlloc (byte*,int,string)
UnityEngine.StackTraceUtility:ExtractStackTrace ()
UnityEngine.DebugLogHandler:Internal_Log (UnityEngine.LogType,UnityEngine.LogOption,string,UnityEngine.Object)
UnityEngine.DebugLogHandler:LogFormat (UnityEngine.LogType,UnityEngine.Object,string,object[])
UnityEngine.Logger:Log (UnityEngine.LogType,object)
UnityEngine.Debug:Log (object)
FLOBUK.StoreSimulator.EntrepreneurTreeProductUnlockAdapter:BuildMappingIfNeeded () (at Assets/Systems/EntrepreneurTree/EntrepreneurTreeProductUnlockAdapter.cs:191)
FLOBUK.StoreSimulator.EntrepreneurTreeProductUnlockAdapter:IsProductUnlocked (FLOBUK.StoreSimulator.ProductScriptableObject) (at Assets/Systems/EntrepreneurTree/EntrepreneurTreeProductUnlockAdapter.cs:85)
FLOBUK.StoreSimulator.EntrepreneurTreeGameplayBridge:IsProductUnlocked (FLOBUK.StoreSimulator.ProductScriptableObject) (at Assets/Systems/EntrepreneurTree/EntrepreneurTreeGameplayBridge.cs:49)
FLOBUK.StoreSimulator.UIShopItemProduct:Initialize (FLOBUK.StoreSimulator.PurchasableScriptableObject) (at Assets/StoreSimulator/Scripts/UIShopItemProduct.cs:48)
FLOBUK.StoreSimulator.UIShopCategory:InstantiateItem (FLOBUK.StoreSimulator.PurchasableScriptableObject) (at Assets/StoreSimulator/Scripts/UIShopCategory.cs:164)
FLOBUK.StoreSimulator.UIShopCategory:AddItems (int) (at Assets/StoreSimulator/Scripts/UIShopCategory.cs:111)
FLOBUK.StoreSimulator.UIShopCategory:Start () (at Assets/StoreSimulator/Scripts/UIShopCategory.cs:74)

(Filename: Assets/Systems/EntrepreneurTree/EntrepreneurTreeProductUnlockAdapter.cs Line: 191)

[EntrepreneurTree] Product mapping: product_basic_3 -> 2 products found.
UnityEngine.Debug:ExtractStackTraceNoAlloc (byte*,int,string)
UnityEngine.StackTraceUtility:ExtractStackTrace ()
UnityEngine.DebugLogHandler:Internal_Log (UnityEngine.LogType,UnityEngine.LogOption,string,UnityEngine.Object)
UnityEngine.DebugLogHandler:LogFormat (UnityEngine.LogType,UnityEngine.Object,string,object[])
UnityEngine.Logger:Log (UnityEngine.LogType,object)
UnityEngine.Debug:Log (object)
FLOBUK.StoreSimulator.EntrepreneurTreeProductUnlockAdapter:BuildMappingIfNeeded () (at Assets/Systems/EntrepreneurTree/EntrepreneurTreeProductUnlockAdapter.cs:191)
FLOBUK.StoreSimulator.EntrepreneurTreeProductUnlockAdapter:IsProductUnlocked (FLOBUK.StoreSimulator.ProductScriptableObject) (at Assets/Systems/EntrepreneurTree/EntrepreneurTreeProductUnlockAdapter.cs:85)
FLOBUK.StoreSimulator.EntrepreneurTreeGameplayBridge:IsProductUnlocked (FLOBUK.StoreSimulator.ProductScriptableObject) (at Assets/Systems/EntrepreneurTree/EntrepreneurTreeGameplayBridge.cs:49)
FLOBUK.StoreSimulator.UIShopItemProduct:Initialize (FLOBUK.StoreSimulator.PurchasableScriptableObject) (at Assets/StoreSimulator/Scripts/UIShopItemProduct.cs:48)
FLOBUK.StoreSimulator.UIShopCategory:InstantiateItem (FLOBUK.StoreSimulator.PurchasableScriptableObject) (at Assets/StoreSimulator/Scripts/UIShopCategory.cs:164)
FLOBUK.StoreSimulator.UIShopCategory:AddItems (int) (at Assets/StoreSimulator/Scripts/UIShopCategory.cs:111)
FLOBUK.StoreSimulator.UIShopCategory:Start () (at Assets/StoreSimulator/Scripts/UIShopCategory.cs:74)

(Filename: Assets/Systems/EntrepreneurTree/EntrepreneurTreeProductUnlockAdapter.cs Line: 191)

[EntrepreneurTree] Product mapping: product_dairy_1 -> 3 products found.
UnityEngine.Debug:ExtractStackTraceNoAlloc (byte*,int,string)
UnityEngine.StackTraceUtility:ExtractStackTrace ()
UnityEngine.DebugLogHandler:Internal_Log (UnityEngine.LogType,UnityEngine.LogOption,string,UnityEngine.Object)
UnityEngine.DebugLogHandler:LogFormat (UnityEngine.LogType,UnityEngine.Object,string,object[])
UnityEngine.Logger:Log (UnityEngine.LogType,object)
UnityEngine.Debug:Log (object)
FLOBUK.StoreSimulator.EntrepreneurTreeProductUnlockAdapter:BuildMappingIfNeeded () (at Assets/Systems/EntrepreneurTree/EntrepreneurTreeProductUnlockAdapter.cs:191)
FLOBUK.StoreSimulator.EntrepreneurTreeProductUnlockAdapter:IsProductUnlocked (FLOBUK.StoreSimulator.ProductScriptableObject) (at Assets/Systems/EntrepreneurTree/EntrepreneurTreeProductUnlockAdapter.cs:85)
FLOBUK.StoreSimulator.EntrepreneurTreeGameplayBridge:IsProductUnlocked (FLOBUK.StoreSimulator.ProductScriptableObject) (at Assets/Systems/EntrepreneurTree/EntrepreneurTreeGameplayBridge.cs:49)
FLOBUK.StoreSimulator.UIShopItemProduct:Initialize (FLOBUK.StoreSimulator.PurchasableScriptableObject) (at Assets/StoreSimulator/Scripts/UIShopItemProduct.cs:48)
FLOBUK.StoreSimulator.UIShopCategory:InstantiateItem (FLOBUK.StoreSimulator.PurchasableScriptableObject) (at Assets/StoreSimulator/Scripts/UIShopCategory.cs:164)
FLOBUK.StoreSimulator.UIShopCategory:AddItems (int) (at Assets/StoreSimulator/Scripts/UIShopCategory.cs:111)
FLOBUK.StoreSimulator.UIShopCategory:Start () (at Assets/StoreSimulator/Scripts/UIShopCategory.cs:74)

(Filename: Assets/Systems/EntrepreneurTree/EntrepreneurTreeProductUnlockAdapter.cs Line: 191)

[EntrepreneurTree] Product mapping: product_dairy_2 -> 2 products found.
UnityEngine.Debug:ExtractStackTraceNoAlloc (byte*,int,string)
UnityEngine.StackTraceUtility:ExtractStackTrace ()
UnityEngine.DebugLogHandler:Internal_Log (UnityEngine.LogType,UnityEngine.LogOption,string,UnityEngine.Object)
UnityEngine.DebugLogHandler:LogFormat (UnityEngine.LogType,UnityEngine.Object,string,object[])
UnityEngine.Logger:Log (UnityEngine.LogType,object)
UnityEngine.Debug:Log (object)
FLOBUK.StoreSimulator.EntrepreneurTreeProductUnlockAdapter:BuildMappingIfNeeded () (at Assets/Systems/EntrepreneurTree/EntrepreneurTreeProductUnlockAdapter.cs:191)
FLOBUK.StoreSimulator.EntrepreneurTreeProductUnlockAdapter:IsProductUnlocked (FLOBUK.StoreSimulator.ProductScriptableObject) (at Assets/Systems/EntrepreneurTree/EntrepreneurTreeProductUnlockAdapter.cs:85)
FLOBUK.StoreSimulator.EntrepreneurTreeGameplayBridge:IsProductUnlocked (FLOBUK.StoreSimulator.ProductScriptableObject) (at Assets/Systems/EntrepreneurTree/EntrepreneurTreeGameplayBridge.cs:49)
FLOBUK.StoreSimulator.UIShopItemProduct:Initialize (FLOBUK.StoreSimulator.PurchasableScriptableObject) (at Assets/StoreSimulator/Scripts/UIShopItemProduct.cs:48)
FLOBUK.StoreSimulator.UIShopCategory:InstantiateItem (FLOBUK.StoreSimulator.PurchasableScriptableObject) (at Assets/StoreSimulator/Scripts/UIShopCategory.cs:164)
FLOBUK.StoreSimulator.UIShopCategory:AddItems (int) (at Assets/StoreSimulator/Scripts/UIShopCategory.cs:111)
FLOBUK.StoreSimulator.UIShopCategory:Start () (at Assets/StoreSimulator/Scripts/UIShopCategory.cs:74)

(Filename: Assets/Systems/EntrepreneurTree/EntrepreneurTreeProductUnlockAdapter.cs Line: 191)

[EntrepreneurTree] Product mapping: product_dairy_3 -> 2 products found.
UnityEngine.Debug:ExtractStackTraceNoAlloc (byte*,int,string)
UnityEngine.StackTraceUtility:ExtractStackTrace ()
UnityEngine.DebugLogHandler:Internal_Log (UnityEngine.LogType,UnityEngine.LogOption,string,UnityEngine.Object)
UnityEngine.DebugLogHandler:LogFormat (UnityEngine.LogType,UnityEngine.Object,string,object[])
UnityEngine.Logger:Log (UnityEngine.LogType,object)
UnityEngine.Debug:Log (object)
FLOBUK.StoreSimulator.EntrepreneurTreeProductUnlockAdapter:BuildMappingIfNeeded () (at Assets/Systems/EntrepreneurTree/EntrepreneurTreeProductUnlockAdapter.cs:191)
FLOBUK.StoreSimulator.EntrepreneurTreeProductUnlockAdapter:IsProductUnlocked (FLOBUK.StoreSimulator.ProductScriptableObject) (at Assets/Systems/EntrepreneurTree/EntrepreneurTreeProductUnlockAdapter.cs:85)
FLOBUK.StoreSimulator.EntrepreneurTreeGameplayBridge:IsProductUnlocked (FLOBUK.StoreSimulator.ProductScriptableObject) (at Assets/Systems/EntrepreneurTree/EntrepreneurTreeGameplayBridge.cs:49)
FLOBUK.StoreSimulator.UIShopItemProduct:Initialize (FLOBUK.StoreSimulator.PurchasableScriptableObject) (at Assets/StoreSimulator/Scripts/UIShopItemProduct.cs:48)
FLOBUK.StoreSimulator.UIShopCategory:InstantiateItem (FLOBUK.StoreSimulator.PurchasableScriptableObject) (at Assets/StoreSimulator/Scripts/UIShopCategory.cs:164)
FLOBUK.StoreSimulator.UIShopCategory:AddItems (int) (at Assets/StoreSimulator/Scripts/UIShopCategory.cs:111)
FLOBUK.StoreSimulator.UIShopCategory:Start () (at Assets/StoreSimulator/Scripts/UIShopCategory.cs:74)

(Filename: Assets/Systems/EntrepreneurTree/EntrepreneurTreeProductUnlockAdapter.cs Line: 191)

[EntrepreneurTree] Product mapping: product_spices_1 -> 2 products found.
UnityEngine.Debug:ExtractStackTraceNoAlloc (byte*,int,string)
UnityEngine.StackTraceUtility:ExtractStackTrace ()
UnityEngine.DebugLogHandler:Internal_Log (UnityEngine.LogType,UnityEngine.LogOption,string,UnityEngine.Object)
UnityEngine.DebugLogHandler:LogFormat (UnityEngine.LogType,UnityEngine.Object,string,object[])
UnityEngine.Logger:Log (UnityEngine.LogType,object)
UnityEngine.Debug:Log (object)
FLOBUK.StoreSimulator.EntrepreneurTreeProductUnlockAdapter:BuildMappingIfNeeded () (at Assets/Systems/EntrepreneurTree/EntrepreneurTreeProductUnlockAdapter.cs:191)
FLOBUK.StoreSimulator.EntrepreneurTreeProductUnlockAdapter:IsProductUnlocked (FLOBUK.StoreSimulator.ProductScriptableObject) (at Assets/Systems/EntrepreneurTree/EntrepreneurTreeProductUnlockAdapter.cs:85)
FLOBUK.StoreSimulator.EntrepreneurTreeGameplayBridge:IsProductUnlocked (FLOBUK.StoreSimulator.ProductScriptableObject) (at Assets/Systems/EntrepreneurTree/EntrepreneurTreeGameplayBridge.cs:49)
FLOBUK.StoreSimulator.UIShopItemProduct:Initialize (FLOBUK.StoreSimulator.PurchasableScriptableObject) (at Assets/StoreSimulator/Scripts/UIShopItemProduct.cs:48)
FLOBUK.StoreSimulator.UIShopCategory:InstantiateItem (FLOBUK.StoreSimulator.PurchasableScriptableObject) (at Assets/StoreSimulator/Scripts/UIShopCategory.cs:164)
FLOBUK.StoreSimulator.UIShopCategory:AddItems (int) (at Assets/StoreSimulator/Scripts/UIShopCategory.cs:111)
FLOBUK.StoreSimulator.UIShopCategory:Start () (at Assets/StoreSimulator/Scripts/UIShopCategory.cs:74)

(Filename: Assets/Systems/EntrepreneurTree/EntrepreneurTreeProductUnlockAdapter.cs Line: 191)

[EntrepreneurTree] Product mapping: product_fresh_1 -> 4 products found.
UnityEngine.Debug:ExtractStackTraceNoAlloc (byte*,int,string)
UnityEngine.StackTraceUtility:ExtractStackTrace ()
UnityEngine.DebugLogHandler:Internal_Log (UnityEngine.LogType,UnityEngine.LogOption,string,UnityEngine.Object)
UnityEngine.DebugLogHandler:LogFormat (UnityEngine.LogType,UnityEngine.Object,string,object[])
UnityEngine.Logger:Log (UnityEngine.LogType,object)
UnityEngine.Debug:Log (object)
FLOBUK.StoreSimulator.EntrepreneurTreeProductUnlockAdapter:BuildMappingIfNeeded () (at Assets/Systems/EntrepreneurTree/EntrepreneurTreeProductUnlockAdapter.cs:191)
FLOBUK.StoreSimulator.EntrepreneurTreeProductUnlockAdapter:IsProductUnlocked (FLOBUK.StoreSimulator.ProductScriptableObject) (at Assets/Systems/EntrepreneurTree/EntrepreneurTreeProductUnlockAdapter.cs:85)
FLOBUK.StoreSimulator.EntrepreneurTreeGameplayBridge:IsProductUnlocked (FLOBUK.StoreSimulator.ProductScriptableObject) (at Assets/Systems/EntrepreneurTree/EntrepreneurTreeGameplayBridge.cs:49)
FLOBUK.StoreSimulator.UIShopItemProduct:Initialize (FLOBUK.StoreSimulator.PurchasableScriptableObject) (at Assets/StoreSimulator/Scripts/UIShopItemProduct.cs:48)
FLOBUK.StoreSimulator.UIShopCategory:InstantiateItem (FLOBUK.StoreSimulator.PurchasableScriptableObject) (at Assets/StoreSimulator/Scripts/UIShopCategory.cs:164)
FLOBUK.StoreSimulator.UIShopCategory:AddItems (int) (at Assets/StoreSimulator/Scripts/UIShopCategory.cs:111)
FLOBUK.StoreSimulator.UIShopCategory:Start () (at Assets/StoreSimulator/Scripts/UIShopCategory.cs:74)

(Filename: Assets/Systems/EntrepreneurTree/EntrepreneurTreeProductUnlockAdapter.cs Line: 191)

[EntrepreneurTree] Product mapping: product_fresh_2 -> 3 products found.
UnityEngine.Debug:ExtractStackTraceNoAlloc (byte*,int,string)
UnityEngine.StackTraceUtility:ExtractStackTrace ()
UnityEngine.DebugLogHandler:Internal_Log (UnityEngine.LogType,UnityEngine.LogOption,string,UnityEngine.Object)
UnityEngine.DebugLogHandler:LogFormat (UnityEngine.LogType,UnityEngine.Object,string,object[])
UnityEngine.Logger:Log (UnityEngine.LogType,object)
UnityEngine.Debug:Log (object)
FLOBUK.StoreSimulator.EntrepreneurTreeProductUnlockAdapter:BuildMappingIfNeeded () (at Assets/Systems/EntrepreneurTree/EntrepreneurTreeProductUnlockAdapter.cs:191)
FLOBUK.StoreSimulator.EntrepreneurTreeProductUnlockAdapter:IsProductUnlocked (FLOBUK.StoreSimulator.ProductScriptableObject) (at Assets/Systems/EntrepreneurTree/EntrepreneurTreeProductUnlockAdapter.cs:85)
FLOBUK.StoreSimulator.EntrepreneurTreeGameplayBridge:IsProductUnlocked (FLOBUK.StoreSimulator.ProductScriptableObject) (at Assets/Systems/EntrepreneurTree/EntrepreneurTreeGameplayBridge.cs:49)
FLOBUK.StoreSimulator.UIShopItemProduct:Initialize (FLOBUK.StoreSimulator.PurchasableScriptableObject) (at Assets/StoreSimulator/Scripts/UIShopItemProduct.cs:48)
FLOBUK.StoreSimulator.UIShopCategory:InstantiateItem (FLOBUK.StoreSimulator.PurchasableScriptableObject) (at Assets/StoreSimulator/Scripts/UIShopCategory.cs:164)
FLOBUK.StoreSimulator.UIShopCategory:AddItems (int) (at Assets/StoreSimulator/Scripts/UIShopCategory.cs:111)
FLOBUK.StoreSimulator.UIShopCategory:Start () (at Assets/StoreSimulator/Scripts/UIShopCategory.cs:74)

(Filename: Assets/Systems/EntrepreneurTree/EntrepreneurTreeProductUnlockAdapter.cs Line: 191)

[EntrepreneurTree] Product mapping: product_hygiene -> 4 products found.
UnityEngine.Debug:ExtractStackTraceNoAlloc (byte*,int,string)
UnityEngine.StackTraceUtility:ExtractStackTrace ()
UnityEngine.DebugLogHandler:Internal_Log (UnityEngine.LogType,UnityEngine.LogOption,string,UnityEngine.Object)
UnityEngine.DebugLogHandler:LogFormat (UnityEngine.LogType,UnityEngine.Object,string,object[])
UnityEngine.Logger:Log (UnityEngine.LogType,object)
UnityEngine.Debug:Log (object)
FLOBUK.StoreSimulator.EntrepreneurTreeProductUnlockAdapter:BuildMappingIfNeeded () (at Assets/Systems/EntrepreneurTree/EntrepreneurTreeProductUnlockAdapter.cs:191)
FLOBUK.StoreSimulator.EntrepreneurTreeProductUnlockAdapter:IsProductUnlocked (FLOBUK.StoreSimulator.ProductScriptableObject) (at Assets/Systems/EntrepreneurTree/EntrepreneurTreeProductUnlockAdapter.cs:85)
FLOBUK.StoreSimulator.EntrepreneurTreeGameplayBridge:IsProductUnlocked (FLOBUK.StoreSimulator.ProductScriptableObject) (at Assets/Systems/EntrepreneurTree/EntrepreneurTreeGameplayBridge.cs:49)
FLOBUK.StoreSimulator.UIShopItemProduct:Initialize (FLOBUK.StoreSimulator.PurchasableScriptableObject) (at Assets/StoreSimulator/Scripts/UIShopItemProduct.cs:48)
FLOBUK.StoreSimulator.UIShopCategory:InstantiateItem (FLOBUK.StoreSimulator.PurchasableScriptableObject) (at Assets/StoreSimulator/Scripts/UIShopCategory.cs:164)
FLOBUK.StoreSimulator.UIShopCategory:AddItems (int) (at Assets/StoreSimulator/Scripts/UIShopCategory.cs:111)
FLOBUK.StoreSimulator.UIShopCategory:Start () (at Assets/StoreSimulator/Scripts/UIShopCategory.cs:74)

(Filename: Assets/Systems/EntrepreneurTree/EntrepreneurTreeProductUnlockAdapter.cs Line: 191)

[EntrepreneurTree] Product mapping: product_protein_1 -> 4 products found.
UnityEngine.Debug:ExtractStackTraceNoAlloc (byte*,int,string)
UnityEngine.StackTraceUtility:ExtractStackTrace ()
UnityEngine.DebugLogHandler:Internal_Log (UnityEngine.LogType,UnityEngine.LogOption,string,UnityEngine.Object)
UnityEngine.DebugLogHandler:LogFormat (UnityEngine.LogType,UnityEngine.Object,string,object[])
UnityEngine.Logger:Log (UnityEngine.LogType,object)
UnityEngine.Debug:Log (object)
FLOBUK.StoreSimulator.EntrepreneurTreeProductUnlockAdapter:BuildMappingIfNeeded () (at Assets/Systems/EntrepreneurTree/EntrepreneurTreeProductUnlockAdapter.cs:191)
FLOBUK.StoreSimulator.EntrepreneurTreeProductUnlockAdapter:IsProductUnlocked (FLOBUK.StoreSimulator.ProductScriptableObject) (at Assets/Systems/EntrepreneurTree/EntrepreneurTreeProductUnlockAdapter.cs:85)
FLOBUK.StoreSimulator.EntrepreneurTreeGameplayBridge:IsProductUnlocked (FLOBUK.StoreSimulator.ProductScriptableObject) (at Assets/Systems/EntrepreneurTree/EntrepreneurTreeGameplayBridge.cs:49)
FLOBUK.StoreSimulator.UIShopItemProduct:Initialize (FLOBUK.StoreSimulator.PurchasableScriptableObject) (at Assets/StoreSimulator/Scripts/UIShopItemProduct.cs:48)
FLOBUK.StoreSimulator.UIShopCategory:InstantiateItem (FLOBUK.StoreSimulator.PurchasableScriptableObject) (at Assets/StoreSimulator/Scripts/UIShopCategory.cs:164)
FLOBUK.StoreSimulator.UIShopCategory:AddItems (int) (at Assets/StoreSimulator/Scripts/UIShopCategory.cs:111)
FLOBUK.StoreSimulator.UIShopCategory:Start () (at Assets/StoreSimulator/Scripts/UIShopCategory.cs:74)

(Filename: Assets/Systems/EntrepreneurTree/EntrepreneurTreeProductUnlockAdapter.cs Line: 191)

[EntrepreneurTree] Product mapping: product_sodas -> 4 products found.
UnityEngine.Debug:ExtractStackTraceNoAlloc (byte*,int,string)
UnityEngine.StackTraceUtility:ExtractStackTrace ()
UnityEngine.DebugLogHandler:Internal_Log (UnityEngine.LogType,UnityEngine.LogOption,string,UnityEngine.Object)
UnityEngine.DebugLogHandler:LogFormat (UnityEngine.LogType,UnityEngine.Object,string,object[])
UnityEngine.Logger:Log (UnityEngine.LogType,object)
UnityEngine.Debug:Log (object)
FLOBUK.StoreSimulator.EntrepreneurTreeProductUnlockAdapter:BuildMappingIfNeeded () (at Assets/Systems/EntrepreneurTree/EntrepreneurTreeProductUnlockAdapter.cs:191)
FLOBUK.StoreSimulator.EntrepreneurTreeProductUnlockAdapter:IsProductUnlocked (FLOBUK.StoreSimulator.ProductScriptableObject) (at Assets/Systems/EntrepreneurTree/EntrepreneurTreeProductUnlockAdapter.cs:85)
FLOBUK.StoreSimulator.EntrepreneurTreeGameplayBridge:IsProductUnlocked (FLOBUK.StoreSimulator.ProductScriptableObject) (at Assets/Systems/EntrepreneurTree/EntrepreneurTreeGameplayBridge.cs:49)
FLOBUK.StoreSimulator.UIShopItemProduct:Initialize (FLOBUK.StoreSimulator.PurchasableScriptableObject) (at Assets/StoreSimulator/Scripts/UIShopItemProduct.cs:48)
FLOBUK.StoreSimulator.UIShopCategory:InstantiateItem (FLOBUK.StoreSimulator.PurchasableScriptableObject) (at Assets/StoreSimulator/Scripts/UIShopCategory.cs:164)
FLOBUK.StoreSimulator.UIShopCategory:AddItems (int) (at Assets/StoreSimulator/Scripts/UIShopCategory.cs:111)
FLOBUK.StoreSimulator.UIShopCategory:Start () (at Assets/StoreSimulator/Scripts/UIShopCategory.cs:74)

(Filename: Assets/Systems/EntrepreneurTree/EntrepreneurTreeProductUnlockAdapter.cs Line: 191)

[EntrepreneurTree] Product mapping: product_luxury_1 -> 3 products found.
UnityEngine.Debug:ExtractStackTraceNoAlloc (byte*,int,string)
UnityEngine.StackTraceUtility:ExtractStackTrace ()
UnityEngine.DebugLogHandler:Internal_Log (UnityEngine.LogType,UnityEngine.LogOption,string,UnityEngine.Object)
UnityEngine.DebugLogHandler:LogFormat (UnityEngine.LogType,UnityEngine.Object,string,object[])
UnityEngine.Logger:Log (UnityEngine.LogType,object)
UnityEngine.Debug:Log (object)
FLOBUK.StoreSimulator.EntrepreneurTreeProductUnlockAdapter:BuildMappingIfNeeded () (at Assets/Systems/EntrepreneurTree/EntrepreneurTreeProductUnlockAdapter.cs:191)
FLOBUK.StoreSimulator.EntrepreneurTreeProductUnlockAdapter:IsProductUnlocked (FLOBUK.StoreSimulator.ProductScriptableObject) (at Assets/Systems/EntrepreneurTree/EntrepreneurTreeProductUnlockAdapter.cs:85)
FLOBUK.StoreSimulator.EntrepreneurTreeGameplayBridge:IsProductUnlocked (FLOBUK.StoreSimulator.ProductScriptableObject) (at Assets/Systems/EntrepreneurTree/EntrepreneurTreeGameplayBridge.cs:49)
FLOBUK.StoreSimulator.UIShopItemProduct:Initialize (FLOBUK.StoreSimulator.PurchasableScriptableObject) (at Assets/StoreSimulator/Scripts/UIShopItemProduct.cs:48)
FLOBUK.StoreSimulator.UIShopCategory:InstantiateItem (FLOBUK.StoreSimulator.PurchasableScriptableObject) (at Assets/StoreSimulator/Scripts/UIShopCategory.cs:164)
FLOBUK.StoreSimulator.UIShopCategory:AddItems (int) (at Assets/StoreSimulator/Scripts/UIShopCategory.cs:111)
FLOBUK.StoreSimulator.UIShopCategory:Start () (at Assets/StoreSimulator/Scripts/UIShopCategory.cs:74)

(Filename: Assets/Systems/EntrepreneurTree/EntrepreneurTreeProductUnlockAdapter.cs Line: 191)

[EntrepreneurTree] Product mapping warning: product_appliances_1 -> mesa not found.
UnityEngine.Debug:ExtractStackTraceNoAlloc (byte*,int,string)
UnityEngine.StackTraceUtility:ExtractStackTrace ()
UnityEngine.DebugLogHandler:Internal_Log (UnityEngine.LogType,UnityEngine.LogOption,string,UnityEngine.Object)
UnityEngine.DebugLogHandler:LogFormat (UnityEngine.LogType,UnityEngine.Object,string,object[])
UnityEngine.Logger:Log (UnityEngine.LogType,object)
UnityEngine.Debug:LogWarning (object)
FLOBUK.StoreSimulator.EntrepreneurTreeProductUnlockAdapter:AddAliasProducts (FLOBUK.StoreSimulator.EntrepreneurTreeProductUnlockAdapter/ProductGroupMapping,System.Collections.Generic.List`1<FLOBUK.StoreSimulator.ProductScriptableObject>,System.Collections.Generic.HashSet`1<string>) (at Assets/Systems/EntrepreneurTree/EntrepreneurTreeProductUnlockAdapter.cs:237)
FLOBUK.StoreSimulator.EntrepreneurTreeProductUnlockAdapter:BuildMappingIfNeeded () (at Assets/Systems/EntrepreneurTree/EntrepreneurTreeProductUnlockAdapter.cs:185)
FLOBUK.StoreSimulator.EntrepreneurTreeProductUnlockAdapter:IsProductUnlocked (FLOBUK.StoreSimulator.ProductScriptableObject) (at Assets/Systems/EntrepreneurTree/EntrepreneurTreeProductUnlockAdapter.cs:85)
FLOBUK.StoreSimulator.EntrepreneurTreeGameplayBridge:IsProductUnlocked (FLOBUK.StoreSimulator.ProductScriptableObject) (at Assets/Systems/EntrepreneurTree/EntrepreneurTreeGameplayBridge.cs:49)
FLOBUK.StoreSimulator.UIShopItemProduct:Initialize (FLOBUK.StoreSimulator.PurchasableScriptableObject) (at Assets/StoreSimulator/Scripts/UIShopItemProduct.cs:48)
FLOBUK.StoreSimulator.UIShopCategory:InstantiateItem (FLOBUK.StoreSimulator.PurchasableScriptableObject) (at Assets/StoreSimulator/Scripts/UIShopCategory.cs:164)
FLOBUK.StoreSimulator.UIShopCategory:AddItems (int) (at Assets/StoreSimulator/Scripts/UIShopCategory.cs:111)
FLOBUK.StoreSimulator.UIShopCategory:Start () (at Assets/StoreSimulator/Scripts/UIShopCategory.cs:74)

(Filename: Assets/Systems/EntrepreneurTree/EntrepreneurTreeProductUnlockAdapter.cs Line: 237)

[EntrepreneurTree] Product mapping warning: product_appliances_1 -> mesas not found.
UnityEngine.Debug:ExtractStackTraceNoAlloc (byte*,int,string)
UnityEngine.StackTraceUtility:ExtractStackTrace ()
UnityEngine.DebugLogHandler:Internal_Log (UnityEngine.LogType,UnityEngine.LogOption,string,UnityEngine.Object)
UnityEngine.DebugLogHandler:LogFormat (UnityEngine.LogType,UnityEngine.Object,string,object[])
UnityEngine.Logger:Log (UnityEngine.LogType,object)
UnityEngine.Debug:LogWarning (object)
FLOBUK.StoreSimulator.EntrepreneurTreeProductUnlockAdapter:AddAliasProducts (FLOBUK.StoreSimulator.EntrepreneurTreeProductUnlockAdapter/ProductGroupMapping,System.Collections.Generic.List`1<FLOBUK.StoreSimulator.ProductScriptableObject>,System.Collections.Generic.HashSet`1<string>) (at Assets/Systems/EntrepreneurTree/EntrepreneurTreeProductUnlockAdapter.cs:237)
FLOBUK.StoreSimulator.EntrepreneurTreeProductUnlockAdapter:BuildMappingIfNeeded () (at Assets/Systems/EntrepreneurTree/EntrepreneurTreeProductUnlockAdapter.cs:185)
FLOBUK.StoreSimulator.EntrepreneurTreeProductUnlockAdapter:IsProductUnlocked (FLOBUK.StoreSimulator.ProductScriptableObject) (at Assets/Systems/EntrepreneurTree/EntrepreneurTreeProductUnlockAdapter.cs:85)
FLOBUK.StoreSimulator.EntrepreneurTreeGameplayBridge:IsProductUnlocked (FLOBUK.StoreSimulator.ProductScriptableObject) (at Assets/Systems/EntrepreneurTree/EntrepreneurTreeGameplayBridge.cs:49)
FLOBUK.StoreSimulator.UIShopItemProduct:Initialize (FLOBUK.StoreSimulator.PurchasableScriptableObject) (at Assets/StoreSimulator/Scripts/UIShopItemProduct.cs:48)
FLOBUK.StoreSimulator.UIShopCategory:InstantiateItem (FLOBUK.StoreSimulator.PurchasableScriptableObject) (at Assets/StoreSimulator/Scripts/UIShopCategory.cs:164)
FLOBUK.StoreSimulator.UIShopCategory:AddItems (int) (at Assets/StoreSimulator/Scripts/UIShopCategory.cs:111)
FLOBUK.StoreSimulator.UIShopCategory:Start () (at Assets/StoreSimulator/Scripts/UIShopCategory.cs:74)

(Filename: Assets/Systems/EntrepreneurTree/EntrepreneurTreeProductUnlockAdapter.cs Line: 237)

[EntrepreneurTree] Product mapping: product_appliances_1 -> 4 products found.
UnityEngine.Debug:ExtractStackTraceNoAlloc (byte*,int,string)
UnityEngine.StackTraceUtility:ExtractStackTrace ()
UnityEngine.DebugLogHandler:Internal_Log (UnityEngine.LogType,UnityEngine.LogOption,string,UnityEngine.Object)
UnityEngine.DebugLogHandler:LogFormat (UnityEngine.LogType,UnityEngine.Object,string,object[])
UnityEngine.Logger:Log (UnityEngine.LogType,object)
UnityEngine.Debug:Log (object)
FLOBUK.StoreSimulator.EntrepreneurTreeProductUnlockAdapter:BuildMappingIfNeeded () (at Assets/Systems/EntrepreneurTree/EntrepreneurTreeProductUnlockAdapter.cs:191)
FLOBUK.StoreSimulator.EntrepreneurTreeProductUnlockAdapter:IsProductUnlocked (FLOBUK.StoreSimulator.ProductScriptableObject) (at Assets/Systems/EntrepreneurTree/EntrepreneurTreeProductUnlockAdapter.cs:85)
FLOBUK.StoreSimulator.EntrepreneurTreeGameplayBridge:IsProductUnlocked (FLOBUK.StoreSimulator.ProductScriptableObject) (at Assets/Systems/EntrepreneurTree/EntrepreneurTreeGameplayBridge.cs:49)
FLOBUK.StoreSimulator.UIShopItemProduct:Initialize (FLOBUK.StoreSimulator.PurchasableScriptableObject) (at Assets/StoreSimulator/Scripts/UIShopItemProduct.cs:48)
FLOBUK.StoreSimulator.UIShopCategory:InstantiateItem (FLOBUK.StoreSimulator.PurchasableScriptableObject) (at Assets/StoreSimulator/Scripts/UIShopCategory.cs:164)
FLOBUK.StoreSimulator.UIShopCategory:AddItems (int) (at Assets/StoreSimulator/Scripts/UIShopCategory.cs:111)
FLOBUK.StoreSimulator.UIShopCategory:Start () (at Assets/StoreSimulator/Scripts/UIShopCategory.cs:74)

(Filename: Assets/Systems/EntrepreneurTree/EntrepreneurTreeProductUnlockAdapter.cs Line: 191)

[EntrepreneurTree] Starter node 'product_basic_1' resolved 5 product(s) from catalog.
UnityEngine.Debug:ExtractStackTraceNoAlloc (byte*,int,string)
UnityEngine.StackTraceUtility:ExtractStackTrace ()
UnityEngine.DebugLogHandler:Internal_Log (UnityEngine.LogType,UnityEngine.LogOption,string,UnityEngine.Object)
UnityEngine.DebugLogHandler:LogFormat (UnityEngine.LogType,UnityEngine.Object,string,object[])
UnityEngine.Logger:Log (UnityEngine.LogType,object)
UnityEngine.Debug:Log (object)
FLOBUK.StoreSimulator.EntrepreneurTreeProductUnlockAdapter:LogStarterMapping (System.Collections.Generic.List`1<FLOBUK.StoreSimulator.ProductScriptableObject>) (at Assets/Systems/EntrepreneurTree/EntrepreneurTreeProductUnlockAdapter.cs:334)
FLOBUK.StoreSimulator.EntrepreneurTreeProductUnlockAdapter:BuildMappingIfNeeded () (at Assets/Systems/EntrepreneurTree/EntrepreneurTreeProductUnlockAdapter.cs:195)
FLOBUK.StoreSimulator.EntrepreneurTreeProductUnlockAdapter:IsProductUnlocked (FLOBUK.StoreSimulator.ProductScriptableObject) (at Assets/Systems/EntrepreneurTree/EntrepreneurTreeProductUnlockAdapter.cs:85)
FLOBUK.StoreSimulator.EntrepreneurTreeGameplayBridge:IsProductUnlocked (FLOBUK.StoreSimulator.ProductScriptableObject) (at Assets/Systems/EntrepreneurTree/EntrepreneurTreeGameplayBridge.cs:49)
FLOBUK.StoreSimulator.UIShopItemProduct:Initialize (FLOBUK.StoreSimulator.PurchasableScriptableObject) (at Assets/StoreSimulator/Scripts/UIShopItemProduct.cs:48)
FLOBUK.StoreSimulator.UIShopCategory:InstantiateItem (FLOBUK.StoreSimulator.PurchasableScriptableObject) (at Assets/StoreSimulator/Scripts/UIShopCategory.cs:164)
FLOBUK.StoreSimulator.UIShopCategory:AddItems (int) (at Assets/StoreSimulator/Scripts/UIShopCategory.cs:111)
FLOBUK.StoreSimulator.UIShopCategory:Start () (at Assets/StoreSimulator/Scripts/UIShopCategory.cs:74)

(Filename: Assets/Systems/EntrepreneurTree/EntrepreneurTreeProductUnlockAdapter.cs Line: 334)

[EntrepreneurTree] Product unlock mapping loaded: 46 entries.
UnityEngine.Debug:ExtractStackTraceNoAlloc (byte*,int,string)
UnityEngine.StackTraceUtility:ExtractStackTrace ()
UnityEngine.DebugLogHandler:Internal_Log (UnityEngine.LogType,UnityEngine.LogOption,string,UnityEngine.Object)
UnityEngine.DebugLogHandler:LogFormat (UnityEngine.LogType,UnityEngine.Object,string,object[])
UnityEngine.Logger:Log (UnityEngine.LogType,object)
UnityEngine.Debug:Log (object)
FLOBUK.StoreSimulator.EntrepreneurTreeProductUnlockAdapter:BuildMappingIfNeeded () (at Assets/Systems/EntrepreneurTree/EntrepreneurTreeProductUnlockAdapter.cs:196)
FLOBUK.StoreSimulator.EntrepreneurTreeProductUnlockAdapter:IsProductUnlocked (FLOBUK.StoreSimulator.ProductScriptableObject) (at Assets/Systems/EntrepreneurTree/EntrepreneurTreeProductUnlockAdapter.cs:85)
FLOBUK.StoreSimulator.EntrepreneurTreeGameplayBridge:IsProductUnlocked (FLOBUK.StoreSimulator.ProductScriptableObject) (at Assets/Systems/EntrepreneurTree/EntrepreneurTreeGameplayBridge.cs:49)
FLOBUK.StoreSimulator.UIShopItemProduct:Initialize (FLOBUK.StoreSimulator.PurchasableScriptableObject) (at Assets/StoreSimulator/Scripts/UIShopItemProduct.cs:48)
FLOBUK.StoreSimulator.UIShopCategory:InstantiateItem (FLOBUK.StoreSimulator.PurchasableScriptableObject) (at Assets/StoreSimulator/Scripts/UIShopCategory.cs:164)
FLOBUK.StoreSimulator.UIShopCategory:AddItems (int) (at Assets/StoreSimulator/Scripts/UIShopCategory.cs:111)
FLOBUK.StoreSimulator.UIShopCategory:Start () (at Assets/StoreSimulator/Scripts/UIShopCategory.cs:74)

(Filename: Assets/Systems/EntrepreneurTree/EntrepreneurTreeProductUnlockAdapter.cs Line: 196)

[EntrepreneurTree] Product locked: Leche requires product_basic_1.
UnityEngine.Debug:ExtractStackTraceNoAlloc (byte*,int,string)
UnityEngine.StackTraceUtility:ExtractStackTrace ()
UnityEngine.DebugLogHandler:Internal_Log (UnityEngine.LogType,UnityEngine.LogOption,string,UnityEngine.Object)
UnityEngine.DebugLogHandler:LogFormat (UnityEngine.LogType,UnityEngine.Object,string,object[])
UnityEngine.Logger:Log (UnityEngine.LogType,object)
UnityEngine.Debug:Log (object)
FLOBUK.StoreSimulator.EntrepreneurTreeProductUnlockAdapter:IsProductUnlocked (FLOBUK.StoreSimulator.ProductScriptableObject) (at Assets/Systems/EntrepreneurTree/EntrepreneurTreeProductUnlockAdapter.cs:97)
FLOBUK.StoreSimulator.EntrepreneurTreeGameplayBridge:IsProductUnlocked (FLOBUK.StoreSimulator.ProductScriptableObject) (at Assets/Systems/EntrepreneurTree/EntrepreneurTreeGameplayBridge.cs:49)
FLOBUK.StoreSimulator.UIShopItemProduct:Initialize (FLOBUK.StoreSimulator.PurchasableScriptableObject) (at Assets/StoreSimulator/Scripts/UIShopItemProduct.cs:48)
FLOBUK.StoreSimulator.UIShopCategory:InstantiateItem (FLOBUK.StoreSimulator.PurchasableScriptableObject) (at Assets/StoreSimulator/Scripts/UIShopCategory.cs:164)
FLOBUK.StoreSimulator.UIShopCategory:AddItems (int) (at Assets/StoreSimulator/Scripts/UIShopCategory.cs:111)
FLOBUK.StoreSimulator.UIShopCategory:Start () (at Assets/StoreSimulator/Scripts/UIShopCategory.cs:74)

(Filename: Assets/Systems/EntrepreneurTree/EntrepreneurTreeProductUnlockAdapter.cs Line: 97)

[EntrepreneurTree] Product locked: Sal requires product_basic_1.
UnityEngine.Debug:ExtractStackTraceNoAlloc (byte*,int,string)
UnityEngine.StackTraceUtility:ExtractStackTrace ()
UnityEngine.DebugLogHandler:Internal_Log (UnityEngine.LogType,UnityEngine.LogOption,string,UnityEngine.Object)
UnityEngine.DebugLogHandler:LogFormat (UnityEngine.LogType,UnityEngine.Object,string,object[])
UnityEngine.Logger:Log (UnityEngine.LogType,object)
UnityEngine.Debug:Log (object)
FLOBUK.StoreSimulator.EntrepreneurTreeProductUnlockAdapter:IsProductUnlocked (FLOBUK.StoreSimulator.ProductScriptableObject) (at Assets/Systems/EntrepreneurTree/EntrepreneurTreeProductUnlockAdapter.cs:97)
FLOBUK.StoreSimulator.EntrepreneurTreeGameplayBridge:IsProductUnlocked (FLOBUK.StoreSimulator.ProductScriptableObject) (at Assets/Systems/EntrepreneurTree/EntrepreneurTreeGameplayBridge.cs:49)
FLOBUK.StoreSimulator.UIShopItemProduct:Initialize (FLOBUK.StoreSimulator.PurchasableScriptableObject) (at Assets/StoreSimulator/Scripts/UIShopItemProduct.cs:48)
FLOBUK.StoreSimulator.UIShopCategory:InstantiateItem (FLOBUK.StoreSimulator.PurchasableScriptableObject) (at Assets/StoreSimulator/Scripts/UIShopCategory.cs:164)
FLOBUK.StoreSimulator.UIShopCategory:AddItems (int) (at Assets/StoreSimulator/Scripts/UIShopCategory.cs:111)
FLOBUK.StoreSimulator.UIShopCategory:Start () (at Assets/StoreSimulator/Scripts/UIShopCategory.cs:74)

(Filename: Assets/Systems/EntrepreneurTree/EntrepreneurTreeProductUnlockAdapter.cs Line: 97)

[EntrepreneurTree] Product locked: Agua requires product_basic_1.
UnityEngine.Debug:ExtractStackTraceNoAlloc (byte*,int,string)
UnityEngine.StackTraceUtility:ExtractStackTrace ()
UnityEngine.DebugLogHandler:Internal_Log (UnityEngine.LogType,UnityEngine.LogOption,string,UnityEngine.Object)
UnityEngine.DebugLogHandler:LogFormat (UnityEngine.LogType,UnityEngine.Object,string,object[])
UnityEngine.Logger:Log (UnityEngine.LogType,object)
UnityEngine.Debug:Log (object)
FLOBUK.StoreSimulator.EntrepreneurTreeProductUnlockAdapter:IsProductUnlocked (FLOBUK.StoreSimulator.ProductScriptableObject) (at Assets/Systems/EntrepreneurTree/EntrepreneurTreeProductUnlockAdapter.cs:97)
FLOBUK.StoreSimulator.EntrepreneurTreeGameplayBridge:IsProductUnlocked (FLOBUK.StoreSimulator.ProductScriptableObject) (at Assets/Systems/EntrepreneurTree/EntrepreneurTreeGameplayBridge.cs:49)
FLOBUK.StoreSimulator.UIShopItemProduct:Initialize (FLOBUK.StoreSimulator.PurchasableScriptableObject) (at Assets/StoreSimulator/Scripts/UIShopItemProduct.cs:48)
FLOBUK.StoreSimulator.UIShopCategory:InstantiateItem (FLOBUK.StoreSimulator.PurchasableScriptableObject) (at Assets/StoreSimulator/Scripts/UIShopCategory.cs:164)
FLOBUK.StoreSimulator.UIShopCategory:AddItems (int) (at Assets/StoreSimulator/Scripts/UIShopCategory.cs:111)
FLOBUK.StoreSimulator.UIShopCategory:Start () (at Assets/StoreSimulator/Scripts/UIShopCategory.cs:74)

(Filename: Assets/Systems/EntrepreneurTree/EntrepreneurTreeProductUnlockAdapter.cs Line: 97)

[EntrepreneurTree] Product locked: Pasta requires product_basic_1.
UnityEngine.Debug:ExtractStackTraceNoAlloc (byte*,int,string)
UnityEngine.StackTraceUtility:ExtractStackTrace ()
UnityEngine.DebugLogHandler:Internal_Log (UnityEngine.LogType,UnityEngine.LogOption,string,UnityEngine.Object)
UnityEngine.DebugLogHandler:LogFormat (UnityEngine.LogType,UnityEngine.Object,string,object[])
UnityEngine.Logger:Log (UnityEngine.LogType,object)
UnityEngine.Debug:Log (object)
FLOBUK.StoreSimulator.EntrepreneurTreeProductUnlockAdapter:IsProductUnlocked (FLOBUK.StoreSimulator.ProductScriptableObject) (at Assets/Systems/EntrepreneurTree/EntrepreneurTreeProductUnlockAdapter.cs:97)
FLOBUK.StoreSimulator.EntrepreneurTreeGameplayBridge:IsProductUnlocked (FLOBUK.StoreSimulator.ProductScriptableObject) (at Assets/Systems/EntrepreneurTree/EntrepreneurTreeGameplayBridge.cs:49)
FLOBUK.StoreSimulator.UIShopItemProduct:Initialize (FLOBUK.StoreSimulator.PurchasableScriptableObject) (at Assets/StoreSimulator/Scripts/UIShopItemProduct.cs:48)
FLOBUK.StoreSimulator.UIShopCategory:InstantiateItem (FLOBUK.StoreSimulator.PurchasableScriptableObject) (at Assets/StoreSimulator/Scripts/UIShopCategory.cs:164)
FLOBUK.StoreSimulator.UIShopCategory:AddItems (int) (at Assets/StoreSimulator/Scripts/UIShopCategory.cs:111)
FLOBUK.StoreSimulator.UIShopCategory:Start () (at Assets/StoreSimulator/Scripts/UIShopCategory.cs:74)

(Filename: Assets/Systems/EntrepreneurTree/EntrepreneurTreeProductUnlockAdapter.cs Line: 97)

[EntrepreneurTree] Product locked: Azúcar requires product_basic_1.
UnityEngine.Debug:ExtractStackTraceNoAlloc (byte*,int,string)
UnityEngine.StackTraceUtility:ExtractStackTrace ()
UnityEngine.DebugLogHandler:Internal_Log (UnityEngine.LogType,UnityEngine.LogOption,string,UnityEngine.Object)
UnityEngine.DebugLogHandler:LogFormat (UnityEngine.LogType,UnityEngine.Object,string,object[])
UnityEngine.Logger:Log (UnityEngine.LogType,object)
UnityEngine.Debug:Log (object)
FLOBUK.StoreSimulator.EntrepreneurTreeProductUnlockAdapter:IsProductUnlocked (FLOBUK.StoreSimulator.ProductScriptableObject) (at Assets/Systems/EntrepreneurTree/EntrepreneurTreeProductUnlockAdapter.cs:97)
FLOBUK.StoreSimulator.EntrepreneurTreeGameplayBridge:IsProductUnlocked (FLOBUK.StoreSimulator.ProductScriptableObject) (at Assets/Systems/EntrepreneurTree/EntrepreneurTreeGameplayBridge.cs:49)
FLOBUK.StoreSimulator.UIShopItemProduct:Initialize (FLOBUK.StoreSimulator.PurchasableScriptableObject) (at Assets/StoreSimulator/Scripts/UIShopItemProduct.cs:48)
FLOBUK.StoreSimulator.UIShopCategory:InstantiateItem (FLOBUK.StoreSimulator.PurchasableScriptableObject) (at Assets/StoreSimulator/Scripts/UIShopCategory.cs:164)
FLOBUK.StoreSimulator.UIShopCategory:AddItems (int) (at Assets/StoreSimulator/Scripts/UIShopCategory.cs:111)
FLOBUK.StoreSimulator.UIShopCategory:Start () (at Assets/StoreSimulator/Scripts/UIShopCategory.cs:74)

(Filename: Assets/Systems/EntrepreneurTree/EntrepreneurTreeProductUnlockAdapter.cs Line: 97)

[EntrepreneurTree] Product locked: Harina requires product_basic_2.
UnityEngine.Debug:ExtractStackTraceNoAlloc (byte*,int,string)
UnityEngine.StackTraceUtility:ExtractStackTrace ()
UnityEngine.DebugLogHandler:Internal_Log (UnityEngine.LogType,UnityEngine.LogOption,string,UnityEngine.Object)
UnityEngine.DebugLogHandler:LogFormat (UnityEngine.LogType,UnityEngine.Object,string,object[])
UnityEngine.Logger:Log (UnityEngine.LogType,object)
UnityEngine.Debug:Log (object)
FLOBUK.StoreSimulator.EntrepreneurTreeProductUnlockAdapter:IsProductUnlocked (FLOBUK.StoreSimulator.ProductScriptableObject) (at Assets/Systems/EntrepreneurTree/EntrepreneurTreeProductUnlockAdapter.cs:97)
FLOBUK.StoreSimulator.EntrepreneurTreeGameplayBridge:IsProductUnlocked (FLOBUK.StoreSimulator.ProductScriptableObject) (at Assets/Systems/EntrepreneurTree/EntrepreneurTreeGameplayBridge.cs:49)
FLOBUK.StoreSimulator.UIShopItemProduct:Initialize (FLOBUK.StoreSimulator.PurchasableScriptableObject) (at Assets/StoreSimulator/Scripts/UIShopItemProduct.cs:48)
FLOBUK.StoreSimulator.UIShopCategory:InstantiateItem (FLOBUK.StoreSimulator.PurchasableScriptableObject) (at Assets/StoreSimulator/Scripts/UIShopCategory.cs:164)
FLOBUK.StoreSimulator.UIShopCategory:AddItems (int) (at Assets/StoreSimulator/Scripts/UIShopCategory.cs:111)
FLOBUK.StoreSimulator.UIShopCategory:Start () (at Assets/StoreSimulator/Scripts/UIShopCategory.cs:74)

(Filename: Assets/Systems/EntrepreneurTree/EntrepreneurTreeProductUnlockAdapter.cs Line: 97)

[EntrepreneurTree] Product locked: Arroz requires product_basic_2.
UnityEngine.Debug:ExtractStackTraceNoAlloc (byte*,int,string)
UnityEngine.StackTraceUtility:ExtractStackTrace ()
UnityEngine.DebugLogHandler:Internal_Log (UnityEngine.LogType,UnityEngine.LogOption,string,UnityEngine.Object)
UnityEngine.DebugLogHandler:LogFormat (UnityEngine.LogType,UnityEngine.Object,string,object[])
UnityEngine.Logger:Log (UnityEngine.LogType,object)
UnityEngine.Debug:Log (object)
FLOBUK.StoreSimulator.EntrepreneurTreeProductUnlockAdapter:IsProductUnlocked (FLOBUK.StoreSimulator.ProductScriptableObject) (at Assets/Systems/EntrepreneurTree/EntrepreneurTreeProductUnlockAdapter.cs:97)
FLOBUK.StoreSimulator.EntrepreneurTreeGameplayBridge:IsProductUnlocked (FLOBUK.StoreSimulator.ProductScriptableObject) (at Assets/Systems/EntrepreneurTree/EntrepreneurTreeGameplayBridge.cs:49)
FLOBUK.StoreSimulator.UIShopItemProduct:Initialize (FLOBUK.StoreSimulator.PurchasableScriptableObject) (at Assets/StoreSimulator/Scripts/UIShopItemProduct.cs:48)
FLOBUK.StoreSimulator.UIShopCategory:InstantiateItem (FLOBUK.StoreSimulator.PurchasableScriptableObject) (at Assets/StoreSimulator/Scripts/UIShopCategory.cs:164)
FLOBUK.StoreSimulator.UIShopCategory:AddItems (int) (at Assets/StoreSimulator/Scripts/UIShopCategory.cs:111)
FLOBUK.StoreSimulator.UIShopCategory:Start () (at Assets/StoreSimulator/Scripts/UIShopCategory.cs:74)

(Filename: Assets/Systems/EntrepreneurTree/EntrepreneurTreeProductUnlockAdapter.cs Line: 97)

[EntrepreneurTree] Product locked: Frijoles requires product_basic_2.
UnityEngine.Debug:ExtractStackTraceNoAlloc (byte*,int,string)
UnityEngine.StackTraceUtility:ExtractStackTrace ()
UnityEngine.DebugLogHandler:Internal_Log (UnityEngine.LogType,UnityEngine.LogOption,string,UnityEngine.Object)
UnityEngine.DebugLogHandler:LogFormat (UnityEngine.LogType,UnityEngine.Object,string,object[])
UnityEngine.Logger:Log (UnityEngine.LogType,object)
UnityEngine.Debug:Log (object)
FLOBUK.StoreSimulator.EntrepreneurTreeProductUnlockAdapter:IsProductUnlocked (FLOBUK.StoreSimulator.ProductScriptableObject) (at Assets/Systems/EntrepreneurTree/EntrepreneurTreeProductUnlockAdapter.cs:97)
FLOBUK.StoreSimulator.EntrepreneurTreeGameplayBridge:IsProductUnlocked (FLOBUK.StoreSimulator.ProductScriptableObject) (at Assets/Systems/EntrepreneurTree/EntrepreneurTreeGameplayBridge.cs:49)
FLOBUK.StoreSimulator.UIShopItemProduct:Initialize (FLOBUK.StoreSimulator.PurchasableScriptableObject) (at Assets/StoreSimulator/Scripts/UIShopItemProduct.cs:48)
FLOBUK.StoreSimulator.UIShopCategory:InstantiateItem (FLOBUK.StoreSimulator.PurchasableScriptableObject) (at Assets/StoreSimulator/Scripts/UIShopCategory.cs:164)
FLOBUK.StoreSimulator.UIShopCategory:AddItems (int) (at Assets/StoreSimulator/Scripts/UIShopCategory.cs:111)
FLOBUK.StoreSimulator.UIShopCategory:Start () (at Assets/StoreSimulator/Scripts/UIShopCategory.cs:74)

(Filename: Assets/Systems/EntrepreneurTree/EntrepreneurTreeProductUnlockAdapter.cs Line: 97)

[EntrepreneurTree] Product locked: Pan requires product_basic_2.
UnityEngine.Debug:ExtractStackTraceNoAlloc (byte*,int,string)
UnityEngine.StackTraceUtility:ExtractStackTrace ()
UnityEngine.DebugLogHandler:Internal_Log (UnityEngine.LogType,UnityEngine.LogOption,string,UnityEngine.Object)
UnityEngine.DebugLogHandler:LogFormat (UnityEngine.LogType,UnityEngine.Object,string,object[])
UnityEngine.Logger:Log (UnityEngine.LogType,object)
UnityEngine.Debug:Log (object)
FLOBUK.StoreSimulator.EntrepreneurTreeProductUnlockAdapter:IsProductUnlocked (FLOBUK.StoreSimulator.ProductScriptableObject) (at Assets/Systems/EntrepreneurTree/EntrepreneurTreeProductUnlockAdapter.cs:97)
FLOBUK.StoreSimulator.EntrepreneurTreeGameplayBridge:IsProductUnlocked (FLOBUK.StoreSimulator.ProductScriptableObject) (at Assets/Systems/EntrepreneurTree/EntrepreneurTreeGameplayBridge.cs:49)
FLOBUK.StoreSimulator.UIShopItemProduct:Initialize (FLOBUK.StoreSimulator.PurchasableScriptableObject) (at Assets/StoreSimulator/Scripts/UIShopItemProduct.cs:48)
FLOBUK.StoreSimulator.UIShopCategory:InstantiateItem (FLOBUK.StoreSimulator.PurchasableScriptableObject) (at Assets/StoreSimulator/Scripts/UIShopCategory.cs:164)
FLOBUK.StoreSimulator.UIShopCategory:AddItems (int) (at Assets/StoreSimulator/Scripts/UIShopCategory.cs:111)
FLOBUK.StoreSimulator.UIShopCategory:Start () (at Assets/StoreSimulator/Scripts/UIShopCategory.cs:74)

(Filename: Assets/Systems/EntrepreneurTree/EntrepreneurTreeProductUnlockAdapter.cs Line: 97)

[EntrepreneurTree] Product locked: Aceite requires product_basic_2.
UnityEngine.Debug:ExtractStackTraceNoAlloc (byte*,int,string)
UnityEngine.StackTraceUtility:ExtractStackTrace ()
UnityEngine.DebugLogHandler:Internal_Log (UnityEngine.LogType,UnityEngine.LogOption,string,UnityEngine.Object)
UnityEngine.DebugLogHandler:LogFormat (UnityEngine.LogType,UnityEngine.Object,string,object[])
UnityEngine.Logger:Log (UnityEngine.LogType,object)
UnityEngine.Debug:Log (object)
FLOBUK.StoreSimulator.EntrepreneurTreeProductUnlockAdapter:IsProductUnlocked (FLOBUK.StoreSimulator.ProductScriptableObject) (at Assets/Systems/EntrepreneurTree/EntrepreneurTreeProductUnlockAdapter.cs:97)
FLOBUK.StoreSimulator.EntrepreneurTreeGameplayBridge:IsProductUnlocked (FLOBUK.StoreSimulator.ProductScriptableObject) (at Assets/Systems/EntrepreneurTree/EntrepreneurTreeGameplayBridge.cs:49)
FLOBUK.StoreSimulator.UIShopItemProduct:Initialize (FLOBUK.StoreSimulator.PurchasableScriptableObject) (at Assets/StoreSimulator/Scripts/UIShopItemProduct.cs:48)
FLOBUK.StoreSimulator.UIShopCategory:InstantiateItem (FLOBUK.StoreSimulator.PurchasableScriptableObject) (at Assets/StoreSimulator/Scripts/UIShopCategory.cs:164)
FLOBUK.StoreSimulator.UIShopCategory:AddItems (int) (at Assets/StoreSimulator/Scripts/UIShopCategory.cs:111)
FLOBUK.StoreSimulator.UIShopCategory:Start () (at Assets/StoreSimulator/Scripts/UIShopCategory.cs:74)

(Filename: Assets/Systems/EntrepreneurTree/EntrepreneurTreeProductUnlockAdapter.cs Line: 97)

[EntrepreneurTree] Product locked: Café requires product_basic_3.
UnityEngine.Debug:ExtractStackTraceNoAlloc (byte*,int,string)
UnityEngine.StackTraceUtility:ExtractStackTrace ()
UnityEngine.DebugLogHandler:Internal_Log (UnityEngine.LogType,UnityEngine.LogOption,string,UnityEngine.Object)
UnityEngine.DebugLogHandler:LogFormat (UnityEngine.LogType,UnityEngine.Object,string,object[])
UnityEngine.Logger:Log (UnityEngine.LogType,object)
UnityEngine.Debug:Log (object)
FLOBUK.StoreSimulator.EntrepreneurTreeProductUnlockAdapter:IsProductUnlocked (FLOBUK.StoreSimulator.ProductScriptableObject) (at Assets/Systems/EntrepreneurTree/EntrepreneurTreeProductUnlockAdapter.cs:97)
FLOBUK.StoreSimulator.EntrepreneurTreeGameplayBridge:IsProductUnlocked (FLOBUK.StoreSimulator.ProductScriptableObject) (at Assets/Systems/EntrepreneurTree/EntrepreneurTreeGameplayBridge.cs:49)
FLOBUK.StoreSimulator.UIShopItemProduct:Initialize (FLOBUK.StoreSimulator.PurchasableScriptableObject) (at Assets/StoreSimulator/Scripts/UIShopItemProduct.cs:48)
FLOBUK.StoreSimulator.UIShopCategory:InstantiateItem (FLOBUK.StoreSimulator.PurchasableScriptableObject) (at Assets/StoreSimulator/Scripts/UIShopCategory.cs:164)
FLOBUK.StoreSimulator.UIShopCategory:AddItems (int) (at Assets/StoreSimulator/Scripts/UIShopCategory.cs:111)
FLOBUK.StoreSimulator.UIShopCategory:Start () (at Assets/StoreSimulator/Scripts/UIShopCategory.cs:74)

(Filename: Assets/Systems/EntrepreneurTree/EntrepreneurTreeProductUnlockAdapter.cs Line: 97)

[EntrepreneurTree] Product locked: Huevo requires product_basic_3.
UnityEngine.Debug:ExtractStackTraceNoAlloc (byte*,int,string)
UnityEngine.StackTraceUtility:ExtractStackTrace ()
UnityEngine.DebugLogHandler:Internal_Log (UnityEngine.LogType,UnityEngine.LogOption,string,UnityEngine.Object)
UnityEngine.DebugLogHandler:LogFormat (UnityEngine.LogType,UnityEngine.Object,string,object[])
UnityEngine.Logger:Log (UnityEngine.LogType,object)
UnityEngine.Debug:Log (object)
FLOBUK.StoreSimulator.EntrepreneurTreeProductUnlockAdapter:IsProductUnlocked (FLOBUK.StoreSimulator.ProductScriptableObject) (at Assets/Systems/EntrepreneurTree/EntrepreneurTreeProductUnlockAdapter.cs:97)
FLOBUK.StoreSimulator.EntrepreneurTreeGameplayBridge:IsProductUnlocked (FLOBUK.StoreSimulator.ProductScriptableObject) (at Assets/Systems/EntrepreneurTree/EntrepreneurTreeGameplayBridge.cs:49)
FLOBUK.StoreSimulator.UIShopItemProduct:Initialize (FLOBUK.StoreSimulator.PurchasableScriptableObject) (at Assets/StoreSimulator/Scripts/UIShopItemProduct.cs:48)
FLOBUK.StoreSimulator.UIShopCategory:InstantiateItem (FLOBUK.StoreSimulator.PurchasableScriptableObject) (at Assets/StoreSimulator/Scripts/UIShopCategory.cs:164)
FLOBUK.StoreSimulator.UIShopCategory:AddItems (int) (at Assets/StoreSimulator/Scripts/UIShopCategory.cs:111)
FLOBUK.StoreSimulator.UIShopCategory:Start () (at Assets/StoreSimulator/Scripts/UIShopCategory.cs:74)

(Filename: Assets/Systems/EntrepreneurTree/EntrepreneurTreeProductUnlockAdapter.cs Line: 97)

[EntrepreneurTree] Product locked: Cheddar requires product_dairy_1.
UnityEngine.Debug:ExtractStackTraceNoAlloc (byte*,int,string)
UnityEngine.StackTraceUtility:ExtractStackTrace ()
UnityEngine.DebugLogHandler:Internal_Log (UnityEngine.LogType,UnityEngine.LogOption,string,UnityEngine.Object)
UnityEngine.DebugLogHandler:LogFormat (UnityEngine.LogType,UnityEngine.Object,string,object[])
UnityEngine.Logger:Log (UnityEngine.LogType,object)
UnityEngine.Debug:Log (object)
FLOBUK.StoreSimulator.EntrepreneurTreeProductUnlockAdapter:IsProductUnlocked (FLOBUK.StoreSimulator.ProductScriptableObject) (at Assets/Systems/EntrepreneurTree/EntrepreneurTreeProductUnlockAdapter.cs:97)
FLOBUK.StoreSimulator.EntrepreneurTreeGameplayBridge:IsProductUnlocked (FLOBUK.StoreSimulator.ProductScriptableObject) (at Assets/Systems/EntrepreneurTree/EntrepreneurTreeGameplayBridge.cs:49)
FLOBUK.StoreSimulator.UIShopItemProduct:Initialize (FLOBUK.StoreSimulator.PurchasableScriptableObject) (at Assets/StoreSimulator/Scripts/UIShopItemProduct.cs:48)
FLOBUK.StoreSimulator.UIShopCategory:InstantiateItem (FLOBUK.StoreSimulator.PurchasableScriptableObject) (at Assets/StoreSimulator/Scripts/UIShopCategory.cs:164)
FLOBUK.StoreSimulator.UIShopCategory:AddItems (int) (at Assets/StoreSimulator/Scripts/UIShopCategory.cs:111)
FLOBUK.StoreSimulator.UIShopCategory:Start () (at Assets/StoreSimulator/Scripts/UIShopCategory.cs:74)

(Filename: Assets/Systems/EntrepreneurTree/EntrepreneurTreeProductUnlockAdapter.cs Line: 97)

[EntrepreneurTree] Product locked: Yogurt natural requires product_dairy_1.
UnityEngine.Debug:ExtractStackTraceNoAlloc (byte*,int,string)
UnityEngine.StackTraceUtility:ExtractStackTrace ()
UnityEngine.DebugLogHandler:Internal_Log (UnityEngine.LogType,UnityEngine.LogOption,string,UnityEngine.Object)
UnityEngine.DebugLogHandler:LogFormat (UnityEngine.LogType,UnityEngine.Object,string,object[])
UnityEngine.Logger:Log (UnityEngine.LogType,object)
UnityEngine.Debug:Log (object)
FLOBUK.StoreSimulator.EntrepreneurTreeProductUnlockAdapter:IsProductUnlocked (FLOBUK.StoreSimulator.ProductScriptableObject) (at Assets/Systems/EntrepreneurTree/EntrepreneurTreeProductUnlockAdapter.cs:97)
FLOBUK.StoreSimulator.EntrepreneurTreeGameplayBridge:IsProductUnlocked (FLOBUK.StoreSimulator.ProductScriptableObject) (at Assets/Systems/EntrepreneurTree/EntrepreneurTreeGameplayBridge.cs:49)
FLOBUK.StoreSimulator.UIShopItemProduct:Initialize (FLOBUK.StoreSimulator.PurchasableScriptableObject) (at Assets/StoreSimulator/Scripts/UIShopItemProduct.cs:48)
FLOBUK.StoreSimulator.UIShopCategory:InstantiateItem (FLOBUK.StoreSimulator.PurchasableScriptableObject) (at Assets/StoreSimulator/Scripts/UIShopCategory.cs:164)
FLOBUK.StoreSimulator.UIShopCategory:AddItems (int) (at Assets/StoreSimulator/Scripts/UIShopCategory.cs:111)
FLOBUK.StoreSimulator.UIShopCategory:Start () (at Assets/StoreSimulator/Scripts/UIShopCategory.cs:74)

(Filename: Assets/Systems/EntrepreneurTree/EntrepreneurTreeProductUnlockAdapter.cs Line: 97)

[EntrepreneurTree] Product locked: Mantequilla requires product_dairy_1.
UnityEngine.Debug:ExtractStackTraceNoAlloc (byte*,int,string)
UnityEngine.StackTraceUtility:ExtractStackTrace ()
UnityEngine.DebugLogHandler:Internal_Log (UnityEngine.LogType,UnityEngine.LogOption,string,UnityEngine.Object)
UnityEngine.DebugLogHandler:LogFormat (UnityEngine.LogType,UnityEngine.Object,string,object[])
UnityEngine.Logger:Log (UnityEngine.LogType,object)
UnityEngine.Debug:Log (object)
FLOBUK.StoreSimulator.EntrepreneurTreeProductUnlockAdapter:IsProductUnlocked (FLOBUK.StoreSimulator.ProductScriptableObject) (at Assets/Systems/EntrepreneurTree/EntrepreneurTreeProductUnlockAdapter.cs:97)
FLOBUK.StoreSimulator.EntrepreneurTreeGameplayBridge:IsProductUnlocked (FLOBUK.StoreSimulator.ProductScriptableObject) (at Assets/Systems/EntrepreneurTree/EntrepreneurTreeGameplayBridge.cs:49)
FLOBUK.StoreSimulator.UIShopItemProduct:Initialize (FLOBUK.StoreSimulator.PurchasableScriptableObject) (at Assets/StoreSimulator/Scripts/UIShopItemProduct.cs:48)
FLOBUK.StoreSimulator.UIShopCategory:InstantiateItem (FLOBUK.StoreSimulator.PurchasableScriptableObject) (at Assets/StoreSimulator/Scripts/UIShopCategory.cs:164)
FLOBUK.StoreSimulator.UIShopCategory:AddItems (int) (at Assets/StoreSimulator/Scripts/UIShopCategory.cs:111)
FLOBUK.StoreSimulator.UIShopCategory:Start () (at Assets/StoreSimulator/Scripts/UIShopCategory.cs:74)

(Filename: Assets/Systems/EntrepreneurTree/EntrepreneurTreeProductUnlockAdapter.cs Line: 97)

[EntrepreneurTree] Product locked: Queso americano requires product_dairy_2.
UnityEngine.Debug:ExtractStackTraceNoAlloc (byte*,int,string)
UnityEngine.StackTraceUtility:ExtractStackTrace ()
UnityEngine.DebugLogHandler:Internal_Log (UnityEngine.LogType,UnityEngine.LogOption,string,UnityEngine.Object)
UnityEngine.DebugLogHandler:LogFormat (UnityEngine.LogType,UnityEngine.Object,string,object[])
UnityEngine.Logger:Log (UnityEngine.LogType,object)
UnityEngine.Debug:Log (object)
FLOBUK.StoreSimulator.EntrepreneurTreeProductUnlockAdapter:IsProductUnlocked (FLOBUK.StoreSimulator.ProductScriptableObject) (at Assets/Systems/EntrepreneurTree/EntrepreneurTreeProductUnlockAdapter.cs:97)
FLOBUK.StoreSimulator.EntrepreneurTreeGameplayBridge:IsProductUnlocked (FLOBUK.StoreSimulator.ProductScriptableObject) (at Assets/Systems/EntrepreneurTree/EntrepreneurTreeGameplayBridge.cs:49)
FLOBUK.StoreSimulator.UIShopItemProduct:Initialize (FLOBUK.StoreSimulator.PurchasableScriptableObject) (at Assets/StoreSimulator/Scripts/UIShopItemProduct.cs:48)
FLOBUK.StoreSimulator.UIShopCategory:InstantiateItem (FLOBUK.StoreSimulator.PurchasableScriptableObject) (at Assets/StoreSimulator/Scripts/UIShopCategory.cs:164)
FLOBUK.StoreSimulator.UIShopCategory:AddItems (int) (at Assets/StoreSimulator/Scripts/UIShopCategory.cs:111)
FLOBUK.StoreSimulator.UIShopCategory:Start () (at Assets/StoreSimulator/Scripts/UIShopCategory.cs:74)

(Filename: Assets/Systems/EntrepreneurTree/EntrepreneurTreeProductUnlockAdapter.cs Line: 97)

[EntrepreneurTree] Product locked: Queso crema requires product_dairy_2.
UnityEngine.Debug:ExtractStackTraceNoAlloc (byte*,int,string)
UnityEngine.StackTraceUtility:ExtractStackTrace ()
UnityEngine.DebugLogHandler:Internal_Log (UnityEngine.LogType,UnityEngine.LogOption,string,UnityEngine.Object)
UnityEngine.DebugLogHandler:LogFormat (UnityEngine.LogType,UnityEngine.Object,string,object[])
UnityEngine.Logger:Log (UnityEngine.LogType,object)
UnityEngine.Debug:Log (object)
FLOBUK.StoreSimulator.EntrepreneurTreeProductUnlockAdapter:IsProductUnlocked (FLOBUK.StoreSimulator.ProductScriptableObject) (at Assets/Systems/EntrepreneurTree/EntrepreneurTreeProductUnlockAdapter.cs:97)
FLOBUK.StoreSimulator.EntrepreneurTreeGameplayBridge:IsProductUnlocked (FLOBUK.StoreSimulator.ProductScriptableObject) (at Assets/Systems/EntrepreneurTree/EntrepreneurTreeGameplayBridge.cs:49)
FLOBUK.StoreSimulator.UIShopItemProduct:Initialize (FLOBUK.StoreSimulator.PurchasableScriptableObject) (at Assets/StoreSimulator/Scripts/UIShopItemProduct.cs:48)
FLOBUK.StoreSimulator.UIShopCategory:InstantiateItem (FLOBUK.StoreSimulator.PurchasableScriptableObject) (at Assets/StoreSimulator/Scripts/UIShopCategory.cs:164)
FLOBUK.StoreSimulator.UIShopCategory:AddItems (int) (at Assets/StoreSimulator/Scripts/UIShopCategory.cs:111)
FLOBUK.StoreSimulator.UIShopCategory:Start () (at Assets/StoreSimulator/Scripts/UIShopCategory.cs:74)

(Filename: Assets/Systems/EntrepreneurTree/EntrepreneurTreeProductUnlockAdapter.cs Line: 97)

[EntrepreneurTree] Product locked: Mozzarella requires product_dairy_3.
UnityEngine.Debug:ExtractStackTraceNoAlloc (byte*,int,string)
UnityEngine.StackTraceUtility:ExtractStackTrace ()
UnityEngine.DebugLogHandler:Internal_Log (UnityEngine.LogType,UnityEngine.LogOption,string,UnityEngine.Object)
UnityEngine.DebugLogHandler:LogFormat (UnityEngine.LogType,UnityEngine.Object,string,object[])
UnityEngine.Logger:Log (UnityEngine.LogType,object)
UnityEngine.Debug:Log (object)
FLOBUK.StoreSimulator.EntrepreneurTreeProductUnlockAdapter:IsProductUnlocked (FLOBUK.StoreSimulator.ProductScriptableObject) (at Assets/Systems/EntrepreneurTree/EntrepreneurTreeProductUnlockAdapter.cs:97)
FLOBUK.StoreSimulator.EntrepreneurTreeGameplayBridge:IsProductUnlocked (FLOBUK.StoreSimulator.ProductScriptableObject) (at Assets/Systems/EntrepreneurTree/EntrepreneurTreeGameplayBridge.cs:49)
FLOBUK.StoreSimulator.UIShopItemProduct:Initialize (FLOBUK.StoreSimulator.PurchasableScriptableObject) (at Assets/StoreSimulator/Scripts/UIShopItemProduct.cs:48)
FLOBUK.StoreSimulator.UIShopCategory:InstantiateItem (FLOBUK.StoreSimulator.PurchasableScriptableObject) (at Assets/StoreSimulator/Scripts/UIShopCategory.cs:164)
FLOBUK.StoreSimulator.UIShopCategory:AddItems (int) (at Assets/StoreSimulator/Scripts/UIShopCategory.cs:111)
FLOBUK.StoreSimulator.UIShopCategory:Start () (at Assets/StoreSimulator/Scripts/UIShopCategory.cs:74)

(Filename: Assets/Systems/EntrepreneurTree/EntrepreneurTreeProductUnlockAdapter.cs Line: 97)

[EntrepreneurTree] Product locked: Parmesano requires product_dairy_3.
UnityEngine.Debug:ExtractStackTraceNoAlloc (byte*,int,string)
UnityEngine.StackTraceUtility:ExtractStackTrace ()
UnityEngine.DebugLogHandler:Internal_Log (UnityEngine.LogType,UnityEngine.LogOption,string,UnityEngine.Object)
UnityEngine.DebugLogHandler:LogFormat (UnityEngine.LogType,UnityEngine.Object,string,object[])
UnityEngine.Logger:Log (UnityEngine.LogType,object)
UnityEngine.Debug:Log (object)
FLOBUK.StoreSimulator.EntrepreneurTreeProductUnlockAdapter:IsProductUnlocked (FLOBUK.StoreSimulator.ProductScriptableObject) (at Assets/Systems/EntrepreneurTree/EntrepreneurTreeProductUnlockAdapter.cs:97)
FLOBUK.StoreSimulator.EntrepreneurTreeGameplayBridge:IsProductUnlocked (FLOBUK.StoreSimulator.ProductScriptableObject) (at Assets/Systems/EntrepreneurTree/EntrepreneurTreeGameplayBridge.cs:49)
FLOBUK.StoreSimulator.UIShopItemProduct:Initialize (FLOBUK.StoreSimulator.PurchasableScriptableObject) (at Assets/StoreSimulator/Scripts/UIShopItemProduct.cs:48)
FLOBUK.StoreSimulator.UIShopCategory:InstantiateItem (FLOBUK.StoreSimulator.PurchasableScriptableObject) (at Assets/StoreSimulator/Scripts/UIShopCategory.cs:164)
FLOBUK.StoreSimulator.UIShopCategory:AddItems (int) (at Assets/StoreSimulator/Scripts/UIShopCategory.cs:111)
FLOBUK.StoreSimulator.UIShopCategory:Start () (at Assets/StoreSimulator/Scripts/UIShopCategory.cs:74)

(Filename: Assets/Systems/EntrepreneurTree/EntrepreneurTreeProductUnlockAdapter.cs Line: 97)

[EntrepreneurTree] Product locked: Pimienta negra requires product_spices_1.
UnityEngine.Debug:ExtractStackTraceNoAlloc (byte*,int,string)
UnityEngine.StackTraceUtility:ExtractStackTrace ()
UnityEngine.DebugLogHandler:Internal_Log (UnityEngine.LogType,UnityEngine.LogOption,string,UnityEngine.Object)
UnityEngine.DebugLogHandler:LogFormat (UnityEngine.LogType,UnityEngine.Object,string,object[])
UnityEngine.Logger:Log (UnityEngine.LogType,object)
UnityEngine.Debug:Log (object)
FLOBUK.StoreSimulator.EntrepreneurTreeProductUnlockAdapter:IsProductUnlocked (FLOBUK.StoreSimulator.ProductScriptableObject) (at Assets/Systems/EntrepreneurTree/EntrepreneurTreeProductUnlockAdapter.cs:97)
FLOBUK.StoreSimulator.EntrepreneurTreeGameplayBridge:IsProductUnlocked (FLOBUK.StoreSimulator.ProductScriptableObject) (at Assets/Systems/EntrepreneurTree/EntrepreneurTreeGameplayBridge.cs:49)
FLOBUK.StoreSimulator.UIShopItemProduct:Initialize (FLOBUK.StoreSimulator.PurchasableScriptableObject) (at Assets/StoreSimulator/Scripts/UIShopItemProduct.cs:48)
FLOBUK.StoreSimulator.UIShopCategory:InstantiateItem (FLOBUK.StoreSimulator.PurchasableScriptableObject) (at Assets/StoreSimulator/Scripts/UIShopCategory.cs:164)
FLOBUK.StoreSimulator.UIShopCategory:AddItems (int) (at Assets/StoreSimulator/Scripts/UIShopCategory.cs:111)
FLOBUK.StoreSimulator.UIShopCategory:Start () (at Assets/StoreSimulator/Scripts/UIShopCategory.cs:74)

(Filename: Assets/Systems/EntrepreneurTree/EntrepreneurTreeProductUnlockAdapter.cs Line: 97)

[EntrepreneurTree] Product locked: Canela requires product_spices_1.
UnityEngine.Debug:ExtractStackTraceNoAlloc (byte*,int,string)
UnityEngine.StackTraceUtility:ExtractStackTrace ()
UnityEngine.DebugLogHandler:Internal_Log (UnityEngine.LogType,UnityEngine.LogOption,string,UnityEngine.Object)
UnityEngine.DebugLogHandler:LogFormat (UnityEngine.LogType,UnityEngine.Object,string,object[])
UnityEngine.Logger:Log (UnityEngine.LogType,object)
UnityEngine.Debug:Log (object)
FLOBUK.StoreSimulator.EntrepreneurTreeProductUnlockAdapter:IsProductUnlocked (FLOBUK.StoreSimulator.ProductScriptableObject) (at Assets/Systems/EntrepreneurTree/EntrepreneurTreeProductUnlockAdapter.cs:97)
FLOBUK.StoreSimulator.EntrepreneurTreeGameplayBridge:IsProductUnlocked (FLOBUK.StoreSimulator.ProductScriptableObject) (at Assets/Systems/EntrepreneurTree/EntrepreneurTreeGameplayBridge.cs:49)
FLOBUK.StoreSimulator.UIShopItemProduct:Initialize (FLOBUK.StoreSimulator.PurchasableScriptableObject) (at Assets/StoreSimulator/Scripts/UIShopItemProduct.cs:48)
FLOBUK.StoreSimulator.UIShopCategory:InstantiateItem (FLOBUK.StoreSimulator.PurchasableScriptableObject) (at Assets/StoreSimulator/Scripts/UIShopCategory.cs:164)
FLOBUK.StoreSimulator.UIShopCategory:AddItems (int) (at Assets/StoreSimulator/Scripts/UIShopCategory.cs:111)
FLOBUK.StoreSimulator.UIShopCategory:Start () (at Assets/StoreSimulator/Scripts/UIShopCategory.cs:74)

(Filename: Assets/Systems/EntrepreneurTree/EntrepreneurTreeProductUnlockAdapter.cs Line: 97)

[EntrepreneurTree] Product locked: Manzana requires product_fresh_1.
UnityEngine.Debug:ExtractStackTraceNoAlloc (byte*,int,string)
UnityEngine.StackTraceUtility:ExtractStackTrace ()
UnityEngine.DebugLogHandler:Internal_Log (UnityEngine.LogType,UnityEngine.LogOption,string,UnityEngine.Object)
UnityEngine.DebugLogHandler:LogFormat (UnityEngine.LogType,UnityEngine.Object,string,object[])
UnityEngine.Logger:Log (UnityEngine.LogType,object)
UnityEngine.Debug:Log (object)
FLOBUK.StoreSimulator.EntrepreneurTreeProductUnlockAdapter:IsProductUnlocked (FLOBUK.StoreSimulator.ProductScriptableObject) (at Assets/Systems/EntrepreneurTree/EntrepreneurTreeProductUnlockAdapter.cs:97)
FLOBUK.StoreSimulator.EntrepreneurTreeGameplayBridge:IsProductUnlocked (FLOBUK.StoreSimulator.ProductScriptableObject) (at Assets/Systems/EntrepreneurTree/EntrepreneurTreeGameplayBridge.cs:49)
FLOBUK.StoreSimulator.UIShopItemProduct:Initialize (FLOBUK.StoreSimulator.PurchasableScriptableObject) (at Assets/StoreSimulator/Scripts/UIShopItemProduct.cs:48)
FLOBUK.StoreSimulator.UIShopCategory:InstantiateItem (FLOBUK.StoreSimulator.PurchasableScriptableObject) (at Assets/StoreSimulator/Scripts/UIShopCategory.cs:164)
FLOBUK.StoreSimulator.UIShopCategory:AddItems (int) (at Assets/StoreSimulator/Scripts/UIShopCategory.cs:111)
FLOBUK.StoreSimulator.UIShopCategory:Start () (at Assets/StoreSimulator/Scripts/UIShopCategory.cs:74)

(Filename: Assets/Systems/EntrepreneurTree/EntrepreneurTreeProductUnlockAdapter.cs Line: 97)

[EntrepreneurTree] Product locked: Plátano requires product_fresh_1.
UnityEngine.Debug:ExtractStackTraceNoAlloc (byte*,int,string)
UnityEngine.StackTraceUtility:ExtractStackTrace ()
UnityEngine.DebugLogHandler:Internal_Log (UnityEngine.LogType,UnityEngine.LogOption,string,UnityEngine.Object)
UnityEngine.DebugLogHandler:LogFormat (UnityEngine.LogType,UnityEngine.Object,string,object[])
UnityEngine.Logger:Log (UnityEngine.LogType,object)
UnityEngine.Debug:Log (object)
FLOBUK.StoreSimulator.EntrepreneurTreeProductUnlockAdapter:IsProductUnlocked (FLOBUK.StoreSimulator.ProductScriptableObject) (at Assets/Systems/EntrepreneurTree/EntrepreneurTreeProductUnlockAdapter.cs:97)
FLOBUK.StoreSimulator.EntrepreneurTreeGameplayBridge:IsProductUnlocked (FLOBUK.StoreSimulator.ProductScriptableObject) (at Assets/Systems/EntrepreneurTree/EntrepreneurTreeGameplayBridge.cs:49)
FLOBUK.StoreSimulator.UIShopItemProduct:Initialize (FLOBUK.StoreSimulator.PurchasableScriptableObject) (at Assets/StoreSimulator/Scripts/UIShopItemProduct.cs:48)
FLOBUK.StoreSimulator.UIShopCategory:InstantiateItem (FLOBUK.StoreSimulator.PurchasableScriptableObject) (at Assets/StoreSimulator/Scripts/UIShopCategory.cs:164)
FLOBUK.StoreSimulator.UIShopCategory:AddItems (int) (at Assets/StoreSimulator/Scripts/UIShopCategory.cs:111)
FLOBUK.StoreSimulator.UIShopCategory:Start () (at Assets/StoreSimulator/Scripts/UIShopCategory.cs:74)

(Filename: Assets/Systems/EntrepreneurTree/EntrepreneurTreeProductUnlockAdapter.cs Line: 97)

[EntrepreneurTree] Product locked: Jitomate requires product_fresh_1.
UnityEngine.Debug:ExtractStackTraceNoAlloc (byte*,int,string)
UnityEngine.StackTraceUtility:ExtractStackTrace ()
UnityEngine.DebugLogHandler:Internal_Log (UnityEngine.LogType,UnityEngine.LogOption,string,UnityEngine.Object)
UnityEngine.DebugLogHandler:LogFormat (UnityEngine.LogType,UnityEngine.Object,string,object[])
UnityEngine.Logger:Log (UnityEngine.LogType,object)
UnityEngine.Debug:Log (object)
FLOBUK.StoreSimulator.EntrepreneurTreeProductUnlockAdapter:IsProductUnlocked (FLOBUK.StoreSimulator.ProductScriptableObject) (at Assets/Systems/EntrepreneurTree/EntrepreneurTreeProductUnlockAdapter.cs:97)
FLOBUK.StoreSimulator.EntrepreneurTreeGameplayBridge:IsProductUnlocked (FLOBUK.StoreSimulator.ProductScriptableObject) (at Assets/Systems/EntrepreneurTree/EntrepreneurTreeGameplayBridge.cs:49)
FLOBUK.StoreSimulator.UIShopItemProduct:Initialize (FLOBUK.StoreSimulator.PurchasableScriptableObject) (at Assets/StoreSimulator/Scripts/UIShopItemProduct.cs:48)
FLOBUK.StoreSimulator.UIShopCategory:InstantiateItem (FLOBUK.StoreSimulator.PurchasableScriptableObject) (at Assets/StoreSimulator/Scripts/UIShopCategory.cs:164)
FLOBUK.StoreSimulator.UIShopCategory:AddItems (int) (at Assets/StoreSimulator/Scripts/UIShopCategory.cs:111)
FLOBUK.StoreSimulator.UIShopCategory:Start () (at Assets/StoreSimulator/Scripts/UIShopCategory.cs:74)

(Filename: Assets/Systems/EntrepreneurTree/EntrepreneurTreeProductUnlockAdapter.cs Line: 97)

[EntrepreneurTree] Product locked: Cebolla requires product_fresh_1.
UnityEngine.Debug:ExtractStackTraceNoAlloc (byte*,int,string)
UnityEngine.StackTraceUtility:ExtractStackTrace ()
UnityEngine.DebugLogHandler:Internal_Log (UnityEngine.LogType,UnityEngine.LogOption,string,UnityEngine.Object)
UnityEngine.DebugLogHandler:LogFormat (UnityEngine.LogType,UnityEngine.Object,string,object[])
UnityEngine.Logger:Log (UnityEngine.LogType,object)
UnityEngine.Debug:Log (object)
FLOBUK.StoreSimulator.EntrepreneurTreeProductUnlockAdapter:IsProductUnlocked (FLOBUK.StoreSimulator.ProductScriptableObject) (at Assets/Systems/EntrepreneurTree/EntrepreneurTreeProductUnlockAdapter.cs:97)
FLOBUK.StoreSimulator.EntrepreneurTreeGameplayBridge:IsProductUnlocked (FLOBUK.StoreSimulator.ProductScriptableObject) (at Assets/Systems/EntrepreneurTree/EntrepreneurTreeGameplayBridge.cs:49)
FLOBUK.StoreSimulator.UIShopItemProduct:Initialize (FLOBUK.StoreSimulator.PurchasableScriptableObject) (at Assets/StoreSimulator/Scripts/UIShopItemProduct.cs:48)
FLOBUK.StoreSimulator.UIShopCategory:InstantiateItem (FLOBUK.StoreSimulator.PurchasableScriptableObject) (at Assets/StoreSimulator/Scripts/UIShopCategory.cs:164)
FLOBUK.StoreSimulator.UIShopCategory:AddItems (int) (at Assets/StoreSimulator/Scripts/UIShopCategory.cs:111)
FLOBUK.StoreSimulator.UIShopCategory:Start () (at Assets/StoreSimulator/Scripts/UIShopCategory.cs:74)

(Filename: Assets/Systems/EntrepreneurTree/EntrepreneurTreeProductUnlockAdapter.cs Line: 97)

[EntrepreneurTree] Product locked: Uvas requires product_fresh_2.
UnityEngine.Debug:ExtractStackTraceNoAlloc (byte*,int,string)
UnityEngine.StackTraceUtility:ExtractStackTrace ()
UnityEngine.DebugLogHandler:Internal_Log (UnityEngine.LogType,UnityEngine.LogOption,string,UnityEngine.Object)
UnityEngine.DebugLogHandler:LogFormat (UnityEngine.LogType,UnityEngine.Object,string,object[])
UnityEngine.Logger:Log (UnityEngine.LogType,object)
UnityEngine.Debug:Log (object)
FLOBUK.StoreSimulator.EntrepreneurTreeProductUnlockAdapter:IsProductUnlocked (FLOBUK.StoreSimulator.ProductScriptableObject) (at Assets/Systems/EntrepreneurTree/EntrepreneurTreeProductUnlockAdapter.cs:97)
FLOBUK.StoreSimulator.EntrepreneurTreeGameplayBridge:IsProductUnlocked (FLOBUK.StoreSimulator.ProductScriptableObject) (at Assets/Systems/EntrepreneurTree/EntrepreneurTreeGameplayBridge.cs:49)
FLOBUK.StoreSimulator.UIShopItemProduct:Initialize (FLOBUK.StoreSimulator.PurchasableScriptableObject) (at Assets/StoreSimulator/Scripts/UIShopItemProduct.cs:48)
FLOBUK.StoreSimulator.UIShopCategory:InstantiateItem (FLOBUK.StoreSimulator.PurchasableScriptableObject) (at Assets/StoreSimulator/Scripts/UIShopCategory.cs:164)
FLOBUK.StoreSimulator.UIShopCategory:AddItems (int) (at Assets/StoreSimulator/Scripts/UIShopCategory.cs:111)
FLOBUK.StoreSimulator.UIShopCategory:Start () (at Assets/StoreSimulator/Scripts/UIShopCategory.cs:74)

(Filename: Assets/Systems/EntrepreneurTree/EntrepreneurTreeProductUnlockAdapter.cs Line: 97)

[EntrepreneurTree] Product locked: Zanahorias requires product_fresh_2.
UnityEngine.Debug:ExtractStackTraceNoAlloc (byte*,int,string)
UnityEngine.StackTraceUtility:ExtractStackTrace ()
UnityEngine.DebugLogHandler:Internal_Log (UnityEngine.LogType,UnityEngine.LogOption,string,UnityEngine.Object)
UnityEngine.DebugLogHandler:LogFormat (UnityEngine.LogType,UnityEngine.Object,string,object[])
UnityEngine.Logger:Log (UnityEngine.LogType,object)
UnityEngine.Debug:Log (object)
FLOBUK.StoreSimulator.EntrepreneurTreeProductUnlockAdapter:IsProductUnlocked (FLOBUK.StoreSimulator.ProductScriptableObject) (at Assets/Systems/EntrepreneurTree/EntrepreneurTreeProductUnlockAdapter.cs:97)
FLOBUK.StoreSimulator.EntrepreneurTreeGameplayBridge:IsProductUnlocked (FLOBUK.StoreSimulator.ProductScriptableObject) (at Assets/Systems/EntrepreneurTree/EntrepreneurTreeGameplayBridge.cs:49)
FLOBUK.StoreSimulator.UIShopItemProduct:Initialize (FLOBUK.StoreSimulator.PurchasableScriptableObject) (at Assets/StoreSimulator/Scripts/UIShopItemProduct.cs:48)
FLOBUK.StoreSimulator.UIShopCategory:InstantiateItem (FLOBUK.StoreSimulator.PurchasableScriptableObject) (at Assets/StoreSimulator/Scripts/UIShopCategory.cs:164)
FLOBUK.StoreSimulator.UIShopCategory:AddItems (int) (at Assets/StoreSimulator/Scripts/UIShopCategory.cs:111)
FLOBUK.StoreSimulator.UIShopCategory:Start () (at Assets/StoreSimulator/Scripts/UIShopCategory.cs:74)

(Filename: Assets/Systems/EntrepreneurTree/EntrepreneurTreeProductUnlockAdapter.cs Line: 97)

[EntrepreneurTree] Product locked: Ajo requires product_fresh_2.
UnityEngine.Debug:ExtractStackTraceNoAlloc (byte*,int,string)
UnityEngine.StackTraceUtility:ExtractStackTrace ()
UnityEngine.DebugLogHandler:Internal_Log (UnityEngine.LogType,UnityEngine.LogOption,string,UnityEngine.Object)
UnityEngine.DebugLogHandler:LogFormat (UnityEngine.LogType,UnityEngine.Object,string,object[])
UnityEngine.Logger:Log (UnityEngine.LogType,object)
UnityEngine.Debug:Log (object)
FLOBUK.StoreSimulator.EntrepreneurTreeProductUnlockAdapter:IsProductUnlocked (FLOBUK.StoreSimulator.ProductScriptableObject) (at Assets/Systems/EntrepreneurTree/EntrepreneurTreeProductUnlockAdapter.cs:97)
FLOBUK.StoreSimulator.EntrepreneurTreeGameplayBridge:IsProductUnlocked (FLOBUK.StoreSimulator.ProductScriptableObject) (at Assets/Systems/EntrepreneurTree/EntrepreneurTreeGameplayBridge.cs:49)
FLOBUK.StoreSimulator.UIShopItemProduct:Initialize (FLOBUK.StoreSimulator.PurchasableScriptableObject) (at Assets/StoreSimulator/Scripts/UIShopItemProduct.cs:48)
FLOBUK.StoreSimulator.UIShopCategory:InstantiateItem (FLOBUK.StoreSimulator.PurchasableScriptableObject) (at Assets/StoreSimulator/Scripts/UIShopCategory.cs:164)
FLOBUK.StoreSimulator.UIShopCategory:AddItems (int) (at Assets/StoreSimulator/Scripts/UIShopCategory.cs:111)
FLOBUK.StoreSimulator.UIShopCategory:Start () (at Assets/StoreSimulator/Scripts/UIShopCategory.cs:74)

(Filename: Assets/Systems/EntrepreneurTree/EntrepreneurTreeProductUnlockAdapter.cs Line: 97)

[EntrepreneurTree] Product locked: Jabón requires product_hygiene.
UnityEngine.Debug:ExtractStackTraceNoAlloc (byte*,int,string)
UnityEngine.StackTraceUtility:ExtractStackTrace ()
UnityEngine.DebugLogHandler:Internal_Log (UnityEngine.LogType,UnityEngine.LogOption,string,UnityEngine.Object)
UnityEngine.DebugLogHandler:LogFormat (UnityEngine.LogType,UnityEngine.Object,string,object[])
UnityEngine.Logger:Log (UnityEngine.LogType,object)
UnityEngine.Debug:Log (object)
FLOBUK.StoreSimulator.EntrepreneurTreeProductUnlockAdapter:IsProductUnlocked (FLOBUK.StoreSimulator.ProductScriptableObject) (at Assets/Systems/EntrepreneurTree/EntrepreneurTreeProductUnlockAdapter.cs:97)
FLOBUK.StoreSimulator.EntrepreneurTreeGameplayBridge:IsProductUnlocked (FLOBUK.StoreSimulator.ProductScriptableObject) (at Assets/Systems/EntrepreneurTree/EntrepreneurTreeGameplayBridge.cs:49)
FLOBUK.StoreSimulator.UIShopItemProduct:Initialize (FLOBUK.StoreSimulator.PurchasableScriptableObject) (at Assets/StoreSimulator/Scripts/UIShopItemProduct.cs:48)
FLOBUK.StoreSimulator.UIShopCategory:InstantiateItem (FLOBUK.StoreSimulator.PurchasableScriptableObject) (at Assets/StoreSimulator/Scripts/UIShopCategory.cs:164)
FLOBUK.StoreSimulator.UIShopCategory:AddItems (int) (at Assets/StoreSimulator/Scripts/UIShopCategory.cs:111)
FLOBUK.StoreSimulator.UIShopCategory:Start () (at Assets/StoreSimulator/Scripts/UIShopCategory.cs:74)

(Filename: Assets/Systems/EntrepreneurTree/EntrepreneurTreeProductUnlockAdapter.cs Line: 97)

[EntrepreneurTree] Product locked: Papel higiénico requires product_hygiene.
UnityEngine.Debug:ExtractStackTraceNoAlloc (byte*,int,string)
UnityEngine.StackTraceUtility:ExtractStackTrace ()
UnityEngine.DebugLogHandler:Internal_Log (UnityEngine.LogType,UnityEngine.LogOption,string,UnityEngine.Object)
UnityEngine.DebugLogHandler:LogFormat (UnityEngine.LogType,UnityEngine.Object,string,object[])
UnityEngine.Logger:Log (UnityEngine.LogType,object)
UnityEngine.Debug:Log (object)
FLOBUK.StoreSimulator.EntrepreneurTreeProductUnlockAdapter:IsProductUnlocked (FLOBUK.StoreSimulator.ProductScriptableObject) (at Assets/Systems/EntrepreneurTree/EntrepreneurTreeProductUnlockAdapter.cs:97)
FLOBUK.StoreSimulator.EntrepreneurTreeGameplayBridge:IsProductUnlocked (FLOBUK.StoreSimulator.ProductScriptableObject) (at Assets/Systems/EntrepreneurTree/EntrepreneurTreeGameplayBridge.cs:49)
FLOBUK.StoreSimulator.UIShopItemProduct:Initialize (FLOBUK.StoreSimulator.PurchasableScriptableObject) (at Assets/StoreSimulator/Scripts/UIShopItemProduct.cs:48)
FLOBUK.StoreSimulator.UIShopCategory:InstantiateItem (FLOBUK.StoreSimulator.PurchasableScriptableObject) (at Assets/StoreSimulator/Scripts/UIShopCategory.cs:164)
FLOBUK.StoreSimulator.UIShopCategory:AddItems (int) (at Assets/StoreSimulator/Scripts/UIShopCategory.cs:111)
FLOBUK.StoreSimulator.UIShopCategory:Start () (at Assets/StoreSimulator/Scripts/UIShopCategory.cs:74)

(Filename: Assets/Systems/EntrepreneurTree/EntrepreneurTreeProductUnlockAdapter.cs Line: 97)

[EntrepreneurTree] Product locked: Detergente requires product_hygiene.
UnityEngine.Debug:ExtractStackTraceNoAlloc (byte*,int,string)
UnityEngine.StackTraceUtility:ExtractStackTrace ()
UnityEngine.DebugLogHandler:Internal_Log (UnityEngine.LogType,UnityEngine.LogOption,string,UnityEngine.Object)
UnityEngine.DebugLogHandler:LogFormat (UnityEngine.LogType,UnityEngine.Object,string,object[])
UnityEngine.Logger:Log (UnityEngine.LogType,object)
UnityEngine.Debug:Log (object)
FLOBUK.StoreSimulator.EntrepreneurTreeProductUnlockAdapter:IsProductUnlocked (FLOBUK.StoreSimulator.ProductScriptableObject) (at Assets/Systems/EntrepreneurTree/EntrepreneurTreeProductUnlockAdapter.cs:97)
FLOBUK.StoreSimulator.EntrepreneurTreeGameplayBridge:IsProductUnlocked (FLOBUK.StoreSimulator.ProductScriptableObject) (at Assets/Systems/EntrepreneurTree/EntrepreneurTreeGameplayBridge.cs:49)
FLOBUK.StoreSimulator.UIShopItemProduct:Initialize (FLOBUK.StoreSimulator.PurchasableScriptableObject) (at Assets/StoreSimulator/Scripts/UIShopItemProduct.cs:48)
FLOBUK.StoreSimulator.UIShopCategory:InstantiateItem (FLOBUK.StoreSimulator.PurchasableScriptableObject) (at Assets/StoreSimulator/Scripts/UIShopCategory.cs:164)
FLOBUK.StoreSimulator.UIShopCategory:AddItems (int) (at Assets/StoreSimulator/Scripts/UIShopCategory.cs:111)
FLOBUK.StoreSimulator.UIShopCategory:Start () (at Assets/StoreSimulator/Scripts/UIShopCategory.cs:74)

(Filename: Assets/Systems/EntrepreneurTree/EntrepreneurTreeProductUnlockAdapter.cs Line: 97)

[EntrepreneurTree] Product locked: Pasta de dientes requires product_hygiene.
UnityEngine.Debug:ExtractStackTraceNoAlloc (byte*,int,string)
UnityEngine.StackTraceUtility:ExtractStackTrace ()
UnityEngine.DebugLogHandler:Internal_Log (UnityEngine.LogType,UnityEngine.LogOption,string,UnityEngine.Object)
UnityEngine.DebugLogHandler:LogFormat (UnityEngine.LogType,UnityEngine.Object,string,object[])
UnityEngine.Logger:Log (UnityEngine.LogType,object)
UnityEngine.Debug:Log (object)
FLOBUK.StoreSimulator.EntrepreneurTreeProductUnlockAdapter:IsProductUnlocked (FLOBUK.StoreSimulator.ProductScriptableObject) (at Assets/Systems/EntrepreneurTree/EntrepreneurTreeProductUnlockAdapter.cs:97)
FLOBUK.StoreSimulator.EntrepreneurTreeGameplayBridge:IsProductUnlocked (FLOBUK.StoreSimulator.ProductScriptableObject) (at Assets/Systems/EntrepreneurTree/EntrepreneurTreeGameplayBridge.cs:49)
FLOBUK.StoreSimulator.UIShopItemProduct:Initialize (FLOBUK.StoreSimulator.PurchasableScriptableObject) (at Assets/StoreSimulator/Scripts/UIShopItemProduct.cs:48)
FLOBUK.StoreSimulator.UIShopCategory:InstantiateItem (FLOBUK.StoreSimulator.PurchasableScriptableObject) (at Assets/StoreSimulator/Scripts/UIShopCategory.cs:164)
FLOBUK.StoreSimulator.UIShopCategory:AddItems (int) (at Assets/StoreSimulator/Scripts/UIShopCategory.cs:111)
FLOBUK.StoreSimulator.UIShopCategory:Start () (at Assets/StoreSimulator/Scripts/UIShopCategory.cs:74)

(Filename: Assets/Systems/EntrepreneurTree/EntrepreneurTreeProductUnlockAdapter.cs Line: 97)

[EntrepreneurTree] Product locked: Res requires product_protein_1.
UnityEngine.Debug:ExtractStackTraceNoAlloc (byte*,int,string)
UnityEngine.StackTraceUtility:ExtractStackTrace ()
UnityEngine.DebugLogHandler:Internal_Log (UnityEngine.LogType,UnityEngine.LogOption,string,UnityEngine.Object)
UnityEngine.DebugLogHandler:LogFormat (UnityEngine.LogType,UnityEngine.Object,string,object[])
UnityEngine.Logger:Log (UnityEngine.LogType,object)
UnityEngine.Debug:Log (object)
FLOBUK.StoreSimulator.EntrepreneurTreeProductUnlockAdapter:IsProductUnlocked (FLOBUK.StoreSimulator.ProductScriptableObject) (at Assets/Systems/EntrepreneurTree/EntrepreneurTreeProductUnlockAdapter.cs:97)
FLOBUK.StoreSimulator.EntrepreneurTreeGameplayBridge:IsProductUnlocked (FLOBUK.StoreSimulator.ProductScriptableObject) (at Assets/Systems/EntrepreneurTree/EntrepreneurTreeGameplayBridge.cs:49)
FLOBUK.StoreSimulator.UIShopItemProduct:Initialize (FLOBUK.StoreSimulator.PurchasableScriptableObject) (at Assets/StoreSimulator/Scripts/UIShopItemProduct.cs:48)
FLOBUK.StoreSimulator.UIShopCategory:InstantiateItem (FLOBUK.StoreSimulator.PurchasableScriptableObject) (at Assets/StoreSimulator/Scripts/UIShopCategory.cs:164)
FLOBUK.StoreSimulator.UIShopCategory:AddItems (int) (at Assets/StoreSimulator/Scripts/UIShopCategory.cs:111)
FLOBUK.StoreSimulator.UIShopCategory:Start () (at Assets/StoreSimulator/Scripts/UIShopCategory.cs:74)

(Filename: Assets/Systems/EntrepreneurTree/EntrepreneurTreeProductUnlockAdapter.cs Line: 97)

[EntrepreneurTree] Product locked: Pollo requires product_protein_1.
UnityEngine.Debug:ExtractStackTraceNoAlloc (byte*,int,string)
UnityEngine.StackTraceUtility:ExtractStackTrace ()
UnityEngine.DebugLogHandler:Internal_Log (UnityEngine.LogType,UnityEngine.LogOption,string,UnityEngine.Object)
UnityEngine.DebugLogHandler:LogFormat (UnityEngine.LogType,UnityEngine.Object,string,object[])
UnityEngine.Logger:Log (UnityEngine.LogType,object)
UnityEngine.Debug:Log (object)
FLOBUK.StoreSimulator.EntrepreneurTreeProductUnlockAdapter:IsProductUnlocked (FLOBUK.StoreSimulator.ProductScriptableObject) (at Assets/Systems/EntrepreneurTree/EntrepreneurTreeProductUnlockAdapter.cs:97)
FLOBUK.StoreSimulator.EntrepreneurTreeGameplayBridge:IsProductUnlocked (FLOBUK.StoreSimulator.ProductScriptableObject) (at Assets/Systems/EntrepreneurTree/EntrepreneurTreeGameplayBridge.cs:49)
FLOBUK.StoreSimulator.UIShopItemProduct:Initialize (FLOBUK.StoreSimulator.PurchasableScriptableObject) (at Assets/StoreSimulator/Scripts/UIShopItemProduct.cs:48)
FLOBUK.StoreSimulator.UIShopCategory:InstantiateItem (FLOBUK.StoreSimulator.PurchasableScriptableObject) (at Assets/StoreSimulator/Scripts/UIShopCategory.cs:164)
FLOBUK.StoreSimulator.UIShopCategory:AddItems (int) (at Assets/StoreSimulator/Scripts/UIShopCategory.cs:111)
FLOBUK.StoreSimulator.UIShopCategory:Start () (at Assets/StoreSimulator/Scripts/UIShopCategory.cs:74)

(Filename: Assets/Systems/EntrepreneurTree/EntrepreneurTreeProductUnlockAdapter.cs Line: 97)

[EntrepreneurTree] Product locked: Cerdo requires product_protein_1.
UnityEngine.Debug:ExtractStackTraceNoAlloc (byte*,int,string)
UnityEngine.StackTraceUtility:ExtractStackTrace ()
UnityEngine.DebugLogHandler:Internal_Log (UnityEngine.LogType,UnityEngine.LogOption,string,UnityEngine.Object)
UnityEngine.DebugLogHandler:LogFormat (UnityEngine.LogType,UnityEngine.Object,string,object[])
UnityEngine.Logger:Log (UnityEngine.LogType,object)
UnityEngine.Debug:Log (object)
FLOBUK.StoreSimulator.EntrepreneurTreeProductUnlockAdapter:IsProductUnlocked (FLOBUK.StoreSimulator.ProductScriptableObject) (at Assets/Systems/EntrepreneurTree/EntrepreneurTreeProductUnlockAdapter.cs:97)
FLOBUK.StoreSimulator.EntrepreneurTreeGameplayBridge:IsProductUnlocked (FLOBUK.StoreSimulator.ProductScriptableObject) (at Assets/Systems/EntrepreneurTree/EntrepreneurTreeGameplayBridge.cs:49)
FLOBUK.StoreSimulator.UIShopItemProduct:Initialize (FLOBUK.StoreSimulator.PurchasableScriptableObject) (at Assets/StoreSimulator/Scripts/UIShopItemProduct.cs:48)
FLOBUK.StoreSimulator.UIShopCategory:InstantiateItem (FLOBUK.StoreSimulator.PurchasableScriptableObject) (at Assets/StoreSimulator/Scripts/UIShopCategory.cs:164)
FLOBUK.StoreSimulator.UIShopCategory:AddItems (int) (at Assets/StoreSimulator/Scripts/UIShopCategory.cs:111)
FLOBUK.StoreSimulator.UIShopCategory:Start () (at Assets/StoreSimulator/Scripts/UIShopCategory.cs:74)

(Filename: Assets/Systems/EntrepreneurTree/EntrepreneurTreeProductUnlockAdapter.cs Line: 97)

[EntrepreneurTree] Product locked: Pescado requires product_protein_1.
UnityEngine.Debug:ExtractStackTraceNoAlloc (byte*,int,string)
UnityEngine.StackTraceUtility:ExtractStackTrace ()
UnityEngine.DebugLogHandler:Internal_Log (UnityEngine.LogType,UnityEngine.LogOption,string,UnityEngine.Object)
UnityEngine.DebugLogHandler:LogFormat (UnityEngine.LogType,UnityEngine.Object,string,object[])
UnityEngine.Logger:Log (UnityEngine.LogType,object)
UnityEngine.Debug:Log (object)
FLOBUK.StoreSimulator.EntrepreneurTreeProductUnlockAdapter:IsProductUnlocked (FLOBUK.StoreSimulator.ProductScriptableObject) (at Assets/Systems/EntrepreneurTree/EntrepreneurTreeProductUnlockAdapter.cs:97)
FLOBUK.StoreSimulator.EntrepreneurTreeGameplayBridge:IsProductUnlocked (FLOBUK.StoreSimulator.ProductScriptableObject) (at Assets/Systems/EntrepreneurTree/EntrepreneurTreeGameplayBridge.cs:49)
FLOBUK.StoreSimulator.UIShopItemProduct:Initialize (FLOBUK.StoreSimulator.PurchasableScriptableObject) (at Assets/StoreSimulator/Scripts/UIShopItemProduct.cs:48)
FLOBUK.StoreSimulator.UIShopCategory:InstantiateItem (FLOBUK.StoreSimulator.PurchasableScriptableObject) (at Assets/StoreSimulator/Scripts/UIShopCategory.cs:164)
FLOBUK.StoreSimulator.UIShopCategory:AddItems (int) (at Assets/StoreSimulator/Scripts/UIShopCategory.cs:111)
FLOBUK.StoreSimulator.UIShopCategory:Start () (at Assets/StoreSimulator/Scripts/UIShopCategory.cs:74)

(Filename: Assets/Systems/EntrepreneurTree/EntrepreneurTreeProductUnlockAdapter.cs Line: 97)

[EntrepreneurTree] Product locked: Cola requires product_sodas.
UnityEngine.Debug:ExtractStackTraceNoAlloc (byte*,int,string)
UnityEngine.StackTraceUtility:ExtractStackTrace ()
UnityEngine.DebugLogHandler:Internal_Log (UnityEngine.LogType,UnityEngine.LogOption,string,UnityEngine.Object)
UnityEngine.DebugLogHandler:LogFormat (UnityEngine.LogType,UnityEngine.Object,string,object[])
UnityEngine.Logger:Log (UnityEngine.LogType,object)
UnityEngine.Debug:Log (object)
FLOBUK.StoreSimulator.EntrepreneurTreeProductUnlockAdapter:IsProductUnlocked (FLOBUK.StoreSimulator.ProductScriptableObject) (at Assets/Systems/EntrepreneurTree/EntrepreneurTreeProductUnlockAdapter.cs:97)
FLOBUK.StoreSimulator.EntrepreneurTreeGameplayBridge:IsProductUnlocked (FLOBUK.StoreSimulator.ProductScriptableObject) (at Assets/Systems/EntrepreneurTree/EntrepreneurTreeGameplayBridge.cs:49)
FLOBUK.StoreSimulator.UIShopItemProduct:Initialize (FLOBUK.StoreSimulator.PurchasableScriptableObject) (at Assets/StoreSimulator/Scripts/UIShopItemProduct.cs:48)
FLOBUK.StoreSimulator.UIShopCategory:InstantiateItem (FLOBUK.StoreSimulator.PurchasableScriptableObject) (at Assets/StoreSimulator/Scripts/UIShopCategory.cs:164)
FLOBUK.StoreSimulator.UIShopCategory:AddItems (int) (at Assets/StoreSimulator/Scripts/UIShopCategory.cs:111)
FLOBUK.StoreSimulator.UIShopCategory:Start () (at Assets/StoreSimulator/Scripts/UIShopCategory.cs:74)

(Filename: Assets/Systems/EntrepreneurTree/EntrepreneurTreeProductUnlockAdapter.cs Line: 97)

[EntrepreneurTree] Product locked: Cola sin azúcar requires product_sodas.
UnityEngine.Debug:ExtractStackTraceNoAlloc (byte*,int,string)
UnityEngine.StackTraceUtility:ExtractStackTrace ()
UnityEngine.DebugLogHandler:Internal_Log (UnityEngine.LogType,UnityEngine.LogOption,string,UnityEngine.Object)
UnityEngine.DebugLogHandler:LogFormat (UnityEngine.LogType,UnityEngine.Object,string,object[])
UnityEngine.Logger:Log (UnityEngine.LogType,object)
UnityEngine.Debug:Log (object)
FLOBUK.StoreSimulator.EntrepreneurTreeProductUnlockAdapter:IsProductUnlocked (FLOBUK.StoreSimulator.ProductScriptableObject) (at Assets/Systems/EntrepreneurTree/EntrepreneurTreeProductUnlockAdapter.cs:97)
FLOBUK.StoreSimulator.EntrepreneurTreeGameplayBridge:IsProductUnlocked (FLOBUK.StoreSimulator.ProductScriptableObject) (at Assets/Systems/EntrepreneurTree/EntrepreneurTreeGameplayBridge.cs:49)
FLOBUK.StoreSimulator.UIShopItemProduct:Initialize (FLOBUK.StoreSimulator.PurchasableScriptableObject) (at Assets/StoreSimulator/Scripts/UIShopItemProduct.cs:48)
FLOBUK.StoreSimulator.UIShopCategory:InstantiateItem (FLOBUK.StoreSimulator.PurchasableScriptableObject) (at Assets/StoreSimulator/Scripts/UIShopCategory.cs:164)
FLOBUK.StoreSimulator.UIShopCategory:AddItems (int) (at Assets/StoreSimulator/Scripts/UIShopCategory.cs:111)
FLOBUK.StoreSimulator.UIShopCategory:Start () (at Assets/StoreSimulator/Scripts/UIShopCategory.cs:74)

(Filename: Assets/Systems/EntrepreneurTree/EntrepreneurTreeProductUnlockAdapter.cs Line: 97)

[EntrepreneurTree] Product locked: Refresco de limón requires product_sodas.
UnityEngine.Debug:ExtractStackTraceNoAlloc (byte*,int,string)
UnityEngine.StackTraceUtility:ExtractStackTrace ()
UnityEngine.DebugLogHandler:Internal_Log (UnityEngine.LogType,UnityEngine.LogOption,string,UnityEngine.Object)
UnityEngine.DebugLogHandler:LogFormat (UnityEngine.LogType,UnityEngine.Object,string,object[])
UnityEngine.Logger:Log (UnityEngine.LogType,object)
UnityEngine.Debug:Log (object)
FLOBUK.StoreSimulator.EntrepreneurTreeProductUnlockAdapter:IsProductUnlocked (FLOBUK.StoreSimulator.ProductScriptableObject) (at Assets/Systems/EntrepreneurTree/EntrepreneurTreeProductUnlockAdapter.cs:97)
FLOBUK.StoreSimulator.EntrepreneurTreeGameplayBridge:IsProductUnlocked (FLOBUK.StoreSimulator.ProductScriptableObject) (at Assets/Systems/EntrepreneurTree/EntrepreneurTreeGameplayBridge.cs:49)
FLOBUK.StoreSimulator.UIShopItemProduct:Initialize (FLOBUK.StoreSimulator.PurchasableScriptableObject) (at Assets/StoreSimulator/Scripts/UIShopItemProduct.cs:48)
FLOBUK.StoreSimulator.UIShopCategory:InstantiateItem (FLOBUK.StoreSimulator.PurchasableScriptableObject) (at Assets/StoreSimulator/Scripts/UIShopCategory.cs:164)
FLOBUK.StoreSimulator.UIShopCategory:AddItems (int) (at Assets/StoreSimulator/Scripts/UIShopCategory.cs:111)
FLOBUK.StoreSimulator.UIShopCategory:Start () (at Assets/StoreSimulator/Scripts/UIShopCategory.cs:74)

(Filename: Assets/Systems/EntrepreneurTree/EntrepreneurTreeProductUnlockAdapter.cs Line: 97)

[EntrepreneurTree] Product locked: Trufa requires product_luxury_1.
UnityEngine.Debug:ExtractStackTraceNoAlloc (byte*,int,string)
UnityEngine.StackTraceUtility:ExtractStackTrace ()
UnityEngine.DebugLogHandler:Internal_Log (UnityEngine.LogType,UnityEngine.LogOption,string,UnityEngine.Object)
UnityEngine.DebugLogHandler:LogFormat (UnityEngine.LogType,UnityEngine.Object,string,object[])
UnityEngine.Logger:Log (UnityEngine.LogType,object)
UnityEngine.Debug:Log (object)
FLOBUK.StoreSimulator.EntrepreneurTreeProductUnlockAdapter:IsProductUnlocked (FLOBUK.StoreSimulator.ProductScriptableObject) (at Assets/Systems/EntrepreneurTree/EntrepreneurTreeProductUnlockAdapter.cs:97)
FLOBUK.StoreSimulator.EntrepreneurTreeGameplayBridge:IsProductUnlocked (FLOBUK.StoreSimulator.ProductScriptableObject) (at Assets/Systems/EntrepreneurTree/EntrepreneurTreeGameplayBridge.cs:49)
FLOBUK.StoreSimulator.UIShopItemProduct:Initialize (FLOBUK.StoreSimulator.PurchasableScriptableObject) (at Assets/StoreSimulator/Scripts/UIShopItemProduct.cs:48)
FLOBUK.StoreSimulator.UIShopCategory:InstantiateItem (FLOBUK.StoreSimulator.PurchasableScriptableObject) (at Assets/StoreSimulator/Scripts/UIShopCategory.cs:164)
FLOBUK.StoreSimulator.UIShopCategory:AddItems (int) (at Assets/StoreSimulator/Scripts/UIShopCategory.cs:111)
FLOBUK.StoreSimulator.UIShopCategory:Start () (at Assets/StoreSimulator/Scripts/UIShopCategory.cs:74)

(Filename: Assets/Systems/EntrepreneurTree/EntrepreneurTreeProductUnlockAdapter.cs Line: 97)

[EntrepreneurTree] Product locked: Chocolate importado requires product_luxury_1.
UnityEngine.Debug:ExtractStackTraceNoAlloc (byte*,int,string)
UnityEngine.StackTraceUtility:ExtractStackTrace ()
UnityEngine.DebugLogHandler:Internal_Log (UnityEngine.LogType,UnityEngine.LogOption,string,UnityEngine.Object)
UnityEngine.DebugLogHandler:LogFormat (UnityEngine.LogType,UnityEngine.Object,string,object[])
UnityEngine.Logger:Log (UnityEngine.LogType,object)
UnityEngine.Debug:Log (object)
FLOBUK.StoreSimulator.EntrepreneurTreeProductUnlockAdapter:IsProductUnlocked (FLOBUK.StoreSimulator.ProductScriptableObject) (at Assets/Systems/EntrepreneurTree/EntrepreneurTreeProductUnlockAdapter.cs:97)
FLOBUK.StoreSimulator.EntrepreneurTreeGameplayBridge:IsProductUnlocked (FLOBUK.StoreSimulator.ProductScriptableObject) (at Assets/Systems/EntrepreneurTree/EntrepreneurTreeGameplayBridge.cs:49)
FLOBUK.StoreSimulator.UIShopItemProduct:Initialize (FLOBUK.StoreSimulator.PurchasableScriptableObject) (at Assets/StoreSimulator/Scripts/UIShopItemProduct.cs:48)
FLOBUK.StoreSimulator.UIShopCategory:InstantiateItem (FLOBUK.StoreSimulator.PurchasableScriptableObject) (at Assets/StoreSimulator/Scripts/UIShopCategory.cs:164)
FLOBUK.StoreSimulator.UIShopCategory:AddItems (int) (at Assets/StoreSimulator/Scripts/UIShopCategory.cs:111)
FLOBUK.StoreSimulator.UIShopCategory:Start () (at Assets/StoreSimulator/Scripts/UIShopCategory.cs:74)

(Filename: Assets/Systems/EntrepreneurTree/EntrepreneurTreeProductUnlockAdapter.cs Line: 97)

[EntrepreneurTree] Product locked: Caviar requires product_luxury_1.
UnityEngine.Debug:ExtractStackTraceNoAlloc (byte*,int,string)
UnityEngine.StackTraceUtility:ExtractStackTrace ()
UnityEngine.DebugLogHandler:Internal_Log (UnityEngine.LogType,UnityEngine.LogOption,string,UnityEngine.Object)
UnityEngine.DebugLogHandler:LogFormat (UnityEngine.LogType,UnityEngine.Object,string,object[])
UnityEngine.Logger:Log (UnityEngine.LogType,object)
UnityEngine.Debug:Log (object)
FLOBUK.StoreSimulator.EntrepreneurTreeProductUnlockAdapter:IsProductUnlocked (FLOBUK.StoreSimulator.ProductScriptableObject) (at Assets/Systems/EntrepreneurTree/EntrepreneurTreeProductUnlockAdapter.cs:97)
FLOBUK.StoreSimulator.EntrepreneurTreeGameplayBridge:IsProductUnlocked (FLOBUK.StoreSimulator.ProductScriptableObject) (at Assets/Systems/EntrepreneurTree/EntrepreneurTreeGameplayBridge.cs:49)
FLOBUK.StoreSimulator.UIShopItemProduct:Initialize (FLOBUK.StoreSimulator.PurchasableScriptableObject) (at Assets/StoreSimulator/Scripts/UIShopItemProduct.cs:48)
FLOBUK.StoreSimulator.UIShopCategory:InstantiateItem (FLOBUK.StoreSimulator.PurchasableScriptableObject) (at Assets/StoreSimulator/Scripts/UIShopCategory.cs:164)
FLOBUK.StoreSimulator.UIShopCategory:AddItems (int) (at Assets/StoreSimulator/Scripts/UIShopCategory.cs:111)
FLOBUK.StoreSimulator.UIShopCategory:Start () (at Assets/StoreSimulator/Scripts/UIShopCategory.cs:74)

(Filename: Assets/Systems/EntrepreneurTree/EntrepreneurTreeProductUnlockAdapter.cs Line: 97)

[EntrepreneurTree] Product locked: Refrigerador requires product_appliances_1.
UnityEngine.Debug:ExtractStackTraceNoAlloc (byte*,int,string)
UnityEngine.StackTraceUtility:ExtractStackTrace ()
UnityEngine.DebugLogHandler:Internal_Log (UnityEngine.LogType,UnityEngine.LogOption,string,UnityEngine.Object)
UnityEngine.DebugLogHandler:LogFormat (UnityEngine.LogType,UnityEngine.Object,string,object[])
UnityEngine.Logger:Log (UnityEngine.LogType,object)
UnityEngine.Debug:Log (object)
FLOBUK.StoreSimulator.EntrepreneurTreeProductUnlockAdapter:IsProductUnlocked (FLOBUK.StoreSimulator.ProductScriptableObject) (at Assets/Systems/EntrepreneurTree/EntrepreneurTreeProductUnlockAdapter.cs:97)
FLOBUK.StoreSimulator.EntrepreneurTreeGameplayBridge:IsProductUnlocked (FLOBUK.StoreSimulator.ProductScriptableObject) (at Assets/Systems/EntrepreneurTree/EntrepreneurTreeGameplayBridge.cs:49)
FLOBUK.StoreSimulator.UIShopItemProduct:Initialize (FLOBUK.StoreSimulator.PurchasableScriptableObject) (at Assets/StoreSimulator/Scripts/UIShopItemProduct.cs:48)
FLOBUK.StoreSimulator.UIShopCategory:InstantiateItem (FLOBUK.StoreSimulator.PurchasableScriptableObject) (at Assets/StoreSimulator/Scripts/UIShopCategory.cs:164)
FLOBUK.StoreSimulator.UIShopCategory:AddItems (int) (at Assets/StoreSimulator/Scripts/UIShopCategory.cs:111)
FLOBUK.StoreSimulator.UIShopCategory:Start () (at Assets/StoreSimulator/Scripts/UIShopCategory.cs:74)

(Filename: Assets/Systems/EntrepreneurTree/EntrepreneurTreeProductUnlockAdapter.cs Line: 97)

[EntrepreneurTree] Product locked: Microondas requires product_appliances_1.
UnityEngine.Debug:ExtractStackTraceNoAlloc (byte*,int,string)
UnityEngine.StackTraceUtility:ExtractStackTrace ()
UnityEngine.DebugLogHandler:Internal_Log (UnityEngine.LogType,UnityEngine.LogOption,string,UnityEngine.Object)
UnityEngine.DebugLogHandler:LogFormat (UnityEngine.LogType,UnityEngine.Object,string,object[])
UnityEngine.Logger:Log (UnityEngine.LogType,object)
UnityEngine.Debug:Log (object)
FLOBUK.StoreSimulator.EntrepreneurTreeProductUnlockAdapter:IsProductUnlocked (FLOBUK.StoreSimulator.ProductScriptableObject) (at Assets/Systems/EntrepreneurTree/EntrepreneurTreeProductUnlockAdapter.cs:97)
FLOBUK.StoreSimulator.EntrepreneurTreeGameplayBridge:IsProductUnlocked (FLOBUK.StoreSimulator.ProductScriptableObject) (at Assets/Systems/EntrepreneurTree/EntrepreneurTreeGameplayBridge.cs:49)
FLOBUK.StoreSimulator.UIShopItemProduct:Initialize (FLOBUK.StoreSimulator.PurchasableScriptableObject) (at Assets/StoreSimulator/Scripts/UIShopItemProduct.cs:48)
FLOBUK.StoreSimulator.UIShopCategory:InstantiateItem (FLOBUK.StoreSimulator.PurchasableScriptableObject) (at Assets/StoreSimulator/Scripts/UIShopCategory.cs:164)
FLOBUK.StoreSimulator.UIShopCategory:AddItems (int) (at Assets/StoreSimulator/Scripts/UIShopCategory.cs:111)
FLOBUK.StoreSimulator.UIShopCategory:Start () (at Assets/StoreSimulator/Scripts/UIShopCategory.cs:74)

(Filename: Assets/Systems/EntrepreneurTree/EntrepreneurTreeProductUnlockAdapter.cs Line: 97)

[EntrepreneurTree] Product locked: Horno requires product_appliances_1.
UnityEngine.Debug:ExtractStackTraceNoAlloc (byte*,int,string)
UnityEngine.StackTraceUtility:ExtractStackTrace ()
UnityEngine.DebugLogHandler:Internal_Log (UnityEngine.LogType,UnityEngine.LogOption,string,UnityEngine.Object)
UnityEngine.DebugLogHandler:LogFormat (UnityEngine.LogType,UnityEngine.Object,string,object[])
UnityEngine.Logger:Log (UnityEngine.LogType,object)
UnityEngine.Debug:Log (object)
FLOBUK.StoreSimulator.EntrepreneurTreeProductUnlockAdapter:IsProductUnlocked (FLOBUK.StoreSimulator.ProductScriptableObject) (at Assets/Systems/EntrepreneurTree/EntrepreneurTreeProductUnlockAdapter.cs:97)
FLOBUK.StoreSimulator.EntrepreneurTreeGameplayBridge:IsProductUnlocked (FLOBUK.StoreSimulator.ProductScriptableObject) (at Assets/Systems/EntrepreneurTree/EntrepreneurTreeGameplayBridge.cs:49)
FLOBUK.StoreSimulator.UIShopItemProduct:Initialize (FLOBUK.StoreSimulator.PurchasableScriptableObject) (at Assets/StoreSimulator/Scripts/UIShopItemProduct.cs:48)
FLOBUK.StoreSimulator.UIShopCategory:InstantiateItem (FLOBUK.StoreSimulator.PurchasableScriptableObject) (at Assets/StoreSimulator/Scripts/UIShopCategory.cs:164)
FLOBUK.StoreSimulator.UIShopCategory:AddItems (int) (at Assets/StoreSimulator/Scripts/UIShopCategory.cs:111)
FLOBUK.StoreSimulator.UIShopCategory:Start () (at Assets/StoreSimulator/Scripts/UIShopCategory.cs:74)

(Filename: Assets/Systems/EntrepreneurTree/EntrepreneurTreeProductUnlockAdapter.cs Line: 97)

[EntrepreneurTree] Product locked: Licuadora requires product_appliances_1.
UnityEngine.Debug:ExtractStackTraceNoAlloc (byte*,int,string)
UnityEngine.StackTraceUtility:ExtractStackTrace ()
UnityEngine.DebugLogHandler:Internal_Log (UnityEngine.LogType,UnityEngine.LogOption,string,UnityEngine.Object)
UnityEngine.DebugLogHandler:LogFormat (UnityEngine.LogType,UnityEngine.Object,string,object[])
UnityEngine.Logger:Log (UnityEngine.LogType,object)
UnityEngine.Debug:Log (object)
FLOBUK.StoreSimulator.EntrepreneurTreeProductUnlockAdapter:IsProductUnlocked (FLOBUK.StoreSimulator.ProductScriptableObject) (at Assets/Systems/EntrepreneurTree/EntrepreneurTreeProductUnlockAdapter.cs:97)
FLOBUK.StoreSimulator.EntrepreneurTreeGameplayBridge:IsProductUnlocked (FLOBUK.StoreSimulator.ProductScriptableObject) (at Assets/Systems/EntrepreneurTree/EntrepreneurTreeGameplayBridge.cs:49)
FLOBUK.StoreSimulator.UIShopItemProduct:Initialize (FLOBUK.StoreSimulator.PurchasableScriptableObject) (at Assets/StoreSimulator/Scripts/UIShopItemProduct.cs:48)
FLOBUK.StoreSimulator.UIShopCategory:InstantiateItem (FLOBUK.StoreSimulator.PurchasableScriptableObject) (at Assets/StoreSimulator/Scripts/UIShopCategory.cs:164)
FLOBUK.StoreSimulator.UIShopCategory:AddItems (int) (at Assets/StoreSimulator/Scripts/UIShopCategory.cs:111)
FLOBUK.StoreSimulator.UIShopCategory:Start () (at Assets/StoreSimulator/Scripts/UIShopCategory.cs:74)

(Filename: Assets/Systems/EntrepreneurTree/EntrepreneurTreeProductUnlockAdapter.cs Line: 97)

[Security] Security level refreshed from tree: 0 / 0%
UnityEngine.Debug:ExtractStackTraceNoAlloc (byte*,int,string)
UnityEngine.StackTraceUtility:ExtractStackTrace ()
UnityEngine.DebugLogHandler:Internal_Log (UnityEngine.LogType,UnityEngine.LogOption,string,UnityEngine.Object)
UnityEngine.DebugLogHandler:LogFormat (UnityEngine.LogType,UnityEngine.Object,string,object[])
UnityEngine.Logger:Log (UnityEngine.LogType,object)
UnityEngine.Debug:Log (object)
FLOBUK.StoreSimulator.EntrepreneurTreeSecurityAdapter:RecalculateFromTree () (at Assets/Systems/EntrepreneurTree/EntrepreneurTreeSecurityAdapter.cs:180)
FLOBUK.StoreSimulator.EntrepreneurTreeSecurityAdapter:Start () (at Assets/Systems/EntrepreneurTree/EntrepreneurTreeSecurityAdapter.cs:47)

(Filename: Assets/Systems/EntrepreneurTree/EntrepreneurTreeSecurityAdapter.cs Line: 180)

[ShelfSlots] Scene scan: 4 placement(s) registered.
UnityEngine.Debug:ExtractStackTraceNoAlloc (byte*,int,string)
UnityEngine.StackTraceUtility:ExtractStackTrace ()
UnityEngine.DebugLogHandler:Internal_Log (UnityEngine.LogType,UnityEngine.LogOption,string,UnityEngine.Object)
UnityEngine.DebugLogHandler:LogFormat (UnityEngine.LogType,UnityEngine.Object,string,object[])
UnityEngine.Logger:Log (UnityEngine.LogType,object)
UnityEngine.Debug:Log (object)
FLOBUK.StoreSimulator.ShelfProductSlotSystem:ScanScene () (at Assets/Systems/Inventory/ShelfProductSlotSystem.cs:105)
FLOBUK.StoreSimulator.ShelfProductSlotSystem:Start () (at Assets/Systems/Inventory/ShelfProductSlotSystem.cs:82)

(Filename: Assets/Systems/Inventory/ShelfProductSlotSystem.cs Line: 105)

[ShelfLabelBoot] Attached ShelfProductInfoLabel to 4 placement(s).
UnityEngine.Debug:ExtractStackTraceNoAlloc (byte*,int,string)
UnityEngine.StackTraceUtility:ExtractStackTrace ()
UnityEngine.DebugLogHandler:Internal_Log (UnityEngine.LogType,UnityEngine.LogOption,string,UnityEngine.Object)
UnityEngine.DebugLogHandler:LogFormat (UnityEngine.LogType,UnityEngine.Object,string,object[])
UnityEngine.Logger:Log (UnityEngine.LogType,object)
UnityEngine.Debug:Log (object)
FLOBUK.StoreSimulator.ShelfProductInfoLabelBootstrap:AttachLabels () (at Assets/Systems/Inventory/ShelfProductInfoLabelBootstrap.cs:62)
FLOBUK.StoreSimulator.ShelfProductInfoLabelBootstrap:Start () (at Assets/Systems/Inventory/ShelfProductInfoLabelBootstrap.cs:31)

(Filename: Assets/Systems/Inventory/ShelfProductInfoLabelBootstrap.cs Line: 62)

[EmployeeNPC] AutoDiscover: EmployeeSpawnPoint found via path 'WarehouseZone/EmployeeSpawnPoint'.
UnityEngine.Debug:ExtractStackTraceNoAlloc (byte*,int,string)
UnityEngine.StackTraceUtility:ExtractStackTrace ()
UnityEngine.DebugLogHandler:Internal_Log (UnityEngine.LogType,UnityEngine.LogOption,string,UnityEngine.Object)
UnityEngine.DebugLogHandler:LogFormat (UnityEngine.LogType,UnityEngine.Object,string,object[])
UnityEngine.Logger:Log (UnityEngine.LogType,object)
UnityEngine.Debug:Log (object)
FLOBUK.StoreSimulator.EmployeeNPCSpawner:AutoDiscoverEmployeeSpawnPoint () (at Assets/Systems/EntrepreneurTree/EmployeeNPCSpawner.cs:145)
FLOBUK.StoreSimulator.EmployeeNPCSpawner:Start () (at Assets/Systems/EntrepreneurTree/EmployeeNPCSpawner.cs:88)

(Filename: Assets/Systems/EntrepreneurTree/EmployeeNPCSpawner.cs Line: 145)

[EmployeeNPC] Using 5 customer prefab(s) from CustomerSystem for employee NPC spawning.
UnityEngine.Debug:ExtractStackTraceNoAlloc (byte*,int,string)
UnityEngine.StackTraceUtility:ExtractStackTrace ()
UnityEngine.DebugLogHandler:Internal_Log (UnityEngine.LogType,UnityEngine.LogOption,string,UnityEngine.Object)
UnityEngine.DebugLogHandler:LogFormat (UnityEngine.LogType,UnityEngine.Object,string,object[])
UnityEngine.Logger:Log (UnityEngine.LogType,object)
UnityEngine.Debug:Log (object)
FLOBUK.StoreSimulator.EmployeeNPCSpawner:AutoDiscoverCustomerPrefabs () (at Assets/Systems/EntrepreneurTree/EmployeeNPCSpawner.cs:190)
FLOBUK.StoreSimulator.EmployeeNPCSpawner:Start () (at Assets/Systems/EntrepreneurTree/EmployeeNPCSpawner.cs:92)

(Filename: Assets/Systems/EntrepreneurTree/EmployeeNPCSpawner.cs Line: 190)

[WorkstationReg] Created 2 fallback workstation(s).
UnityEngine.Debug:ExtractStackTraceNoAlloc (byte*,int,string)
UnityEngine.StackTraceUtility:ExtractStackTrace ()
UnityEngine.DebugLogHandler:Internal_Log (UnityEngine.LogType,UnityEngine.LogOption,string,UnityEngine.Object)
UnityEngine.DebugLogHandler:LogFormat (UnityEngine.LogType,UnityEngine.Object,string,object[])
UnityEngine.Logger:Log (UnityEngine.LogType,object)
UnityEngine.Debug:Log (object)
FLOBUK.StoreSimulator.EmployeeWorkstationRegistry:EnsureFallbackCashierStations () (at Assets/Systems/EntrepreneurTree/EmployeeWorkstationRegistry.cs:330)
FLOBUK.StoreSimulator.EmployeeWorkstationRegistry:Start () (at Assets/Systems/EntrepreneurTree/EmployeeWorkstationRegistry.cs:72)

(Filename: Assets/Systems/EntrepreneurTree/EmployeeWorkstationRegistry.cs Line: 330)

[WarehouseZone] EmployeeNPCSpawner already has employeeSpawnPoint assigned: 'EmployeeSpawnPoint'.
UnityEngine.Debug:ExtractStackTraceNoAlloc (byte*,int,string)
UnityEngine.StackTraceUtility:ExtractStackTrace ()
UnityEngine.DebugLogHandler:Internal_Log (UnityEngine.LogType,UnityEngine.LogOption,string,UnityEngine.Object)
UnityEngine.DebugLogHandler:LogFormat (UnityEngine.LogType,UnityEngine.Object,string,object[])
UnityEngine.Logger:Log (UnityEngine.LogType,object)
UnityEngine.Debug:Log (object)
FLOBUK.StoreSimulator.WarehouseZoneBootstrap:AssignEmployeeSpawnPoint () (at Assets/Systems/EntrepreneurTree/WarehouseZoneBootstrap.cs:195)
FLOBUK.StoreSimulator.WarehouseZoneBootstrap:Start () (at Assets/Systems/EntrepreneurTree/WarehouseZoneBootstrap.cs:64)

(Filename: Assets/Systems/EntrepreneurTree/WarehouseZoneBootstrap.cs Line: 195)

Asset Pipeline Refresh (id=a2cff129fa9031c419d3b41bf2dcf09f): Total: 0.077 seconds - Initiated by RefreshV2(NoUpdateAssetOptions)
Launched and connected shader compiler UnityShaderCompiler.exe after 0.02 seconds
[MODES] ModeService[none].Initialize
[MODES] ModeService[none].LoadModes
Created GICache directory at C:/Users/ijuan/AppData/LocalLow/Unity/Caches/GiCache. Took: 0.034s, timestamps: [23.229 - 23.263]
[EntrepreneurTree] Focused default node: product_basic_1.
UnityEngine.Debug:ExtractStackTraceNoAlloc (byte*,int,string)
UnityEngine.StackTraceUtility:ExtractStackTrace ()
UnityEngine.DebugLogHandler:Internal_Log (UnityEngine.LogType,UnityEngine.LogOption,string,UnityEngine.Object)
UnityEngine.DebugLogHandler:LogFormat (UnityEngine.LogType,UnityEngine.Object,string,object[])
UnityEngine.Logger:Log (UnityEngine.LogType,object)
UnityEngine.Debug:Log (object)
FLOBUK.StoreSimulator.UpgradesUIController:FocusDefaultNode () (at Assets/UI/Computer/Upgrades/UpgradesUIController.cs:830)
FLOBUK.StoreSimulator.UpgradesUIController:ShowTreeView () (at Assets/UI/Computer/Upgrades/UpgradesUIController.cs:965)
UnityEngine.Events.InvokableCall:Invoke ()
UnityEngine.Events.UnityEvent:Invoke ()
FLOBUK.StoreSimulator.Editor.ShopMasterEntrepreneurTreeExactAuditCore:OpenTree () (at Assets/StoreSimulator/Editor/ShopMasterEntrepreneurTreeExactAuditRunners.cs:119)
FLOBUK.StoreSimulator.Editor.ShopMasterEntrepreneurTreeExactAuditCore:OnUpdate () (at Assets/StoreSimulator/Editor/ShopMasterEntrepreneurTreeExactAuditRunners.cs:75)
UnityEditor.EditorApplication:Internal_CallUpdateFunctions ()

(Filename: Assets/UI/Computer/Upgrades/UpgradesUIController.cs Line: 830)

Unloading 5 Unused Serialized files (Serialized files now loaded: 0)
Loaded scene 'Temp/__Backupscenes/0.backup'
	Deserialize:            34.214 ms
	Integration:            348.618 ms
	Integration of assets:  0.033 ms
	Thread Wait Time:       -0.004 ms
	Total Operation Time:   382.861 ms
Unloading 20 unused Assets / (88.1 KB). Loaded Objects now: 14300.
Memory consumption went from 232.4 MB to 232.3 MB.
Total: 24.189500 ms (FindLiveObjects: 2.727600 ms CreateObjectMapping: 1.396200 ms MarkObjects: 19.754400 ms  DeleteObjects: 0.307000 ms)

[UnityConnectServicesConfig] config is NOT valid, switching to default
Request timed out while processing request "https://public-cdn.cloud.unity3d.com/config/production", HTTP error code 0
.[UnityConnect] Request timed out.
[Physics::Module] Cleanup current backned.
[Physics::Module] Id: 0xf2b8ea05
Input System module state changed to: ShutdownInProgress.
Input System polling thread exited.
Input System module state changed to: Shutdown.
[Licensing::IpcConnector] License Notification channel disconnected successfully.
[Licensing::IpcConnector] License Client channel disconnected successfully.
AcceleratorClientConnectionCallback - disconnected - :0
Cleanup mono
Checking for leaked weakptr:
  Found no leaked weakptrs.
[Package Manager] Server process was shutdown
##utp:{"type":"MemoryLeaks","version":2,"phase":"Immediate","time":1780557073441,"processId":4952,"allocatedMemory":15092448,"memoryLabels":[{"Default":26077},{"Permanent":15356},{"NewDelete":83657},{"Thread":4230384},{"Manager":817146},{"VertexData":296},{"Geometry":816},{"Texture":160},{"Shader":78795},{"Material":24},{"GfxDevice":55352},{"Animation":328},{"Audio":4040},{"FontEngine":256},{"Physics":929},{"Serialization":968},{"Input":14824},{"JobScheduler":38552},{"TextLib":32},{"Mono":32},{"ScriptingNativeRuntime":155060},{"BaseObject":1619920},{"Resource":1304},{"Renderer":2928},{"Transform":4646},{"File":3933},{"WebCam":752},{"Culling":32},{"Terrain":11394},{"Wind":24},{"STL":40},{"String":16230},{"DynamicArray":124593},{"HashMap":102333},{"Utility":2664222},{"Curl":48},{"PoolAlloc":1960},{"AI":104},{"TypeTree":5005},{"ScriptManager":512},{"RuntimeInitializeOnLoadManager":64},{"SpriteAtlas":112},{"GI":7928},{"Director":8240},{"CloudService":8504},{"WebRequest":848},{"VR":45961},{"SceneManager":496},{"Video":64},{"LazyScriptCache":32},{"NativeArray":8},{"Camera":17},{"Secure":1},{"SerializationCache":1576},{"APIUpdating":10320},{"Subsystems":336},{"VirtualTexturing":57888},{"StaticSafetyDebugInfo":278528},{"Analytics":912},{"Hierarchy":272},{"Gui":80},{"EditorUtility":57819},{"VersionControl":4},{"Undo":912},{"AssetDatabase":4473240},{"EditorGi":360},{"UnityConnect":24208},{"Upm":1996},{"DrivenProperties":72},{"LocalIPC":260},{"ProfilerEditor":9738},{"CoreBusinessMetrics":14676},{"Licensing":3848},{"AssetReference":32},{"IPCStream":32}]}
